<?xml version="1.0" encoding="utf-8"?>
<COLLADA xmlns="http://www.collada.org/2005/11/COLLADASchema" version="1.4.1" xmlns:xsi="http://www.w3.org/2001/XMLSchema-instance">
  <asset>
    <contributor>
      <author>Blender User</author>
      <authoring_tool>Blender 3.4.1 commit date:2022-12-19, commit time:17:00, hash:55485cb379f7</authoring_tool>
    </contributor>
    <created>2026-03-23T21:42:35</created>
    <modified>2026-03-23T21:42:35</modified>
    <unit name="meter" meter="1"/>
    <up_axis>Z_UP</up_axis>
  </asset>
  <library_effects>
    <effect id="Mat01_002-effect">
      <profile_COMMON>
        <newparam sid="EasterEgg_Diverse01_png_005-surface">
          <surface type="2D">
            <init_from>EasterEgg_Diverse01_png_005</init_from>
          </surface>
        </newparam>
        <newparam sid="EasterEgg_Diverse01_png_005-sampler">
          <sampler2D>
            <source>EasterEgg_Diverse01_png_005-surface</source>
          </sampler2D>
        </newparam>
        <technique sid="common">
          <lambert>
            <emission>
              <color sid="emission">0 0 0 1</color>
            </emission>
            <diffuse>
              <texture texture="EasterEgg_Diverse01_png_005-sampler" texcoord="UVMap"/>
            </diffuse>
            <index_of_refraction>
              <float sid="ior">1.45</float>
            </index_of_refraction>
          </lambert>
        </technique>
      </profile_COMMON>
    </effect>
    <effect id="Mat02_002-effect">
      <profile_COMMON>
        <newparam sid="EasterEgg_Diverse02_png_005-surface">
          <surface type="2D">
            <init_from>EasterEgg_Diverse02_png_005</init_from>
          </surface>
        </newparam>
        <newparam sid="EasterEgg_Diverse02_png_005-sampler">
          <sampler2D>
            <source>EasterEgg_Diverse02_png_005-surface</source>
          </sampler2D>
        </newparam>
        <technique sid="common">
          <lambert>
            <emission>
              <color sid="emission">0 0 0 1</color>
            </emission>
            <diffuse>
              <texture texture="EasterEgg_Diverse02_png_005-sampler" texcoord="UVMap"/>
            </diffuse>
            <index_of_refraction>
              <float sid="ior">1.45</float>
            </index_of_refraction>
          </lambert>
        </technique>
      </profile_COMMON>
    </effect>
    <effect id="Mat03_002-effect">
      <profile_COMMON>
        <newparam sid="EasterEgg_Diverse03_png_005-surface">
          <surface type="2D">
            <init_from>EasterEgg_Diverse03_png_005</init_from>
          </surface>
        </newparam>
        <newparam sid="EasterEgg_Diverse03_png_005-sampler">
          <sampler2D>
            <source>EasterEgg_Diverse03_png_005-surface</source>
          </sampler2D>
        </newparam>
        <technique sid="common">
          <lambert>
            <emission>
              <color sid="emission">0 0 0 1</color>
            </emission>
            <diffuse>
              <texture texture="EasterEgg_Diverse03_png_005-sampler" texcoord="UVMap"/>
            </diffuse>
            <index_of_refraction>
              <float sid="ior">1.45</float>
            </index_of_refraction>
          </lambert>
        </technique>
      </profile_COMMON>
    </effect>
    <effect id="Mat04_002-effect">
      <profile_COMMON>
        <newparam sid="EasterEgg_Diverse04_png_006-surface">
          <surface type="2D">
            <init_from>EasterEgg_Diverse04_png_006</init_from>
          </surface>
        </newparam>
        <newparam sid="EasterEgg_Diverse04_png_006-sampler">
          <sampler2D>
            <source>EasterEgg_Diverse04_png_006-surface</source>
          </sampler2D>
        </newparam>
        <technique sid="common">
          <lambert>
            <emission>
              <color sid="emission">0 0 0 1</color>
            </emission>
            <diffuse>
              <texture texture="EasterEgg_Diverse04_png_006-sampler" texcoord="UVMap"/>
            </diffuse>
            <index_of_refraction>
              <float sid="ior">1.45</float>
            </index_of_refraction>
          </lambert>
        </technique>
      </profile_COMMON>
    </effect>
    <effect id="Mat05_002-effect">
      <profile_COMMON>
        <newparam sid="EasterEgg_Diverse05_png_005-surface">
          <surface type="2D">
            <init_from>EasterEgg_Diverse05_png_005</init_from>
          </surface>
        </newparam>
        <newparam sid="EasterEgg_Diverse05_png_005-sampler">
          <sampler2D>
            <source>EasterEgg_Diverse05_png_005-surface</source>
          </sampler2D>
        </newparam>
        <technique sid="common">
          <lambert>
            <emission>
              <color sid="emission">0 0 0 1</color>
            </emission>
            <diffuse>
              <texture texture="EasterEgg_Diverse05_png_005-sampler" texcoord="UVMap"/>
            </diffuse>
            <index_of_refraction>
              <float sid="ior">1.45</float>
            </index_of_refraction>
          </lambert>
        </technique>
      </profile_COMMON>
    </effect>
    <effect id="Mat06_002-effect">
      <profile_COMMON>
        <newparam sid="EasterEgg_Diverse06_png_005-surface">
          <surface type="2D">
            <init_from>EasterEgg_Diverse06_png_005</init_from>
          </surface>
        </newparam>
        <newparam sid="EasterEgg_Diverse06_png_005-sampler">
          <sampler2D>
            <source>EasterEgg_Diverse06_png_005-surface</source>
          </sampler2D>
        </newparam>
        <technique sid="common">
          <lambert>
            <emission>
              <color sid="emission">0 0 0 1</color>
            </emission>
            <diffuse>
              <texture texture="EasterEgg_Diverse06_png_005-sampler" texcoord="UVMap"/>
            </diffuse>
            <index_of_refraction>
              <float sid="ior">1.45</float>
            </index_of_refraction>
          </lambert>
        </technique>
      </profile_COMMON>
    </effect>
    <effect id="Mat07_002-effect">
      <profile_COMMON>
        <newparam sid="EasterEgg_Diverse07_png_005-surface">
          <surface type="2D">
            <init_from>EasterEgg_Diverse07_png_005</init_from>
          </surface>
        </newparam>
        <newparam sid="EasterEgg_Diverse07_png_005-sampler">
          <sampler2D>
            <source>EasterEgg_Diverse07_png_005-surface</source>
          </sampler2D>
        </newparam>
        <technique sid="common">
          <lambert>
            <emission>
              <color sid="emission">0 0 0 1</color>
            </emission>
            <diffuse>
              <texture texture="EasterEgg_Diverse07_png_005-sampler" texcoord="UVMap"/>
            </diffuse>
            <index_of_refraction>
              <float sid="ior">1.45</float>
            </index_of_refraction>
          </lambert>
        </technique>
      </profile_COMMON>
    </effect>
    <effect id="Mat08_002-effect">
      <profile_COMMON>
        <newparam sid="EasterEgg_Diverse08_png_006-surface">
          <surface type="2D">
            <init_from>EasterEgg_Diverse08_png_006</init_from>
          </surface>
        </newparam>
        <newparam sid="EasterEgg_Diverse08_png_006-sampler">
          <sampler2D>
            <source>EasterEgg_Diverse08_png_006-surface</source>
          </sampler2D>
        </newparam>
        <technique sid="common">
          <lambert>
            <emission>
              <color sid="emission">0 0 0 1</color>
            </emission>
            <diffuse>
              <texture texture="EasterEgg_Diverse08_png_006-sampler" texcoord="UVMap"/>
            </diffuse>
            <index_of_refraction>
              <float sid="ior">1.45</float>
            </index_of_refraction>
          </lambert>
        </technique>
      </profile_COMMON>
    </effect>
    <effect id="Mat09_002-effect">
      <profile_COMMON>
        <newparam sid="EasterEgg_Diverse09_png_006-surface">
          <surface type="2D">
            <init_from>EasterEgg_Diverse09_png_006</init_from>
          </surface>
        </newparam>
        <newparam sid="EasterEgg_Diverse09_png_006-sampler">
          <sampler2D>
            <source>EasterEgg_Diverse09_png_006-surface</source>
          </sampler2D>
        </newparam>
        <technique sid="common">
          <lambert>
            <emission>
              <color sid="emission">0 0 0 1</color>
            </emission>
            <diffuse>
              <texture texture="EasterEgg_Diverse09_png_006-sampler" texcoord="UVMap"/>
            </diffuse>
            <index_of_refraction>
              <float sid="ior">1.45</float>
            </index_of_refraction>
          </lambert>
        </technique>
      </profile_COMMON>
    </effect>
    <effect id="Mat10_002-effect">
      <profile_COMMON>
        <newparam sid="EasterEgg_Diverse10_png_005-surface">
          <surface type="2D">
            <init_from>EasterEgg_Diverse10_png_005</init_from>
          </surface>
        </newparam>
        <newparam sid="EasterEgg_Diverse10_png_005-sampler">
          <sampler2D>
            <source>EasterEgg_Diverse10_png_005-surface</source>
          </sampler2D>
        </newparam>
        <technique sid="common">
          <lambert>
            <emission>
              <color sid="emission">0 0 0 1</color>
            </emission>
            <diffuse>
              <texture texture="EasterEgg_Diverse10_png_005-sampler" texcoord="UVMap"/>
            </diffuse>
            <index_of_refraction>
              <float sid="ior">1.45</float>
            </index_of_refraction>
          </lambert>
        </technique>
      </profile_COMMON>
    </effect>
    <effect id="egg01-effect">
      <profile_COMMON>
        <newparam sid="EasterEgg_Diverse01_png-surface">
          <surface type="2D">
            <init_from>EasterEgg_Diverse01_png</init_from>
          </surface>
        </newparam>
        <newparam sid="EasterEgg_Diverse01_png-sampler">
          <sampler2D>
            <source>EasterEgg_Diverse01_png-surface</source>
          </sampler2D>
        </newparam>
        <technique sid="common">
          <lambert>
            <emission>
              <color sid="emission">0 0 0 1</color>
            </emission>
            <diffuse>
              <texture texture="EasterEgg_Diverse01_png-sampler" texcoord="UVMap"/>
            </diffuse>
            <index_of_refraction>
              <float sid="ior">1.45</float>
            </index_of_refraction>
          </lambert>
        </technique>
      </profile_COMMON>
    </effect>
    <effect id="egg02-effect">
      <profile_COMMON>
        <newparam sid="EasterEgg_Diverse02_png-surface">
          <surface type="2D">
            <init_from>EasterEgg_Diverse02_png</init_from>
          </surface>
        </newparam>
        <newparam sid="EasterEgg_Diverse02_png-sampler">
          <sampler2D>
            <source>EasterEgg_Diverse02_png-surface</source>
          </sampler2D>
        </newparam>
        <technique sid="common">
          <lambert>
            <emission>
              <color sid="emission">0 0 0 1</color>
            </emission>
            <diffuse>
              <texture texture="EasterEgg_Diverse02_png-sampler" texcoord="UVMap"/>
            </diffuse>
            <index_of_refraction>
              <float sid="ior">1.45</float>
            </index_of_refraction>
          </lambert>
        </technique>
      </profile_COMMON>
    </effect>
    <effect id="egg03-effect">
      <profile_COMMON>
        <newparam sid="EasterEgg_Diverse03_png-surface">
          <surface type="2D">
            <init_from>EasterEgg_Diverse03_png</init_from>
          </surface>
        </newparam>
        <newparam sid="EasterEgg_Diverse03_png-sampler">
          <sampler2D>
            <source>EasterEgg_Diverse03_png-surface</source>
          </sampler2D>
        </newparam>
        <technique sid="common">
          <lambert>
            <emission>
              <color sid="emission">0 0 0 1</color>
            </emission>
            <diffuse>
              <texture texture="EasterEgg_Diverse03_png-sampler" texcoord="UVMap"/>
            </diffuse>
            <index_of_refraction>
              <float sid="ior">1.45</float>
            </index_of_refraction>
          </lambert>
        </technique>
      </profile_COMMON>
    </effect>
    <effect id="egg04-effect">
      <profile_COMMON>
        <newparam sid="EasterEgg_Diverse04_png_001-surface">
          <surface type="2D">
            <init_from>EasterEgg_Diverse04_png_001</init_from>
          </surface>
        </newparam>
        <newparam sid="EasterEgg_Diverse04_png_001-sampler">
          <sampler2D>
            <source>EasterEgg_Diverse04_png_001-surface</source>
          </sampler2D>
        </newparam>
        <technique sid="common">
          <lambert>
            <emission>
              <color sid="emission">0 0 0 1</color>
            </emission>
            <diffuse>
              <texture texture="EasterEgg_Diverse04_png_001-sampler" texcoord="UVMap"/>
            </diffuse>
            <index_of_refraction>
              <float sid="ior">1.45</float>
            </index_of_refraction>
          </lambert>
        </technique>
      </profile_COMMON>
    </effect>
    <effect id="egg05-effect">
      <profile_COMMON>
        <newparam sid="EasterEgg_Diverse05_png-surface">
          <surface type="2D">
            <init_from>EasterEgg_Diverse05_png</init_from>
          </surface>
        </newparam>
        <newparam sid="EasterEgg_Diverse05_png-sampler">
          <sampler2D>
            <source>EasterEgg_Diverse05_png-surface</source>
          </sampler2D>
        </newparam>
        <technique sid="common">
          <lambert>
            <emission>
              <color sid="emission">0 0 0 1</color>
            </emission>
            <diffuse>
              <texture texture="EasterEgg_Diverse05_png-sampler" texcoord="UVMap"/>
            </diffuse>
            <index_of_refraction>
              <float sid="ior">1.45</float>
            </index_of_refraction>
          </lambert>
        </technique>
      </profile_COMMON>
    </effect>
    <effect id="egg06-effect">
      <profile_COMMON>
        <newparam sid="EasterEgg_Diverse06_png-surface">
          <surface type="2D">
            <init_from>EasterEgg_Diverse06_png</init_from>
          </surface>
        </newparam>
        <newparam sid="EasterEgg_Diverse06_png-sampler">
          <sampler2D>
            <source>EasterEgg_Diverse06_png-surface</source>
          </sampler2D>
        </newparam>
        <technique sid="common">
          <lambert>
            <emission>
              <color sid="emission">0 0 0 1</color>
            </emission>
            <diffuse>
              <texture texture="EasterEgg_Diverse06_png-sampler" texcoord="UVMap"/>
            </diffuse>
            <index_of_refraction>
              <float sid="ior">1.45</float>
            </index_of_refraction>
          </lambert>
        </technique>
      </profile_COMMON>
    </effect>
    <effect id="egg07-effect">
      <profile_COMMON>
        <newparam sid="EasterEgg_Diverse07_png-surface">
          <surface type="2D">
            <init_from>EasterEgg_Diverse07_png</init_from>
          </surface>
        </newparam>
        <newparam sid="EasterEgg_Diverse07_png-sampler">
          <sampler2D>
            <source>EasterEgg_Diverse07_png-surface</source>
          </sampler2D>
        </newparam>
        <technique sid="common">
          <lambert>
            <emission>
              <color sid="emission">0 0 0 1</color>
            </emission>
            <diffuse>
              <texture texture="EasterEgg_Diverse07_png-sampler" texcoord="UVMap"/>
            </diffuse>
            <index_of_refraction>
              <float sid="ior">1.45</float>
            </index_of_refraction>
          </lambert>
        </technique>
      </profile_COMMON>
    </effect>
    <effect id="egg08-effect">
      <profile_COMMON>
        <newparam sid="EasterEgg_Diverse08_png_001-surface">
          <surface type="2D">
            <init_from>EasterEgg_Diverse08_png_001</init_from>
          </surface>
        </newparam>
        <newparam sid="EasterEgg_Diverse08_png_001-sampler">
          <sampler2D>
            <source>EasterEgg_Diverse08_png_001-surface</source>
          </sampler2D>
        </newparam>
        <technique sid="common">
          <lambert>
            <emission>
              <color sid="emission">0 0 0 1</color>
            </emission>
            <diffuse>
              <texture texture="EasterEgg_Diverse08_png_001-sampler" texcoord="UVMap"/>
            </diffuse>
            <index_of_refraction>
              <float sid="ior">1.45</float>
            </index_of_refraction>
          </lambert>
        </technique>
      </profile_COMMON>
    </effect>
    <effect id="egg09-effect">
      <profile_COMMON>
        <newparam sid="EasterEgg_Diverse09_png_001-surface">
          <surface type="2D">
            <init_from>EasterEgg_Diverse09_png_001</init_from>
          </surface>
        </newparam>
        <newparam sid="EasterEgg_Diverse09_png_001-sampler">
          <sampler2D>
            <source>EasterEgg_Diverse09_png_001-surface</source>
          </sampler2D>
        </newparam>
        <technique sid="common">
          <lambert>
            <emission>
              <color sid="emission">0 0 0 1</color>
            </emission>
            <diffuse>
              <texture texture="EasterEgg_Diverse09_png_001-sampler" texcoord="UVMap"/>
            </diffuse>
            <index_of_refraction>
              <float sid="ior">1.45</float>
            </index_of_refraction>
          </lambert>
        </technique>
      </profile_COMMON>
    </effect>
    <effect id="egg10-effect">
      <profile_COMMON>
        <newparam sid="EasterEgg_Diverse10_png-surface">
          <surface type="2D">
            <init_from>EasterEgg_Diverse10_png</init_from>
          </surface>
        </newparam>
        <newparam sid="EasterEgg_Diverse10_png-sampler">
          <sampler2D>
            <source>EasterEgg_Diverse10_png-surface</source>
          </sampler2D>
        </newparam>
        <technique sid="common">
          <lambert>
            <emission>
              <color sid="emission">0 0 0 1</color>
            </emission>
            <diffuse>
              <texture texture="EasterEgg_Diverse10_png-sampler" texcoord="UVMap"/>
            </diffuse>
            <index_of_refraction>
              <float sid="ior">1.45</float>
            </index_of_refraction>
          </lambert>
        </technique>
      </profile_COMMON>
    </effect>
  </library_effects>
  <library_images>
    <image id="EasterEgg_Diverse01_png" name="EasterEgg_Diverse01_png">
      <init_from>EasterEgg_Diverse01.png</init_from>
    </image>
    <image id="EasterEgg_Diverse01_png_005" name="EasterEgg_Diverse01_png_005">
      <init_from>EasterEgg_Diverse01.png.005.png</init_from>
    </image>
    <image id="EasterEgg_Diverse02_png" name="EasterEgg_Diverse02_png">
      <init_from>EasterEgg_Diverse02.png</init_from>
    </image>
    <image id="EasterEgg_Diverse02_png_005" name="EasterEgg_Diverse02_png_005">
      <init_from>EasterEgg_Diverse02.png.005.png</init_from>
    </image>
    <image id="EasterEgg_Diverse03_png" name="EasterEgg_Diverse03_png">
      <init_from>EasterEgg_Diverse03.png</init_from>
    </image>
    <image id="EasterEgg_Diverse03_png_005" name="EasterEgg_Diverse03_png_005">
      <init_from>EasterEgg_Diverse03.png.005.png</init_from>
    </image>
    <image id="EasterEgg_Diverse04_png_001" name="EasterEgg_Diverse04_png_001">
      <init_from>EasterEgg_Diverse04.png.001.png</init_from>
    </image>
    <image id="EasterEgg_Diverse04_png_006" name="EasterEgg_Diverse04_png_006">
      <init_from>EasterEgg_Diverse04.png.006.png</init_from>
    </image>
    <image id="EasterEgg_Diverse05_png" name="EasterEgg_Diverse05_png">
      <init_from>EasterEgg_Diverse05.png</init_from>
    </image>
    <image id="EasterEgg_Diverse05_png_005" name="EasterEgg_Diverse05_png_005">
      <init_from>EasterEgg_Diverse05.png.005.png</init_from>
    </image>
    <image id="EasterEgg_Diverse06_png" name="EasterEgg_Diverse06_png">
      <init_from>EasterEgg_Diverse06.png</init_from>
    </image>
    <image id="EasterEgg_Diverse06_png_005" name="EasterEgg_Diverse06_png_005">
      <init_from>EasterEgg_Diverse06.png.005.png</init_from>
    </image>
    <image id="EasterEgg_Diverse07_png" name="EasterEgg_Diverse07_png">
      <init_from>EasterEgg_Diverse07.png</init_from>
    </image>
    <image id="EasterEgg_Diverse07_png_005" name="EasterEgg_Diverse07_png_005">
      <init_from>EasterEgg_Diverse07.png.005.png</init_from>
    </image>
    <image id="EasterEgg_Diverse08_png_001" name="EasterEgg_Diverse08_png_001">
      <init_from>EasterEgg_Diverse08.png.001.png</init_from>
    </image>
    <image id="EasterEgg_Diverse08_png_006" name="EasterEgg_Diverse08_png_006">
      <init_from>EasterEgg_Diverse08.png.006.png</init_from>
    </image>
    <image id="EasterEgg_Diverse09_png_001" name="EasterEgg_Diverse09_png_001">
      <init_from>EasterEgg_Diverse09.png.001.png</init_from>
    </image>
    <image id="EasterEgg_Diverse09_png_006" name="EasterEgg_Diverse09_png_006">
      <init_from>EasterEgg_Diverse09.png.006.png</init_from>
    </image>
    <image id="EasterEgg_Diverse10_png" name="EasterEgg_Diverse10_png">
      <init_from>EasterEgg_Diverse10.png</init_from>
    </image>
    <image id="EasterEgg_Diverse10_png_005" name="EasterEgg_Diverse10_png_005">
      <init_from>EasterEgg_Diverse10.png.005.png</init_from>
    </image>
  </library_images>
  <library_materials>
    <material id="Mat01_002-material" name="Mat01.002">
      <instance_effect url="#Mat01_002-effect"/>
    </material>
    <material id="Mat02_002-material" name="Mat02.002">
      <instance_effect url="#Mat02_002-effect"/>
    </material>
    <material id="Mat03_002-material" name="Mat03.002">
      <instance_effect url="#Mat03_002-effect"/>
    </material>
    <material id="Mat04_002-material" name="Mat04.002">
      <instance_effect url="#Mat04_002-effect"/>
    </material>
    <material id="Mat05_002-material" name="Mat05.002">
      <instance_effect url="#Mat05_002-effect"/>
    </material>
    <material id="Mat06_002-material" name="Mat06.002">
      <instance_effect url="#Mat06_002-effect"/>
    </material>
    <material id="Mat07_002-material" name="Mat07.002">
      <instance_effect url="#Mat07_002-effect"/>
    </material>
    <material id="Mat08_002-material" name="Mat08.002">
      <instance_effect url="#Mat08_002-effect"/>
    </material>
    <material id="Mat09_002-material" name="Mat09.002">
      <instance_effect url="#Mat09_002-effect"/>
    </material>
    <material id="Mat10_002-material" name="Mat10.002">
      <instance_effect url="#Mat10_002-effect"/>
    </material>
    <material id="egg01-material" name="egg01">
      <instance_effect url="#egg01-effect"/>
    </material>
    <material id="egg02-material" name="egg02">
      <instance_effect url="#egg02-effect"/>
    </material>
    <material id="egg03-material" name="egg03">
      <instance_effect url="#egg03-effect"/>
    </material>
    <material id="egg04-material" name="egg04">
      <instance_effect url="#egg04-effect"/>
    </material>
    <material id="egg05-material" name="egg05">
      <instance_effect url="#egg05-effect"/>
    </material>
    <material id="egg06-material" name="egg06">
      <instance_effect url="#egg06-effect"/>
    </material>
    <material id="egg07-material" name="egg07">
      <instance_effect url="#egg07-effect"/>
    </material>
    <material id="egg08-material" name="egg08">
      <instance_effect url="#egg08-effect"/>
    </material>
    <material id="egg09-material" name="egg09">
      <instance_effect url="#egg09-effect"/>
    </material>
    <material id="egg10-material" name="egg10">
      <instance_effect url="#egg10-effect"/>
    </material>
  </library_materials>
  <library_geometries>
    <geometry id="Sphere_002-mesh" name="Sphere.002">
      <mesh>
        <source id="Sphere_002-mesh-positions">
          <float_array id="Sphere_002-mesh-positions-array" count="1446">0 0.1950926 1.44171 0 0.3826857 1.330513 0 0.5555725 1.160005 0 0.707109 0.9439254 0 0.8314719 0.6964489 0 0.923882 0.4313639 0 0.9807878 0.1614038 0 0.8314722 -0.7716553 0 0.707109 -0.9357245 0 0.5555725 -1.064971 0.03806012 0.1913442 1.44171 0.07465773 0.3753328 1.330513 0.1083862 0.5448976 1.160005 0.1379496 0.6935225 0.9439254 0.1622115 0.8154955 0.6964489 0.1802398 0.9061298 0.4313639 0.1913416 0.9619422 0.1614038 0.1950902 0.9807878 -0.1022467 0.1913416 0.9619422 -0.35025 0.1802399 0.9061298 -0.5752207 0.1622115 0.8154955 -0.7716553 0.1379496 0.6935225 -0.9357245 0.1083862 0.5448976 -1.064971 0.07465773 0.3753328 -1.158059 0.03806012 0.1913442 -1.214964 0.07465773 0.1802425 1.44171 0.1464465 0.3535557 1.330513 0.2126075 0.5132823 1.160005 0.2705979 0.6532841 0.9439254 0.3181895 0.7681799 0.696449 0.3535533 0.8535557 0.4313639 0.3753302 0.9061298 0.1614038 0.3826833 0.923882 -0.1022467 0.3753302 0.9061298 -0.3502501 0.3535533 0.8535559 -0.5752207 0.3181896 0.7681804 -0.7716553 0.2705979 0.6532841 -0.9357245 0.2126074 0.5132823 -1.064971 0.1464465 0.3535557 -1.158059 0.07465773 0.1802425 -1.214964 0.1083863 0.1622142 1.44171 0.2126075 0.318192 1.330513 0.3086582 0.4619422 1.160005 0.3928474 0.5879402 0.9439254 0.4619396 0.6913438 0.696449 0.5132799 0.7681804 0.4313639 0.544895 0.8154955 0.1614038 0.5555701 0.8314719 -0.1022467 0.544895 0.8154955 -0.3502501 0.5132799 0.7681804 -0.5752207 0.4619397 0.6913443 -0.7716553 0.3928474 0.5879402 -0.9357245 0.3086582 0.4619422 -1.064971 0.2126075 0.318192 -1.158059 0.1083863 0.1622142 -1.214964 0.1379496 0.1379523 1.44171 0.270598 0.2706003 1.330513 0.3928474 0.3928499 1.160005 0.4999998 0.5000024 0.9439254 0.5879376 0.5879402 0.6964491 0.6532813 0.6532836 0.4313639 0.6935198 0.6935225 0.1614038 0.7071067 0.707109 -0.1022467 0.6935198 0.6935225 -0.35025 0.6532815 0.6532841 -0.5752207 0.5879377 0.5879402 -0.7716553 0.4999998 0.5000024 -0.9357245 0.3928474 0.3928499 -1.064971 0.270598 0.2706003 -1.158059 0.1379496 0.1379518 -1.214964 0.1622116 0.1083889 1.44171 0.3181896 0.2126097 1.330513 0.4619397 0.3086605 1.160005 0.5879377 0.3928499 0.9439254 0.6913415 0.4619422 0.696449 0.7681776 0.5132823 0.4313639 0.815493 0.5448976 0.1614038 0.8314694 0.5555725 -0.1022467 0.815493 0.5448976 -0.35025 0.7681778 0.5132823 -0.5752207 0.6913416 0.4619422 -0.7716553 0.5879377 0.3928499 -0.9357245 0.4619396 0.3086605 -1.064971 0.3181896 0.2126097 -1.158059 0.1622116 0.1083889 -1.214964 0.1802399 0.0746603 1.44171 0.3535534 0.146449 1.330513 0.5132799 0.2126097 1.160005 0.6532813 0.2706003 0.9439256 0.7681775 0.318192 0.6964491 0.8535532 0.3535557 0.4313639 0.9061272 0.3753324 0.1614038 0.9238793 0.3826857 -0.1022466 0.9061272 0.3753324 -0.35025 0.8535534 0.3535557 -0.5752207 0.7681776 0.318192 -0.7716552 0.6532813 0.2706003 -0.9357245 0.5132799 0.2126097 -1.064971 0.3535534 0.146449 -1.158059 0.1802399 0.0746603 -1.214964 0.1913416 0.03806257 1.44171 0.3753303 0.0746603 1.330513 0.5448949 0.1083889 1.160005 0.6935198 0.1379518 0.9439256 0.8154929 0.1622138 0.6964491 0.9061272 0.1802425 0.4313639 0.9619395 0.1913442 0.1614038 0.980785 0.1950926 -0.1022466 0.9619395 0.1913442 -0.35025 0.9061274 0.180242 -0.5752207 0.8154929 0.1622138 -0.7716552 0.6935198 0.1379518 -0.9357245 0.5448949 0.1083889 -1.064971 0.3753303 0.0746603 -1.158059 0.1913416 0.03806257 -1.214964 0.1950902 2.38419e-6 1.44171 0.3826834 2.38419e-6 1.330513 0.55557 2.38419e-6 1.160005 0.7071066 2.38419e-6 0.9439256 0.8314693 2.38419e-6 0.6964491 0.9238793 2.38419e-6 0.431364 0.980785 2.38419e-6 0.1614038 0.9999996 2.38419e-6 -0.1022466 0.980785 2.38419e-6 -0.35025 0.9238795 2.38419e-6 -0.5752207 0.8314694 2.38419e-6 -0.7716552 0.7071066 2.38419e-6 -0.9357245 0.55557 2.38419e-6 -1.064971 0.3826835 2.38419e-6 -1.158059 0.1950902 2.38419e-6 -1.214964 0.1913416 -0.0380578 1.44171 0.3753302 -0.07465553 1.330513 0.5448949 -0.1083841 1.160005 0.6935197 -0.137947 0.9439256 0.8154928 -0.1622095 0.6964491 0.9061272 -0.1802372 0.431364 0.9619395 -0.1913394 0.1614039 0.9807848 -0.1950879 -0.1022465 0.9619395 -0.1913394 -0.35025 0.9061273 -0.1802377 -0.5752207 0.8154929 -0.1622095 -0.7716552 0.6935197 -0.137947 -0.9357245 0.5448949 -0.1083841 -1.064971 0.3753303 -0.07465553 -1.158059 0.1913416 -0.0380578 -1.214964 0.1802399 -0.07465553 1.44171 0.3535534 -0.1464443 1.330513 0.5132797 -0.2126049 1.160005 0.6532813 -0.2705956 0.9439256 0.7681774 -0.3181872 0.6964491 0.8535531 -0.3535509 0.431364 0.9061271 -0.3753281 0.1614039 0.923879 -0.3826809 -0.1022465 0.9061271 -0.3753281 -0.35025 0.8535532 -0.3535509 -0.5752207 0.7681775 -0.3181872 -0.7716552 0.6532813 -0.2705956 -0.9357245 0.5132797 -0.2126049 -1.064971 0.3535534 -0.1464443 -1.158059 0.1802399 -0.07465553 -1.214964 0.1622115 -0.1083841 1.44171 0.3181896 -0.2126054 1.330513 0.4619395 -0.3086557 1.160005 0.5879376 -0.3928452 0.9439256 0.6913414 -0.4619374 0.6964491 0.7681775 -0.5132775 0.431364 0.8154928 -0.5448928 0.1614039 0.831469 -0.5555678 -0.1022465 0.8154928 -0.5448928 -0.35025 0.7681776 -0.5132775 -0.5752207 0.6913414 -0.4619374 -0.7716552 0.5879376 -0.3928452 -0.9357245 0.4619395 -0.3086557 -1.064971 0.3181896 -0.2126054 -1.158059 0.1622115 -0.1083841 -1.214964 0.1379496 -0.1379475 1.44171 0.2705979 -0.270596 1.330513 0.3928472 -0.3928452 1.160005 0.4999998 -0.4999976 0.9439256 0.5879374 -0.587935 0.6964492 0.6532812 -0.6532788 0.431364 0.6935196 -0.6935172 0.161404 0.7071061 -0.7071042 -0.1022465 0.6935196 -0.6935172 -0.35025 0.6532813 -0.6532793 -0.5752206 0.5879375 -0.5879355 -0.7716552 0.4999998 -0.4999976 -0.9357245 0.3928472 -0.3928452 -1.064971 0.270598 -0.270596 -1.158059 0.1379495 -0.1379475 -1.214964 0.1083862 -0.1622095 1.44171 0.2126074 -0.3181872 1.330514 0.308658 -0.4619374 1.160005 0.3928473 -0.5879355 0.9439256 0.4619395 -0.691339 0.6964492 0.5132797 -0.7681751 0.431364 0.5448948 -0.8154907 0.161404 0.5555696 -0.8314672 -0.1022465 0.5448948 -0.8154907 -0.3502499 0.5132797 -0.7681756 -0.5752206 0.4619395 -0.691339 -0.7716552 0.3928473 -0.5879355 -0.9357245 0.308658 -0.4619374 -1.064971 0.2126075 -0.3181872 -1.158059 0.1083862 -0.1622095 -1.214964 0.07465767 -0.1802377 1.44171 0.1464465 -0.3535509 1.330514 0.2126073 -0.5132775 1.160005 0.2705979 -0.6532788 0.9439256 0.3181894 -0.7681751 0.6964492 0.3535532 -0.8535509 0.431364 0.3753299 -0.9061246 0.161404 0.3826829 -0.9238768 -0.1022465 0.3753299 -0.9061246 -0.3502499 0.3535531 -0.8535509 -0.5752206 0.3181894 -0.7681751 -0.7716552 0.2705979 -0.6532788 -0.9357245 0.2126073 -0.5132775 -1.064971 0.1464465 -0.3535509 -1.158059 0.07465767 -0.1802377 -1.214964 0.03806006 -0.1913394 1.44171 0.07465767 -0.3753281 1.330514 0.1083862 -0.5448928 1.160005 0.1379496 -0.6935172 0.9439256 0.1622115 -0.8154903 0.6964492 0.1802398 -0.9061246 0.431364 0.1913414 -0.961937 0.161404 0.1950898 -0.9807825 -0.1022465 0.1913414 -0.961937 -0.3502499 0.1802397 -0.9061251 -0.5752206 0.1622114 -0.8154903 -0.7716552 0.1379496 -0.6935172 -0.9357245 0.1083862 -0.5448928 -1.064971 0.07465773 -0.3753281 -1.158059 0.03806006 -0.1913394 -1.214964 0 -0.1950879 1.44171 -1.45286e-7 -0.3826814 1.330514 -1.82539e-7 -0.5555678 1.160005 0 -0.7071042 0.9439256 -1.30385e-7 -0.8314667 0.6964492 0 -0.9238768 0.4313641 -1.8999e-7 -0.9807825 0.161404 -3.83705e-7 -0.9999971 -0.1022465 -1.8999e-7 -0.9807825 -0.3502499 -2.34693e-7 -0.9238772 -0.5752206 -1.60187e-7 -0.8314672 -0.7716552 0 -0.7071042 -0.9357245 -1.82539e-7 -0.5555678 -1.064971 0 -0.3826814 -1.158059 -1.19209e-7 -0.1950879 -1.214964 -0.0380603 -0.1913394 1.44171 -0.07465797 -0.3753281 1.330514 -0.1083865 -0.5448928 1.160005 -0.1379497 -0.6935172 0.9439256 -0.1622117 -0.8154903 0.6964492 -0.18024 -0.9061246 0.4313641 -0.1913418 -0.961937 0.161404 -0.1950905 -0.980782 -0.1022465 -0.1913418 -0.961937 -0.3502499 -0.1802401 -0.9061251 -0.5752206 -0.1622117 -0.8154903 -0.7716552 -0.1379497 -0.6935172 -0.9357245 -0.1083865 -0.5448928 -1.064971 -0.07465791 -0.3753281 -1.158059 -0.0380603 -0.1913394 -1.214964 -0.07465791 -0.1802377 1.44171 -0.1464467 -0.3535509 1.330514 -0.2126076 -0.5132775 1.160005 -0.2705981 -0.6532788 0.9439258 -0.3181896 -0.7681751 0.6964492 -0.3535534 -0.8535509 0.4313641 -0.3753303 -0.9061246 0.1614041 -0.3826835 -0.9238763 -0.1022464 -0.3753303 -0.9061246 -0.3502499 -0.3535535 -0.8535509 -0.5752206 -0.3181896 -0.7681751 -0.7716552 -0.2705981 -0.6532788 -0.9357245 -0.2126076 -0.5132775 -1.064971 -0.1464467 -0.3535509 -1.158059 -0.07465791 -0.1802377 -1.214964 -0.1083865 -0.1622095 1.44171 -0.2126076 -0.3181872 1.330514 -0.3086583 -0.461937 1.160005 -0.3928474 -0.5879355 0.9439258 -0.4619396 -0.691339 0.6964493 -0.5132799 -0.7681751 0.4313641 -0.5448951 -0.8154903 0.1614041 -0.5555702 -0.8314662 -0.1022464 -0.5448951 -0.8154903 -0.3502499 -0.5132801 -0.7681751 -0.5752206 -0.4619396 -0.691339 -0.7716552 -0.3928474 -0.5879355 -0.9357245 -0.3086583 -0.461937 -1.064971 -0.2126076 -0.3181872 -1.158059 -0.1083865 -0.1622095 -1.214964 -0.1379498 -0.1379475 1.44171 -0.2705982 -0.2705956 1.330514 -0.3928474 -0.3928447 1.160005 -0.4999999 -0.4999976 0.9439258 -0.5879376 -0.587935 0.6964493 -0.6532814 -0.6532788 0.4313641 -0.6935198 -0.6935172 0.1614041 -0.7071066 -0.7071037 -0.1022464 -0.6935198 -0.6935172 -0.3502499 -0.6532816 -0.6532788 -0.5752206 -0.5879377 -0.587935 -0.7716552 -0.4999999 -0.4999976 -0.9357245 -0.3928474 -0.3928447 -1.064971 -0.2705982 -0.2705956 -1.158059 -0.1379497 -0.137947 -1.214964 -0.1622117 -0.1083841 1.44171 -0.3181897 -0.2126049 1.330514 -0.4619396 -0.3086557 1.160005 -0.5879377 -0.3928452 0.9439258 -0.6913415 -0.4619374 0.6964492 -0.7681776 -0.5132775 0.4313641 -0.8154929 -0.5448923 0.1614041 -0.8314692 -0.5555673 -0.1022464 -0.8154929 -0.5448923 -0.3502499 -0.7681778 -0.5132775 -0.5752206 -0.6913415 -0.4619374 -0.7716552 -0.5879377 -0.3928452 -0.9357245 -0.4619396 -0.3086557 -1.064971 -0.3181897 -0.2126049 -1.158059 -0.1622117 -0.1083841 -1.214964 -1.9744e-7 2.38419e-6 1.481186 -0.18024 -0.07465553 1.44171 -0.3535535 -0.1464443 1.330514 -0.5132798 -0.2126049 1.160005 -0.6532814 -0.2705956 0.9439258 -0.7681775 -0.3181872 0.6964493 -0.8535532 -0.3535509 0.4313641 -0.9061272 -0.3753276 0.1614041 -0.923879 -0.3826804 -0.1022464 -0.9061272 -0.3753276 -0.3502499 -0.8535534 -0.3535509 -0.5752206 -0.7681775 -0.3181872 -0.7716552 -0.6532814 -0.2705956 -0.9357245 -0.5132798 -0.2126049 -1.064971 -0.3535534 -0.1464443 -1.158059 -0.18024 -0.07465553 -1.214964 -0.1913418 -0.0380578 1.44171 -0.3753303 -0.07465553 1.330514 -0.5448949 -0.1083836 1.160005 -0.6935198 -0.137947 0.9439258 -0.8154929 -0.162209 0.6964492 -0.9061273 -0.1802372 0.4313641 -0.9619394 -0.191339 0.1614041 -0.9807845 -0.1950874 -0.1022463 -0.9619394 -0.191339 -0.3502499 -0.9061274 -0.1802372 -0.5752206 -0.8154929 -0.162209 -0.7716552 -0.6935198 -0.137947 -0.9357245 -0.5448949 -0.1083836 -1.064971 -0.3753303 -0.07465553 -1.158059 -0.1913417 -0.0380578 -1.214964 -0.1950904 2.38419e-6 1.44171 -0.3826835 2.38419e-6 1.330514 -0.55557 2.38419e-6 1.160005 -0.7071067 2.38419e-6 0.9439258 -0.8314693 2.38419e-6 0.6964492 -0.9238793 2.38419e-6 0.4313641 -0.9807849 2.38419e-6 0.1614041 -0.9999992 2.86102e-6 -0.1022463 -0.9807849 2.38419e-6 -0.3502499 -0.9238795 2.38419e-6 -0.5752206 -0.8314693 2.38419e-6 -0.7716552 -0.7071067 2.38419e-6 -0.9357245 -0.55557 2.38419e-6 -1.064971 -0.3826834 2.38419e-6 -1.158059 -0.1950903 2.38419e-6 -1.214964 -0.1913418 0.03806257 1.44171 -0.3753303 0.0746603 1.330514 -0.5448949 0.1083889 1.160005 -0.6935198 0.1379518 0.9439258 -0.8154928 0.1622138 0.6964493 -0.9061272 0.1802425 0.4313641 -0.9619393 0.1913442 0.1614041 -0.9807844 0.1950931 -0.1022463 -0.9619393 0.1913442 -0.3502499 -0.9061273 0.1802425 -0.5752206 -0.8154928 0.1622138 -0.7716552 -0.6935198 0.1379518 -0.9357245 -0.5448949 0.1083889 -1.064971 -0.3753302 0.0746603 -1.158059 -0.1913417 0.03806257 -1.214964 -0.18024 0.0746603 1.44171 -0.3535534 0.146449 1.330514 -0.5132797 0.2126097 1.160005 -0.6532813 0.2706003 0.9439258 -0.7681775 0.318192 0.6964492 -0.8535532 0.3535557 0.4313641 -0.906127 0.3753324 0.1614041 -0.9238786 0.3826857 -0.1022464 -0.906127 0.3753324 -0.3502499 -0.8535532 0.3535557 -0.5752206 -0.7681775 0.318192 -0.7716552 -0.6532813 0.2706003 -0.9357245 -0.5132797 0.2126097 -1.064971 -0.3535534 0.146449 -1.158059 -0.1802399 0.0746603 -1.214964 -0.1622117 0.1083889 1.44171 -0.3181896 0.2126097 1.330514 -0.4619395 0.3086605 1.160005 -0.5879377 0.3928495 0.9439258 -0.6913415 0.4619417 0.6964492 -0.7681776 0.5132823 0.4313641 -0.8154928 0.5448976 0.1614041 -0.8314687 0.5555725 -0.1022463 -0.8154928 0.5448976 -0.3502499 -0.7681776 0.5132823 -0.5752206 -0.6913415 0.4619417 -0.7716552 -0.5879377 0.3928495 -0.9357245 -0.4619395 0.3086605 -1.064971 -0.3181896 0.2126097 -1.158059 -0.1622117 0.1083889 -1.214964 -0.1379497 0.1379518 1.44171 -0.270598 0.2706003 1.330514 -0.3928472 0.3928495 1.160005 -0.5 0.5000024 0.9439258 -0.5879376 0.5879397 0.6964492 -0.6532813 0.6532836 0.4313641 -0.6935196 0.693522 0.1614041 -0.7071058 0.707109 -0.1022463 -0.6935196 0.693522 -0.3502499 -0.6532813 0.6532836 -0.5752206 -0.5879376 0.5879397 -0.7716552 -0.5 0.5000024 -0.9357245 -0.3928472 0.3928495 -1.064971 -0.270598 0.2706003 -1.158059 -0.1379497 0.1379518 -1.214964 -0.1083864 0.1622138 1.44171 -0.2126075 0.318192 1.330514 -0.308658 0.4619417 1.160005 -0.3928474 0.5879397 0.9439258 -0.4619396 0.6913438 0.6964492 -0.5132799 0.7681799 0.431364 -0.5448948 0.8154953 0.161404 -0.5555694 0.8314715 -0.1022463 -0.5448948 0.8154953 -0.3502499 -0.5132799 0.7681799 -0.5752206 -0.4619396 0.6913438 -0.7716552 -0.3928474 0.5879397 -0.9357245 -0.308658 0.4619417 -1.064971 -0.2126075 0.318192 -1.158059 -0.1083864 0.1622138 -1.214964 -0.07465785 0.180242 1.44171 -0.1464465 0.3535557 1.330514 -0.2126073 0.5132818 1.160005 -0.270598 0.6532836 0.9439258 -0.3181895 0.7681794 0.6964493 -0.3535533 0.8535555 0.4313641 -0.37533 0.9061294 0.1614041 -0.3826826 0.9238811 -0.1022463 -0.37533 0.9061294 -0.3502499 -0.3535532 0.8535557 -0.5752206 -0.3181895 0.7681794 -0.7716552 -0.270598 0.6532836 -0.9357245 -0.2126073 0.5132818 -1.064971 -0.1464465 0.3535557 -1.158059 -0.07465785 0.180242 -1.214964 -0.03806024 0.1913437 1.44171 -0.07465779 0.3753324 1.330514 -0.1083862 0.5448971 1.160005 -0.1379497 0.693522 0.9439256 -0.1622116 0.815495 0.6964493 -0.1802399 0.9061294 0.431364 -0.1913415 0.9619417 0.161404 -0.1950896 0.9807866 -0.1022463 -0.1913415 0.9619417 -0.3502499 -0.1802398 0.9061296 -0.5752206 -0.1622116 0.815495 -0.7716552 -0.1379497 0.693522 -0.9357245 -0.1083862 0.5448971 -1.064971 -0.07465785 0.3753324 -1.158059 -0.03806024 0.1913437 -1.214964 4.20958e-7 1.000001 -0.1022463 0 0.980787 -0.3502499 0 0.9238815 -0.5752206 0 0.3826857 -1.158059 0 0.1950926 -1.214964 0 2.38419e-6 -1.234179</float_array>
          <technique_common>
            <accessor source="#Sphere_002-mesh-positions-array" count="482" stride="3">
              <param name="X" type="float"/>
              <param name="Y" type="float"/>
              <param name="Z" type="float"/>
            </accessor>
          </technique_common>
        </source>
        <source id="Sphere_002-mesh-normals">
          <float_array id="Sphere_002-mesh-normals-array" count="1446">-9.4256e-7 0.9214605 0.3884724 0.1879952 0.9451135 0.267242 -1.19574e-6 0.9636295 0.2672419 -1.41947e-6 0.5691565 -0.8222293 0.07596206 0.3818843 -0.9210832 -7.42987e-7 0.3893656 -0.9210833 0.1931902 0.971235 0.1392124 -9.68886e-7 0.9902628 0.1392108 0.03920483 0.1971075 -0.9795978 -2.01641e-6 0.2009689 -0.9795976 -1.90036e-6 0.9999974 -0.002276301 0.1950867 0.9807834 -0.002275466 -1.82055e-6 0.3681737 0.9297571 -4.18705e-7 0 1 0.07182663 0.3611001 0.9297568 0 0 -1 0.1925439 0.967994 -0.1609803 -1.19838e-6 0.9869578 -0.160979 0.120035 0.6034563 0.7883097 -2.66933e-7 0.6152787 0.7883098 0.1838077 0.9240713 -0.3351222 -2.83939e-7 0.942175 -0.3351213 0.1494206 0.7511905 0.6429513 -1.45821e-6 0.7659072 0.6429513 0.1672485 0.8408173 -0.5148341 -1.24532e-6 0.8572897 -0.5148344 0.1676985 0.8430833 0.5109675 -8.79244e-7 0.8596 0.5109677 0.142476 0.7162791 -0.6831141 -1.61148e-6 0.7303116 -0.6831143 0.1797682 0.9037548 0.3884722 0.1110366 0.5582203 -0.8222293 0.2794782 0.6747199 -0.6831142 0.3526279 0.8513184 0.3884722 0.2178066 0.5258318 -0.8222295 0.3687648 0.8902777 0.2672417 0.1490041 0.359727 -0.9210833 0.3789572 0.9148832 0.139213 0.07690733 0.1856712 -0.9795977 0.3826828 0.923877 -0.002275526 0.140894 0.3401487 0.9297568 0.3776924 0.91183 -0.1609805 0.2354583 0.5684428 0.7883097 0.360554 0.8704562 -0.3351222 0.2930999 0.7076057 0.6429515 0.32807 0.7920325 -0.5148348 0.3289548 0.794167 0.5109675 0.1116532 0.1670992 -0.9795976 0.5483241 0.8206255 -0.1609799 0.2045458 0.3061258 0.929757 0.3418306 0.5115854 0.7883098 0.5234442 0.7833898 -0.3351221 0.4255149 0.6368287 0.6429513 0.4762848 0.7128098 -0.5148351 0.4775685 0.714731 0.5109677 0.4057399 0.6072316 -0.6831142 0.511936 0.7661665 0.3884721 0.3162062 0.4732363 -0.8222293 0.5353639 0.8012286 0.267242 0.2163203 0.3237459 -0.9210832 0.5501602 0.8233733 0.1392127 0.1670992 0.1116528 -0.9795977 0.3237453 0.2163204 -0.9210833 0.1856703 0.07690739 -0.9795978 0.5555692 0.8314672 -0.002275407 0.5164083 0.5164082 -0.6831142 0.4024546 0.4024543 -0.8222293 0.6813893 0.6813886 0.2672421 0.2753235 0.275323 -0.9210833 0.7002214 0.7002213 0.1392128 0.1421065 0.1421059 -0.9795977 0.7071052 0.7071047 -0.002275347 0.2603392 0.2603384 0.9297567 0.6978844 0.6978846 -0.1609799 0.4350677 0.4350673 0.7883101 0.6662184 0.6662177 -0.3351225 0.5415782 0.5415781 0.6429512 0.6061954 0.6061948 -0.514835 0.6078289 0.6078288 0.510968 0.6515707 0.6515714 0.3884719 0.5115852 0.3418306 0.7883099 0.8206257 0.5483239 -0.1609801 0.7833901 0.5234434 -0.3351224 0.6368287 0.4255148 0.6429514 0.7128103 0.4762842 -0.5148349 0.7147311 0.4775681 0.510968 0.6072321 0.4057391 -0.6831142 0.7661665 0.511936 0.388472 0.4732366 0.316206 -0.8222292 0.8012287 0.535364 0.2672417 0.8233735 0.5501599 0.139213 0.8314677 0.5555686 -0.002275586 0.3061255 0.2045461 0.929757 0.8902777 0.3687651 0.2672415 0.3597269 0.1490041 -0.9210833 0.9148834 0.3789566 0.1392129 0.3818839 0.07596135 -0.9210835 0.9238772 0.3826824 -0.002275586 0.3401483 0.1408937 0.929757 0.91183 0.3776924 -0.1609801 0.568443 0.235457 0.78831 0.8704561 0.3605542 -0.3351223 0.707606 0.2931002 0.6429511 0.7920324 0.3280699 -0.5148348 0.7941667 0.3289547 0.5109679 0.6747201 0.2794778 -0.6831141 0.8513187 0.3526273 0.3884722 0.5258325 0.2178068 -0.822229 0.9679935 0.1925462 -0.1609801 0.9240711 0.1838088 -0.3351226 0.7511906 0.1494212 0.642951 0.8408169 0.1672486 -0.5148348 0.843083 0.1676993 0.5109678 0.7162792 0.1424764 -0.6831139 0.903755 0.1797677 0.3884722 0.5582206 0.111037 -0.822229 0.9451138 0.1879945 0.2672417 0.9712349 0.1931908 0.1392127 0.9807829 0.1950895 -0.002275466 0.3610994 0.07182699 0.9297571 0.1971074 0.03920704 -0.9795976 0.603456 0.1200348 0.78831 0.3893657 0 -0.9210833 0.9636296 -2.24051e-7 0.2672418 0.9902626 2.0385e-7 0.1392126 0.2009692 0 -0.9795976 0.9999974 -5.66627e-7 -0.002275407 0.3681738 -2.28324e-7 0.9297571 0.9869577 0 -0.1609799 0.6152784 1.97194e-7 0.78831 0.9421746 -1.4197e-7 -0.3351225 0.7659073 -3.26179e-7 0.6429511 0.8572894 -1.52807e-7 -0.514835 0.8595998 -4.22852e-7 0.5109679 0.7303118 -1.53818e-7 -0.6831141 0.9214605 0 0.3884721 0.5691568 -1.66643e-7 -0.822229 0.7511904 -0.1494218 0.6429511 0.8408167 -0.1672492 -0.5148349 0.8430829 -0.1676994 0.5109679 0.7162791 -0.1424767 -0.683114 0.9037548 -0.1797683 0.3884721 0.5582207 -0.1110374 -0.8222289 0.9451137 -0.1879948 0.2672417 0.3818841 -0.07596153 -0.9210833 0.971235 -0.1931908 0.1392126 0.1971074 -0.03920704 -0.9795976 0.9807828 -0.19509 -0.002275407 0.3610993 -0.07182717 0.9297571 0.9679936 -0.1925461 -0.1609797 0.6034561 -0.1200347 0.7883098 0.924071 -0.1838094 -0.3351225 0.9148833 -0.3789573 0.1392124 0.1856707 -0.07690733 -0.9795977 0.9238772 -0.3826826 -0.002275466 0.3401483 -0.1408938 0.9297571 0.91183 -0.3776926 -0.1609797 0.5684437 -0.2354565 0.7883096 0.8704557 -0.3605549 -0.3351225 0.7076058 -0.2931004 0.6429511 0.7920321 -0.3280706 -0.5148348 0.7941669 -0.3289541 0.5109679 0.6747202 -0.279478 -0.683114 0.8513185 -0.3526275 0.3884722 0.5258324 -0.2178068 -0.822229 0.8902776 -0.3687651 0.2672417 0.3597272 -0.1490039 -0.9210832 0.7128103 -0.4762845 -0.5148347 0.7147313 -0.4775679 0.5109679 0.6072322 -0.4057392 -0.6831141 0.7661659 -0.5119368 0.3884721 0.4732367 -0.3162061 -0.8222291 0.8012284 -0.5353643 0.2672417 0.3237465 -0.2163201 -0.921083 0.8233729 -0.5501608 0.1392123 0.1670992 -0.111652 -0.9795977 0.8314672 -0.5555692 -0.002275407 0.3061255 -0.2045459 0.9297571 0.8206249 -0.548325 -0.1609798 0.511586 -0.3418301 0.7883096 0.7833895 -0.5234442 -0.3351223 0.6368289 -0.4255148 0.6429511 0.1421061 -0.1421064 -0.9795977 0.7002214 -0.7002214 0.1392125 0.7071049 -0.7071051 -0.002275466 0.2603384 -0.2603381 0.929757 0.6978846 -0.6978845 -0.1609796 0.6662182 -0.6662181 -0.335122 0.5415787 -0.5415781 0.6429509 0.6061949 -0.6061956 -0.5148347 0.6078293 -0.6078287 0.5109676 0.5164086 -0.5164083 -0.683114 0.6515706 -0.6515715 0.388472 0.4024549 -0.4024544 -0.8222291 0.6813887 -0.6813893 0.2672418 0.2753233 -0.275324 -0.921083 0.405739 -0.6072328 -0.6831137 0.4775679 -0.7147314 0.5109677 0.5119366 -0.7661661 0.3884719 0.3162062 -0.4732366 -0.8222292 0.5353643 -0.8012284 0.267242 0.2163197 -0.3237464 -0.9210831 0.5501602 -0.8233734 0.1392124 0.1116526 -0.1670995 -0.9795976 0.5555685 -0.8314678 -0.002275466 0.2045462 -0.3061255 0.9297571 0.5483241 -0.8206255 -0.1609795 0.3418297 -0.5115858 0.7883099 0.4350674 -0.4350681 0.7883097 0.5234438 -0.7833898 -0.3351224 0.4255149 -0.636829 0.642951 0.476284 -0.7128102 -0.514835 0.1408929 -0.3401484 0.9297572 0.07690769 -0.1856711 -0.9795976 0.3776918 -0.9118304 -0.1609798 0.2354579 -0.568443 0.7883097 0.3605539 -0.8704562 -0.3351221 0.2931002 -0.7076062 0.6429509 0.3280699 -0.7920323 -0.514835 0.328954 -0.7941669 0.510968 0.2794777 -0.6747205 -0.6831138 0.3526272 -0.8513187 0.3884722 0.2178066 -0.5258322 -0.8222292 0.3687644 -0.8902779 0.2672414 0.1490042 -0.3597269 -0.9210833 0.3789563 -0.9148836 0.1392124 -0.3597271 0.1490044 -0.9210832 -0.3237459 0.2163205 -0.9210832 -0.1856708 0.07690739 -0.9795977 0.3826819 -0.9238774 -0.002275526 0.1676999 -0.843083 0.5109676 0.1797674 -0.903755 0.3884721 0.1424769 -0.7162796 -0.6831135 0.1110367 -0.5582209 -0.822229 0.1879945 -0.9451138 0.2672417 0.0759629 -0.381884 -0.9210832 0.1931909 -0.9712348 0.1392129 0.03920561 -0.1971073 -0.9795977 0.1950898 -0.9807828 -0.002275466 0.07182294 -0.3611001 0.9297571 0.1925462 -0.9679936 -0.1609796 0.1200364 -0.6034559 0.7883099 0.1838098 -0.924071 -0.3351223 0.1494218 -0.7511909 0.6429507 0.1672495 -0.8408164 -0.5148353 0 -0.9869578 -0.1609794 -6.62017e-7 -0.3681735 0.9297571 1.05811e-6 -0.6152781 0.7883102 -2.26189e-7 -0.9421749 -0.3351219 2.54228e-7 -0.7659078 0.6429505 -1.46791e-7 -0.8572893 -0.5148351 0 -0.8596001 0.5109674 0 -0.7303119 -0.6831138 0 -0.9214606 0.388472 -3.53668e-7 -0.569157 -0.8222289 0 -0.9636296 0.2672421 -3.94507e-7 -0.3893661 -0.9210831 0 -0.9902625 0.1392128 3.30524e-7 -0.2009683 -0.9795978 -9.02761e-7 -0.9999974 -0.002275466 -0.142477 -0.7162794 -0.6831135 -0.1110369 -0.5582209 -0.8222289 -0.1879941 -0.9451138 0.267242 -0.07596302 -0.3818843 -0.921083 -0.1931909 -0.971235 0.1392123 -0.03920495 -0.1971073 -0.9795977 -0.195091 -0.9807825 -0.002275466 -0.0718258 -0.3610997 0.9297571 -0.1925463 -0.9679936 -0.160979 -0.1200355 -0.6034554 0.7883103 -0.1838093 -0.924071 -0.3351225 -0.1494212 -0.7511911 0.6429505 -0.1672492 -0.8408166 -0.5148352 -0.1676993 -0.8430833 0.5109673 -0.1797674 -0.9037552 0.3884719 -0.2354573 -0.5684428 0.7883101 -0.3605553 -0.8704557 -0.3351221 -0.2931014 -0.7076053 0.6429513 -0.3280701 -0.7920323 -0.5148351 -0.3289536 -0.7941673 0.5109676 -0.2794777 -0.6747207 -0.6831136 -0.3526271 -0.8513186 0.3884723 -0.2178078 -0.5258318 -0.8222292 -0.3687647 -0.8902779 0.2672414 -0.1490041 -0.359727 -0.9210833 -0.3789575 -0.9148832 0.1392118 -0.07690739 -0.1856712 -0.9795976 -0.3826829 -0.923877 -0.002275407 -0.140894 -0.3401483 0.9297571 -0.3776928 -0.91183 -0.1609791 -0.5353644 -0.8012285 0.2672414 -0.2163198 -0.323746 -0.9210832 -0.5501607 -0.8233732 0.1392119 -0.1116544 -0.1670993 -0.9795975 -0.5555689 -0.8314675 -0.002275407 -0.204546 -0.3061252 0.9297571 -0.5483244 -0.8206254 -0.1609792 -0.3418303 -0.5115857 0.7883098 -0.5234446 -0.7833894 -0.3351222 -0.4255163 -0.6368277 0.6429514 -0.4762851 -0.71281 -0.5148345 -0.4775677 -0.7147314 0.5109679 -0.4057395 -0.6072323 -0.6831138 -0.5119364 -0.7661662 0.388472 -0.3162074 -0.4732355 -0.8222293 -0.6978845 -0.6978846 -0.1609794 -0.6662179 -0.6662183 -0.3351222 -0.5415783 -0.5415783 0.6429511 -0.606195 -0.6061955 -0.5148347 -0.6078287 -0.6078289 0.5109681 -0.5164086 -0.5164086 -0.6831138 -0.651571 -0.651571 0.3884719 -0.4024545 -0.4024544 -0.8222292 -0.6813889 -0.6813893 0.2672415 -0.275323 -0.2753233 -0.9210833 -0.7002214 -0.7002214 0.1392123 -0.1421076 -0.1421061 -0.9795976 -0.7071048 -0.7071051 -0.002275466 -0.2603377 -0.260338 0.9297572 -0.4350675 -0.4350674 0.78831 -0.3237456 -0.2163203 -0.9210833 -0.8233735 -0.5501602 0.1392122 -0.1670998 -0.1116527 -0.9795976 -0.8314678 -0.5555684 -0.002275466 -0.3061246 -0.2045459 0.9297574 -0.8206255 -0.5483243 -0.1609793 -0.5115853 -0.3418306 0.7883098 -0.7833898 -0.5234443 -0.3351218 -0.6368287 -0.4255154 0.642951 -0.7128099 -0.4762849 -0.5148348 -0.714731 -0.477568 0.5109682 -0.6072322 -0.4057394 -0.683114 -0.7661663 -0.5119362 0.388472 -0.4732363 -0.3162066 -0.8222291 -0.8012287 -0.5353641 0.2672413 -0.7920323 -0.3280703 -0.5148347 -0.7941666 -0.3289544 0.5109682 -0.6747202 -0.2794779 -0.683114 -0.8513187 -0.3526274 0.388472 -0.5258325 -0.2178064 -0.8222291 -0.8902779 -0.3687648 0.2672415 -0.359727 -0.1490041 -0.9210832 -0.9148836 -0.3789569 0.139212 -0.1856708 -0.07690739 -0.9795978 -0.9238775 -0.3826817 -0.002275466 -0.340148 -0.1408933 0.9297572 -0.9118303 -0.3776922 -0.1609791 -0.5684433 -0.235457 0.7883098 -0.8704561 -0.3605542 -0.3351221 -0.7076064 -0.2930998 0.6429509 -0.3818844 -0.07596141 -0.9210832 -0.1971076 -0.03920704 -0.9795976 -0.9712351 -0.1931902 0.1392118 -0.9807828 -0.1950895 -0.002275407 -0.361099 -0.07182687 0.9297572 -0.9679937 -0.1925457 -0.160979 -0.6034562 -0.1200345 0.7883099 -0.9240713 -0.1838086 -0.3351222 -0.7511909 -0.1494211 0.6429508 -0.8408169 -0.1672486 -0.5148348 -0.8430828 -0.1676993 0.5109682 -0.7162792 -0.1424763 -0.6831139 -0.903755 -0.1797677 0.3884719 -0.5582206 -0.1110367 -0.8222291 -0.9451138 -0.1879947 0.2672415 -0.8595999 3.09053e-7 0.510968 -0.7303119 2.06693e-7 -0.6831139 -0.9214606 0 0.3884719 -0.5691566 -2.11002e-7 -0.8222292 -0.9636297 -1.67739e-7 0.2672416 -0.3893659 1.85298e-7 -0.9210832 -0.9902626 1.70274e-7 0.1392118 -0.2009693 0 -0.9795976 -0.9999975 2.23289e-7 -0.002275407 -0.3681734 -1.35303e-7 0.9297572 -0.9869579 0 -0.160979 -0.9421747 3.15221e-7 -0.3351222 -0.7659074 -2.99797e-7 0.642951 -0.8572894 0 -0.5148348 -0.971235 0.1931912 0.1392118 -0.9807827 0.1950904 -0.002275407 -0.3610993 0.07182705 0.9297571 -0.1971076 0.0392071 -0.9795976 -0.9679937 0.1925461 -0.160979 -0.6034562 0.1200349 0.7883099 -0.6152785 2.99398e-7 0.7883098 -0.924071 0.1838092 -0.3351222 -0.7511906 0.1494212 0.6429511 -0.8408169 0.1672488 -0.5148349 -0.8430827 0.1676997 0.510968 -0.7162792 0.142477 -0.6831138 -0.9037549 0.1797679 0.3884721 -0.5582207 0.1110369 -0.8222291 -0.9451137 0.1879951 0.2672415 -0.3818841 0.07596158 -0.9210833 -0.6747201 0.2794784 -0.6831139 -0.7941666 0.3289548 0.510968 -0.8513185 0.3526278 0.3884722 -0.5258322 0.2178069 -0.8222291 -0.8902778 0.3687649 0.2672415 -0.9148834 0.3789573 0.1392118 -0.9238771 0.3826828 -0.002275407 -0.3401481 0.1408939 0.9297571 -0.9118303 0.3776923 -0.1609791 -0.5684431 0.2354573 0.7883099 -0.8704559 0.3605548 -0.3351223 -0.707606 0.2931004 0.6429511 -0.7920322 0.3280708 -0.5148348 -0.3061256 0.2045472 0.9297567 -0.1670996 0.1116529 -0.9795976 -0.8206253 0.5483247 -0.1609792 -0.5115852 0.3418307 0.7883099 -0.7833895 0.5234442 -0.3351226 -0.6368283 0.4255158 0.6429511 -0.7128102 0.4762847 -0.5148346 -0.7147314 0.4775676 0.5109679 -0.6072323 0.4057392 -0.683114 -0.7661662 0.5119363 0.3884723 -0.4732361 0.3162066 -0.8222292 -0.8012286 0.535364 0.2672418 -0.8233731 0.5501607 0.1392117 -0.1490031 0.3597277 -0.9210832 -0.0759617 0.3818843 -0.9210833 -0.07690751 0.1856711 -0.9795976 -0.8314675 0.5555689 -0.002275407 -0.6515714 0.6515706 0.3884719 -0.5164082 0.5164091 -0.6831137 -0.4024538 0.4024547 -0.8222295 -0.6813889 0.6813892 0.2672418 -0.2753233 0.2753233 -0.9210832 -0.7002211 0.7002217 0.1392119 -0.1421069 0.1421067 -0.9795976 -0.7071048 0.7071052 -0.002275407 -0.2603375 0.2603388 0.9297571 -0.6978843 0.6978847 -0.1609794 -0.4350676 0.4350674 0.7883099 -0.6662181 0.6662181 -0.3351225 -0.5415777 0.5415785 0.6429513 -0.6061954 0.6061952 -0.5148347 -0.6078288 0.6078289 0.510968 -0.5483242 0.8206257 -0.1609792 -0.204545 0.3061254 0.9297574 -0.3418301 0.5115854 0.7883099 -0.5234444 0.7833892 -0.3351227 -0.425515 0.6368288 0.6429511 -0.4762839 0.7128103 -0.514835 -0.4775675 0.7147314 0.5109682 -0.4057392 0.6072323 -0.6831139 -0.5119356 0.7661668 0.3884723 -0.3162064 0.4732366 -0.8222292 -0.5353638 0.8012288 0.2672415 -0.21632 0.3237462 -0.9210832 -0.5501602 0.8233736 0.139212 -0.1116523 0.1670995 -0.9795976 -0.5555679 0.8314681 -0.002275407 -0.2794786 0.6747205 -0.6831135 -0.2178066 0.5258319 -0.8222293 -0.3687645 0.8902779 0.2672418 -0.3789569 0.9148836 0.1392119 -0.3826816 0.9238775 -0.002275407 -0.1408936 0.3401483 0.9297571 -0.3776921 0.9118303 -0.1609787 -0.2354561 0.5684434 0.7883101 -0.3605545 0.8704557 -0.3351228 -0.2931002 0.7076059 0.6429511 -0.3280705 0.792032 -0.5148351 -0.3289548 0.7941668 0.5109676 -0.3526274 0.8513185 0.3884723 -0.183809 0.9240711 -0.3351221 -0.149422 0.7511903 0.6429512 -0.1672509 0.8408161 -0.5148352 -0.1676995 0.8430831 0.5109676 -0.1424773 0.7162792 -0.6831138 -0.1797693 0.9037546 0.3884723 -0.1110378 0.5582199 -0.8222294 -0.187996 0.9451134 0.267242 -0.193192 0.9712348 0.1392118 -0.1950894 0.9807829 -0.002275764 -0.07182753 0.3610987 0.9297572 -0.03920799 0.197107 -0.9795976 -0.1925455 0.9679939 -0.1609787 -0.1200328 0.6034561 0.7883102</float_array>
          <technique_common>
            <accessor source="#Sphere_002-mesh-normals-array" count="482" stride="3">
              <param name="X" type="float"/>
              <param name="Y" type="float"/>
              <param name="Z" type="float"/>
            </accessor>
          </technique_common>
        </source>
        <source id="Sphere_002-mesh-map-0">
          <float_array id="Sphere_002-mesh-map-0-array" count="5760">0.75 0.7059251 0.71875 0.6379138 0.75 0.6379138 0.75 0.2214826 0.71875 0.1383254 0.75 0.1383253 0.75 0.6379138 0.71875 0.576893 0.75 0.576893 0.75 0.1383253 0.71875 0.05727547 0.75 0.05727541 0.7499999 0.511826 0.71875 0.576893 0.71875 0.511826 0.75 1.046069 0.734375 1.059721 0.71875 1.046069 0.734375 0.03830081 0.75 0.05727541 0.71875 0.05727547 0.7499999 0.511826 0.71875 0.4573782 0.75 0.4573782 0.75 1.046069 0.71875 0.9394773 0.75 0.9394773 0.75 0.4573782 0.71875 0.4024603 0.75 0.4024603 0.75 0.9394773 0.71875 0.8523057 0.75 0.8523057 0.75 0.4024603 0.71875 0.3458318 0.75 0.3458318 0.75 0.8523057 0.71875 0.7797126 0.75 0.7797126 0.75 0.3458318 0.71875 0.2876666 0.75 0.2876666 0.75 0.7797126 0.71875 0.7059251 0.75 0.7059251 0.75 0.2214826 0.71875 0.2876666 0.71875 0.2214826 0.71875 0.3458318 0.6875 0.2876666 0.71875 0.2876666 0.71875 0.7797126 0.6875 0.7059251 0.71875 0.7059251 0.71875 0.2876666 0.6875 0.2214826 0.71875 0.2214826 0.71875 0.7059251 0.6875 0.6379138 0.71875 0.6379138 0.71875 0.1383254 0.6875 0.2214826 0.6875 0.1383254 0.71875 0.576893 0.6875 0.6379138 0.6875 0.576893 0.71875 0.1383254 0.6875 0.05727547 0.71875 0.05727547 0.71875 0.511826 0.6875 0.576893 0.6875 0.511826 0.71875 1.046069 0.703125 1.059721 0.6875 1.046069 0.703125 0.03830081 0.71875 0.05727547 0.6875 0.05727547 0.71875 0.4573782 0.6875 0.511826 0.6875 0.4573782 0.71875 1.046069 0.6875 0.9394773 0.71875 0.9394773 0.71875 0.4024603 0.6875 0.4573782 0.6875 0.4024603 0.71875 0.9394773 0.6875 0.8523057 0.71875 0.8523057 0.71875 0.3458318 0.6875 0.4024603 0.6875 0.3458318 0.71875 0.8523057 0.6875 0.7797126 0.71875 0.7797126 0.671875 0.03830081 0.6875 0.05727547 0.65625 0.05727547 0.6875 0.511826 0.65625 0.4573782 0.6875 0.4573782 0.6875 0.9394773 0.65625 1.046069 0.65625 0.9394773 0.6875 0.4573782 0.65625 0.4024603 0.6875 0.4024603 0.6875 0.9394773 0.65625 0.8523057 0.6875 0.8523057 0.6875 0.3458318 0.65625 0.4024603 0.65625 0.3458318 0.6875 0.7797126 0.65625 0.8523057 0.65625 0.7797125 0.6875 0.3458318 0.65625 0.2876666 0.6875 0.2876666 0.6875 0.7797126 0.65625 0.7059251 0.6875 0.7059251 0.6875 0.2876666 0.65625 0.2214826 0.6875 0.2214826 0.6875 0.7059251 0.65625 0.6379138 0.6875 0.6379138 0.6875 0.1383254 0.65625 0.2214826 0.65625 0.1383254 0.6875 0.6379138 0.65625 0.576893 0.6875 0.576893 0.59375 0.05727547 0.59375 0.1383254 0.5625 0.05727547 0.6875 0.511826 0.65625 0.576893 0.65625 0.511826 0.6875 1.046069 0.671875 1.059721 0.65625 1.046069 0.65625 0.2214826 0.625 0.2876666 0.625 0.2214826 0.65625 0.7059251 0.625 0.6379138 0.65625 0.6379138 0.65625 0.2214826 0.625 0.1383254 0.65625 0.1383254 0.65625 0.6379138 0.625 0.576893 0.65625 0.576893 0.65625 0.05727547 0.625 0.1383254 0.625 0.05727547 0.65625 0.576893 0.625 0.511826 0.65625 0.511826 0.65625 1.046069 0.640625 1.059721 0.625 1.046069 0.640625 0.03830081 0.65625 0.05727547 0.625 0.05727547 0.65625 0.511826 0.625 0.4573782 0.65625 0.4573782 0.65625 1.046069 0.625 0.9394773 0.65625 0.9394773 0.65625 0.4024603 0.625 0.4573782 0.625 0.4024603 0.65625 0.9394773 0.625 0.8523057 0.65625 0.8523057 0.65625 0.3458318 0.625 0.4024603 0.625 0.3458318 0.65625 0.8523057 0.625 0.7797126 0.65625 0.7797125 0.65625 0.3458318 0.625 0.2876666 0.65625 0.2876666 0.65625 0.7797125 0.625 0.7059252 0.65625 0.7059251 0.625 1.046069 0.59375 0.9394773 0.625 0.9394773 0.625 0.4024603 0.59375 0.4573782 0.59375 0.4024603 0.625 0.9394773 0.59375 0.8523057 0.625 0.8523057 0.625 0.4024603 0.59375 0.3458318 0.625 0.3458318 0.625 0.8523057 0.59375 0.7797126 0.625 0.7797126 0.625 0.3458318 0.59375 0.2876666 0.625 0.2876666 0.625 0.7059252 0.59375 0.7797126 0.59375 0.7059251 0.625 0.2214826 0.59375 0.2876666 0.59375 0.2214826 0.625 0.6379138 0.59375 0.7059251 0.59375 0.6379138 0.625 0.1383254 0.59375 0.2214826 0.59375 0.1383254 0.625 0.6379138 0.59375 0.576893 0.625 0.576893 0.625 0.1383254 0.59375 0.05727547 0.625 0.05727547 0.625 0.511826 0.59375 0.576893 0.59375 0.511826 0.625 1.046069 0.609375 1.059721 0.59375 1.046069 0.609375 0.03830081 0.625 0.05727547 0.59375 0.05727547 0.625 0.511826 0.59375 0.4573782 0.625 0.4573782 0.59375 0.7059251 0.5625 0.6379138 0.59375 0.6379138 0.59375 0.2214826 0.5625 0.1383254 0.59375 0.1383254 0.59375 0.6379138 0.5625 0.576893 0.59375 0.576893 0.5625 0.1383254 0.53125 0.1383254 0.5625 0.05727547 0.59375 0.576893 0.5625 0.511826 0.59375 0.511826 0.59375 1.046069 0.578125 1.059721 0.5625 1.046069 0.5781249 0.03830081 0.59375 0.05727547 0.5625 0.05727547 0.59375 0.511826 0.5625 0.4573782 0.59375 0.4573782 0.59375 1.046069 0.5625 0.9394773 0.59375 0.9394773 0.59375 0.4024603 0.5625 0.4573782 0.5625 0.4024603 0.59375 0.9394773 0.5625 0.8523057 0.59375 0.8523057 0.59375 0.4024603 0.5625 0.3458318 0.59375 0.3458318 0.59375 0.8523057 0.5625 0.7797126 0.59375 0.7797126 0.59375 0.3458318 0.5625 0.2876666 0.59375 0.2876666 0.59375 0.7797126 0.5625 0.7059251 0.59375 0.7059251 0.59375 0.2214826 0.5625 0.2876666 0.5625 0.2214826 0.5625 0.4024603 0.53125 0.4573782 0.53125 0.4024603 0.5625 0.9394773 0.53125 0.8523057 0.5625 0.8523057 0.5625 0.4024603 0.53125 0.3458318 0.5625 0.3458318 0.5625 0.8523057 0.53125 0.7797126 0.5625 0.7797126 0.5625 0.3458318 0.53125 0.2876666 0.5625 0.2876666 0.5625 0.7797126 0.53125 0.7059252 0.5625 0.7059251 0.5625 0.2214826 0.53125 0.2876666 0.53125 0.2214826 0.5625 0.7059251 0.53125 0.6379138 0.5625 0.6379138 0.5625 0.1383254 0.53125 0.2214826 0.53125 0.1383254 0.5625 0.576893 0.53125 0.6379138 0.53125 0.576893 0.5625 0.511826 0.53125 0.576893 0.53125 0.511826 0.5625 1.046069 0.5468749 1.059721 0.53125 1.04607 0.5468749 0.03830081 0.5625 0.05727547 0.53125 0.05727547 0.5625 0.511826 0.53125 0.4573782 0.5625 0.4573782 0.5625 0.9394773 0.53125 1.04607 0.53125 0.9394774 0.53125 0.2214826 0.5 0.1383254 0.53125 0.1383254 0.53125 0.576893 0.5 0.6379138 0.5 0.576893 0.53125 0.1383254 0.5 0.05727547 0.53125 0.05727547 0.53125 0.576893 0.5 0.511826 0.53125 0.511826 0.53125 1.04607 0.5156249 1.059721 0.5 1.04607 0.5156249 0.03830081 0.53125 0.05727547 0.5 0.05727547 0.53125 0.511826 0.5 0.4573782 0.53125 0.4573782 0.53125 0.9394774 0.5 1.04607 0.5 0.9394774 0.53125 0.4573782 0.5 0.4024603 0.53125 0.4024603 0.53125 0.8523057 0.5 0.9394774 0.5 0.8523057 0.53125 0.4024603 0.5 0.3458318 0.53125 0.3458318 0.53125 0.8523057 0.5 0.7797126 0.53125 0.7797126 0.53125 0.3458318 0.5 0.2876666 0.53125 0.2876666 0.53125 0.7059252 0.5 0.7797126 0.5 0.7059252 0.53125 0.2214826 0.5 0.2876666 0.5 0.2214826 0.53125 0.7059252 0.5 0.6379138 0.53125 0.6379138 0.5 0.9394774 0.46875 0.8523057 0.5 0.8523057 0.5 0.4024603 0.46875 0.3458317 0.5 0.3458318 0.5 0.8523057 0.46875 0.7797126 0.5 0.7797126 0.5 0.3458318 0.46875 0.2876666 0.5 0.2876666 0.5 0.7059252 0.46875 0.7797126 0.46875 0.7059252 0.5 0.2214826 0.46875 0.2876666 0.46875 0.2214826 0.5 0.7059252 0.46875 0.6379138 0.5 0.6379138 0.5 0.2214826 0.46875 0.1383255 0.5 0.1383254 0.5 0.6379138 0.46875 0.576893 0.5 0.576893 0.5 0.1383254 0.46875 0.05727553 0.5 0.05727547 0.5 0.576893 0.46875 0.511826 0.5 0.511826 0.5 1.04607 0.4843749 1.059721 0.46875 1.04607 0.4843749 0.03830081 0.5 0.05727547 0.46875 0.05727553 0.5 0.511826 0.46875 0.4573781 0.5 0.4573782 0.5 0.9394774 0.46875 1.04607 0.46875 0.9394774 0.5 0.4573782 0.46875 0.4024602 0.5 0.4024603 0.46875 0.6379138 0.4375 0.576893 0.46875 0.576893 0.46875 0.1383255 0.4375 0.05727553 0.46875 0.05727553 0.46875 0.511826 0.4375 0.576893 0.4375 0.511826 0.46875 1.04607 0.4531249 1.059721 0.4375 1.04607 0.4531249 0.03830081 0.46875 0.05727553 0.4375 0.05727553 0.46875 0.511826 0.4375 0.4573781 0.46875 0.4573781 0.46875 0.9394774 0.4375 1.04607 0.4375 0.9394774 0.46875 0.4024602 0.4375 0.4573781 0.4375 0.4024602 0.46875 0.9394774 0.4375 0.8523058 0.46875 0.8523057 0.46875 0.4024602 0.4375 0.3458317 0.46875 0.3458317 0.46875 0.8523057 0.4375 0.7797126 0.46875 0.7797126 0.46875 0.3458317 0.4375 0.2876666 0.46875 0.2876666 0.46875 0.7797126 0.4375 0.7059252 0.46875 0.7059252 0.46875 0.2214826 0.4375 0.2876666 0.4375 0.2214826 0.46875 0.7059252 0.4375 0.6379138 0.46875 0.6379138 0.46875 0.2214826 0.4375 0.1383255 0.46875 0.1383255 0.4375 0.4024602 0.40625 0.3458317 0.4375 0.3458317 0.4375 0.8523058 0.40625 0.7797126 0.4375 0.7797126 0.4375 0.3458317 0.40625 0.2876666 0.4375 0.2876666 0.4375 0.7059252 0.40625 0.7797126 0.40625 0.7059252 0.4375 0.2214826 0.40625 0.2876666 0.40625 0.2214826 0.4375 0.7059252 0.40625 0.6379138 0.4375 0.6379138 0.4375 0.2214826 0.40625 0.1383255 0.4375 0.1383255 0.4375 0.576893 0.40625 0.6379138 0.40625 0.576893 0.4375 0.05727553 0.40625 0.1383255 0.40625 0.05727553 0.4375 0.511826 0.40625 0.576893 0.40625 0.511826 0.4375 1.04607 0.4218749 1.059721 0.40625 1.04607 0.4218749 0.03830081 0.4375 0.05727553 0.40625 0.05727553 0.4375 0.511826 0.40625 0.4573781 0.4375 0.4573781 0.4375 1.04607 0.40625 0.9394774 0.4375 0.9394774 0.4375 0.4024602 0.40625 0.4573781 0.40625 0.4024602 0.4375 0.9394774 0.40625 0.8523058 0.4375 0.8523058 0.40625 0.1383255 0.375 0.05727553 0.40625 0.05727553 0.40625 0.511826 0.375 0.576893 0.375 0.511826 0.40625 1.04607 0.3906249 1.059721 0.375 1.04607 0.3906249 0.03830081 0.40625 0.05727553 0.375 0.05727553 0.40625 0.511826 0.375 0.4573781 0.40625 0.4573781 0.40625 0.4024602 0.375 0.4573781 0.375 0.4024602 0.40625 0.9394774 0.375 0.8523057 0.40625 0.8523058 0.40625 0.4024602 0.375 0.3458317 0.40625 0.3458317 0.40625 0.7797126 0.375 0.8523057 0.375 0.7797126 0.40625 0.3458317 0.375 0.2876666 0.40625 0.2876666 0.40625 0.7797126 0.375 0.7059252 0.40625 0.7059252 0.40625 0.2214826 0.375 0.2876666 0.375 0.2214826 0.40625 0.7059252 0.375 0.6379138 0.40625 0.6379138 0.40625 0.1383255 0.375 0.2214826 0.375 0.1383255 0.40625 0.6379138 0.375 0.576893 0.40625 0.576893 0.375 0.3458317 0.34375 0.2876666 0.375 0.2876666 0.375 0.7059252 0.34375 0.7797126 0.34375 0.7059252 0.375 0.2876666 0.34375 0.2214826 0.375 0.2214826 0.375 0.7059252 0.34375 0.6379138 0.375 0.6379138 0.375 0.2214826 0.34375 0.1383255 0.375 0.1383255 0.375 0.6379138 0.34375 0.576893 0.375 0.576893 0.375 0.1383255 0.34375 0.05727553 0.375 0.05727553 0.375 0.511826 0.34375 0.576893 0.34375 0.511826 0.375 1.04607 0.359375 1.059721 0.34375 1.04607 0.359375 0.03830081 0.375 0.05727553 0.34375 0.05727553 0.375 0.511826 0.34375 0.4573781 0.375 0.4573781 0.375 1.04607 0.34375 0.9394774 0.375 0.9394773 0.375 0.4573781 0.34375 0.4024602 0.375 0.4024602 0.375 0.9394773 0.34375 0.8523057 0.375 0.8523057 0.375 0.4024602 0.34375 0.3458317 0.375 0.3458317 0.375 0.8523057 0.34375 0.7797126 0.375 0.7797126 0.34375 1.04607 0.3281249 1.059721 0.3125 1.04607 0.328125 0.03830081 0.34375 0.05727553 0.3125 0.05727553 0.34375 0.511826 0.3125 0.4573781 0.34375 0.4573781 0.34375 1.04607 0.3125 0.9394774 0.34375 0.9394774 0.34375 0.4573781 0.3125 0.4024602 0.34375 0.4024602 0.34375 0.9394774 0.3125 0.8523057 0.34375 0.8523057 0.34375 0.4024602 0.3125 0.3458317 0.34375 0.3458317 0.34375 0.8523057 0.3125 0.7797126 0.34375 0.7797126 0.34375 0.3458317 0.3125 0.2876666 0.34375 0.2876666 0.34375 0.7797126 0.3125 0.7059252 0.34375 0.7059252 0.34375 0.2214826 0.3125 0.2876666 0.3125 0.2214826 0.34375 0.7059252 0.3125 0.6379138 0.34375 0.6379138 0.34375 0.2214826 0.3125 0.1383255 0.34375 0.1383255 0.34375 0.576893 0.3125 0.6379138 0.3125 0.576893 0.9375 0.1383253 0.90625 0.1383253 0.9375001 0.05727553 0.34375 0.511826 0.3125 0.576893 0.3125 0.511826 0.3125 0.7059252 0.28125 0.7797126 0.28125 0.7059252 0.3125 0.2214826 0.28125 0.2876666 0.28125 0.2214826 0.3125 0.7059252 0.28125 0.6379138 0.3125 0.6379138 0.3125 0.2214826 0.28125 0.1383255 0.3125 0.1383255 0.3125 0.576893 0.28125 0.6379138 0.28125 0.576893 0.3125 0.05727553 0.28125 0.1383255 0.28125 0.05727553 0.3125 0.511826 0.28125 0.576893 0.28125 0.511826 0.3125 1.04607 0.296875 1.059721 0.28125 1.04607 0.296875 0.03830081 0.3125 0.05727553 0.28125 0.05727553 0.3125 0.511826 0.28125 0.4573781 0.3125 0.4573781 0.3125 1.04607 0.28125 0.9394774 0.3125 0.9394774 0.3125 0.4024602 0.28125 0.4573781 0.28125 0.4024602 0.3125 0.9394774 0.28125 0.8523057 0.3125 0.8523057 0.3125 0.4024602 0.28125 0.3458317 0.3125 0.3458317 0.3125 0.8523057 0.28125 0.7797126 0.3125 0.7797126 0.3125 0.3458317 0.28125 0.2876666 0.3125 0.2876666 0.28125 0.511826 0.25 0.4573781 0.28125 0.4573781 0.28125 0.9394774 0.25 1.04607 0.25 0.9394773 0.28125 0.4024602 0.25 0.4573781 0.25 0.4024602 0.28125 0.9394774 0.25 0.8523057 0.28125 0.8523057 0.28125 0.4024602 0.25 0.3458317 0.28125 0.3458317 0.28125 0.8523057 0.25 0.7797126 0.28125 0.7797126 0.28125 0.3458317 0.25 0.2876666 0.28125 0.2876666 0.28125 0.7059252 0.25 0.7797126 0.25 0.7059252 0.28125 0.2214826 0.25 0.2876666 0.25 0.2214826 0.28125 0.7059252 0.25 0.6379138 0.28125 0.6379138 0.28125 0.2214826 0.25 0.1383255 0.28125 0.1383255 0.28125 0.6379138 0.25 0.576893 0.28125 0.576893 0.28125 0.05727553 0.25 0.1383255 0.25 0.05727553 0.28125 0.511826 0.25 0.576893 0.25 0.511826 0.28125 1.04607 0.265625 1.059721 0.25 1.04607 0.265625 0.03830081 0.28125 0.05727553 0.25 0.05727553 0.25 0.2214826 0.21875 0.2876666 0.21875 0.2214826 0.25 0.7059252 0.21875 0.6379138 0.25 0.6379138 0.25 0.2214826 0.21875 0.1383255 0.25 0.1383255 0.25 0.576893 0.21875 0.6379138 0.21875 0.576893 0.25 0.1383255 0.21875 0.05727553 0.25 0.05727553 0.25 0.511826 0.21875 0.576893 0.21875 0.511826 0.25 1.04607 0.234375 1.059721 0.21875 1.04607 0.234375 0.03830081 0.25 0.05727553 0.21875 0.05727553 0.25 0.511826 0.21875 0.4573781 0.25 0.4573781 0.25 1.04607 0.21875 0.9394773 0.25 0.9394773 0.25 0.4024602 0.21875 0.4573781 0.21875 0.4024602 0.25 0.9394773 0.21875 0.8523057 0.25 0.8523057 0.25 0.4024602 0.21875 0.3458317 0.25 0.3458317 0.25 0.8523057 0.21875 0.7797126 0.25 0.7797126 0.25 0.3458317 0.21875 0.2876666 0.25 0.2876666 0.25 0.7797126 0.21875 0.7059252 0.25 0.7059252 0.21875 1.04607 0.1875 0.9394773 0.21875 0.9394773 0.21875 0.4573781 0.1875 0.4024602 0.21875 0.4024602 0.21875 0.9394773 0.1875 0.8523058 0.21875 0.8523057 0.21875 0.4024602 0.1875 0.3458317 0.21875 0.3458317 0.21875 0.8523057 0.1875 0.7797126 0.21875 0.7797126 0.21875 0.3458317 0.1875 0.2876666 0.21875 0.2876666 0.21875 0.7797126 0.1875 0.7059252 0.21875 0.7059252 0.21875 0.2214826 0.1875 0.2876666 0.1875 0.2214826 0.21875 0.7059252 0.1875 0.6379138 0.21875 0.6379138 0.21875 0.2214826 0.1875 0.1383255 0.21875 0.1383255 0.21875 0.576893 0.1875 0.6379138 0.1875 0.576893 0.21875 0.1383255 0.1875 0.05727553 0.21875 0.05727553 0.21875 0.511826 0.1875 0.576893 0.1875 0.511826 0.21875 1.04607 0.203125 1.059721 0.1875 1.046069 0.203125 0.03830081 0.21875 0.05727553 0.1875 0.05727553 0.21875 0.511826 0.1875 0.4573781 0.21875 0.4573781 0.1875 0.7059252 0.15625 0.6379138 0.1875 0.6379138 0.1875 0.2214826 0.15625 0.1383255 0.1875 0.1383255 0.1875 0.576893 0.15625 0.6379138 0.15625 0.576893 0.1875 0.05727553 0.15625 0.1383255 0.15625 0.05727553 0.1875 0.511826 0.15625 0.576893 0.1562499 0.511826 0.1875 1.046069 0.171875 1.059721 0.15625 1.04607 0.171875 0.03830081 0.1875 0.05727553 0.15625 0.05727553 0.1875 0.511826 0.15625 0.4573781 0.1875 0.4573781 0.1875 1.046069 0.15625 0.9394773 0.1875 0.9394773 0.1875 0.4573781 0.15625 0.4024602 0.1875 0.4024602 0.1875 0.9394773 0.15625 0.8523058 0.1875 0.8523058 0.1875 0.4024602 0.15625 0.3458317 0.1875 0.3458317 0.1875 0.8523058 0.15625 0.7797126 0.1875 0.7797126 0.1875 0.3458317 0.15625 0.2876666 0.1875 0.2876666 0.1875 0.7797126 0.15625 0.7059252 0.1875 0.7059252 0.1875 0.2214826 0.15625 0.2876666 0.15625 0.2214826 0.15625 0.4024602 0.125 0.4573781 0.125 0.4024602 0.15625 0.9394773 0.125 0.8523058 0.15625 0.8523058 0.15625 0.4024602 0.125 0.3458317 0.15625 0.3458317 0.15625 0.8523058 0.125 0.7797126 0.15625 0.7797126 0.15625 0.3458317 0.125 0.2876666 0.15625 0.2876666 0.15625 0.7059252 0.125 0.7797126 0.125 0.7059252 0.15625 0.2214826 0.125 0.2876666 0.125 0.2214826 0.15625 0.6379138 0.125 0.7059252 0.125 0.6379138 0.15625 0.2214826 0.125 0.1383255 0.15625 0.1383255 0.15625 0.576893 0.125 0.6379138 0.125 0.576893 0.15625 0.1383255 0.125 0.05727553 0.15625 0.05727553 0.1562499 0.511826 0.125 0.576893 0.125 0.511826 0.15625 1.04607 0.140625 1.059721 0.125 1.04607 0.140625 0.03830081 0.15625 0.05727553 0.125 0.05727553 0.1562499 0.511826 0.125 0.4573781 0.15625 0.4573781 0.15625 0.9394773 0.125 1.04607 0.125 0.9394774 0.125 0.2214826 0.09375 0.1383255 0.125 0.1383255 0.125 0.6379138 0.09375 0.576893 0.125 0.576893 0.125 0.1383255 0.09375005 0.05727553 0.125 0.05727553 0.125 0.511826 0.09375 0.576893 0.09374994 0.511826 0.125 1.04607 0.1093751 1.059721 0.09375005 1.04607 0.1093751 0.03830081 0.125 0.05727553 0.09375005 0.05727553 0.125 0.511826 0.09375 0.4573781 0.125 0.4573781 0.125 1.04607 0.09375 0.9394774 0.125 0.9394774 0.125 0.4024602 0.09375 0.4573781 0.09375 0.4024602 0.125 0.8523058 0.09375 0.9394774 0.09375 0.8523058 0.125 0.4024602 0.09375 0.3458317 0.125 0.3458317 0.125 0.8523058 0.09375 0.7797126 0.125 0.7797126 0.125 0.3458317 0.09375 0.2876666 0.125 0.2876666 0.125 0.7059252 0.09375 0.7797126 0.09375 0.7059252 0.125 0.2214826 0.09375 0.2876666 0.09375 0.2214826 0.125 0.6379138 0.09375 0.7059252 0.09375 0.6379138 0.09375 0.4024602 0.0625 0.3458317 0.09375 0.3458317 0.09375 0.8523058 0.0625 0.7797126 0.09375 0.7797126 0.09375 0.3458317 0.0625 0.2876666 0.09375 0.2876666 0.09375 0.7797126 0.0625 0.7059252 0.09375 0.7059252 0.09375 0.2214826 0.0625 0.2876666 0.0625 0.2214826 0.09375 0.7059252 0.0625 0.6379138 0.09375 0.6379138 0.09375 0.2214826 0.0625 0.1383253 0.09375 0.1383255 0.09375 0.6379138 0.0625 0.576893 0.09375 0.576893 0.09375 0.1383255 0.06250005 0.05727553 0.09375005 0.05727553 0.09374994 0.511826 0.0625 0.576893 0.06249994 0.511826 0.09375005 1.04607 0.07812511 1.059721 0.06250005 1.04607 0.07812511 0.03830081 0.09375005 0.05727553 0.06250005 0.05727553 0.09374994 0.511826 0.0625 0.4573781 0.09375 0.4573781 0.09375005 1.04607 0.0625 0.9394774 0.09375 0.9394774 0.09375 0.4024602 0.0625 0.4573781 0.0625 0.4024602 0.09375 0.9394774 0.0625 0.8523058 0.09375 0.8523058 0.06250005 0.05727553 0.03125005 0.1383253 0.03125005 0.05727553 0.06249994 0.511826 0.03125 0.576893 0.03124994 0.511826 0.06250005 1.04607 0.04687505 1.059721 0.03125005 1.04607 0.04687505 0.03830081 0.06250005 0.05727553 0.03125005 0.05727553 0.06249994 0.511826 0.03125 0.4573781 0.0625 0.4573781 0.06250005 1.04607 0.03125005 0.9394774 0.0625 0.9394774 0.0625 0.4024602 0.03125 0.4573781 0.03125 0.4024602 0.0625 0.9394774 0.03125 0.8523058 0.0625 0.8523058 0.0625 0.4024602 0.03125 0.3458317 0.0625 0.3458317 0.0625 0.8523058 0.03125005 0.7797126 0.0625 0.7797126 0.0625 0.2876666 0.03125 0.3458317 0.03125005 0.2876666 0.0625 0.7059252 0.03125005 0.7797126 0.03125 0.7059252 0.0625 0.2214826 0.03125005 0.2876666 0.03125 0.2214826 0.0625 0.6379138 0.03125 0.7059252 0.03125 0.6379138 0.0625 0.2214826 0.03125005 0.1383253 0.0625 0.1383253 0.0625 0.576893 0.03125 0.6379138 0.03125 0.576893 0.03125 0.8523058 0 0.7797126 0.03125005 0.7797126 0.03125 0.3458317 0 0.2876666 0.03125005 0.2876666 0.03125005 0.7797126 0 0.7059252 0.03125 0.7059252 0.03125 0.2214826 0 0.2876666 0 0.2214826 0.03125 0.6379138 0 0.7059252 0 0.6379138 0.03125 0.2214826 0 0.1383253 0.03125005 0.1383253 0.03125 0.6379138 0 0.576893 0.03125 0.576893 0.03125005 0.05727553 0 0.1383253 0 0.05727553 0.03124994 0.511826 0 0.576893 0 0.511826 0.03125005 1.04607 0.01562511 1.059721 0 1.046069 0.01562511 0.03830081 0.03125005 0.05727553 0 0.05727553 0.03124994 0.511826 0 0.4573781 0.03125 0.4573781 0.375 1.04607 0.40625 0.9394774 0.40625 1.04607 0.03125 0.4024602 0 0.4573781 0 0.4024602 0.03125005 0.9394774 0 0.8523058 0.03125 0.8523058 0.03125 0.4024602 0 0.3458317 0.03125 0.3458317 1 0.511826 0.96875 0.576893 0.9687499 0.511826 1 1.046069 0.9843751 1.059721 0.96875 1.04607 0.9843751 0.03830081 1 0.05727553 0.96875 0.05727553 1 0.511826 0.96875 0.4573781 1 0.4573781 1 1.046069 0.96875 0.9394774 1 0.9394774 1 0.4024602 0.96875 0.4573781 0.96875 0.4024602 1 0.9394774 0.96875 0.8523058 1 0.8523058 1 0.4024602 0.96875 0.3458317 1 0.3458317 1 0.8523058 0.96875 0.7797126 1 0.7797126 1 0.3458317 0.96875 0.2876666 1 0.2876666 1 0.7797126 0.96875 0.7059253 1 0.7059252 1 0.2214826 0.96875 0.2876666 0.96875 0.2214826 1 0.7059252 0.96875 0.6379138 1 0.6379138 1 0.2214826 0.96875 0.1383253 1 0.1383253 1 0.6379138 0.96875 0.576893 1 0.576893 1 0.05727553 0.96875 0.1383253 0.96875 0.05727553 0.96875 0.3458317 0.9375 0.2876666 0.96875 0.2876666 0.96875 0.7059253 0.9375 0.7797126 0.9375 0.7059253 0.96875 0.2214826 0.9375 0.2876666 0.9375 0.2214826 0.96875 0.6379138 0.9375 0.7059253 0.9375 0.6379138 0.96875 0.2214826 0.9375 0.1383253 0.96875 0.1383253 0.96875 0.6379138 0.9375 0.576893 0.96875 0.576893 0.96875 0.1383253 0.9375001 0.05727553 0.96875 0.05727553 0.9687499 0.511826 0.9375 0.576893 0.9375 0.511826 0.96875 1.04607 0.9531251 1.059721 0.9375001 1.04607 0.9531251 0.03830081 0.96875 0.05727553 0.9375001 0.05727553 0.9687499 0.511826 0.9375 0.4573781 0.96875 0.4573781 0.96875 1.04607 0.9375 0.9394774 0.96875 0.9394774 0.96875 0.4024602 0.9375 0.4573781 0.9375 0.4024602 0.96875 0.9394774 0.9375 0.8523058 0.96875 0.8523058 0.96875 0.4024602 0.9375 0.3458317 0.96875 0.3458317 0.96875 0.8523058 0.9375 0.7797126 0.96875 0.7797126 0.9375001 1.04607 0.9218751 1.059721 0.90625 1.04607 0.9218751 0.03830081 0.9375001 0.05727553 0.90625 0.05727553 0.9375 0.511826 0.90625 0.4573781 0.9375 0.4573781 0.9375001 1.04607 0.90625 0.9394774 0.9375 0.9394774 0.9375 0.4024602 0.90625 0.4573781 0.90625 0.4024602 0.9375 0.9394774 0.90625 0.8523058 0.9375 0.8523058 0.9375 0.4024602 0.90625 0.3458317 0.9375 0.3458317 0.9375 0.8523058 0.90625 0.7797126 0.9375 0.7797126 0.9375 0.3458317 0.90625 0.2876666 0.9375 0.2876666 0.9375 0.7059253 0.90625 0.7797126 0.90625 0.7059253 0.9375 0.2876666 0.90625 0.2214826 0.9375 0.2214826 0.9375 0.7059253 0.90625 0.6379138 0.9375 0.6379138 0.9375 0.2214826 0.90625 0.1383253 0.9375 0.1383253 0.9375 0.6379138 0.90625 0.576893 0.9375 0.576893 0.8125 0.1383254 0.78125 0.1383254 0.8125 0.05727553 0.9375 0.511826 0.90625 0.576893 0.90625 0.511826 0.90625 0.7797126 0.875 0.7059253 0.90625 0.7059253 0.90625 0.2214826 0.875 0.2876666 0.875 0.2214826 0.90625 0.7059253 0.875 0.6379138 0.90625 0.6379138 0.90625 0.1383253 0.875 0.2214826 0.875 0.1383253 0.90625 0.576893 0.875 0.6379138 0.875 0.576893 0.90625 0.05727553 0.875 0.1383253 0.875 0.05727553 0.90625 0.511826 0.875 0.576893 0.8749999 0.511826 0.90625 1.04607 0.8906251 1.059721 0.875 1.04607 0.890625 0.03830081 0.90625 0.05727553 0.875 0.05727553 0.90625 0.511826 0.875 0.4573781 0.90625 0.4573781 0.90625 1.04607 0.875 0.9394774 0.90625 0.9394774 0.90625 0.4573781 0.875 0.4024602 0.90625 0.4024602 0.90625 0.9394774 0.875 0.8523058 0.90625 0.8523058 0.90625 0.4024602 0.875 0.3458317 0.90625 0.3458317 0.90625 0.8523058 0.875 0.7797126 0.90625 0.7797126 0.90625 0.3458317 0.875 0.2876666 0.90625 0.2876666 0.8749999 0.511826 0.84375 0.4573781 0.875 0.4573781 0.875 0.9394774 0.84375 1.04607 0.84375 0.9394774 0.875 0.4573781 0.84375 0.4024602 0.875 0.4024602 0.875 0.9394774 0.84375 0.8523058 0.875 0.8523058 0.875 0.4024602 0.84375 0.3458317 0.875 0.3458317 0.875 0.8523058 0.84375 0.7797127 0.875 0.7797126 0.875 0.3458317 0.84375 0.2876666 0.875 0.2876666 0.875 0.7797126 0.84375 0.7059253 0.875 0.7059253 0.875 0.2214826 0.84375 0.2876666 0.84375 0.2214824 0.875 0.6379138 0.84375 0.7059253 0.84375 0.6379138 0.875 0.2214826 0.84375 0.1383254 0.875 0.1383253 0.875 0.576893 0.84375 0.6379138 0.84375 0.576893 0.875 0.05727553 0.84375 0.1383254 0.84375 0.05727553 0.8749999 0.511826 0.84375 0.576893 0.8437499 0.511826 0.875 1.04607 0.8593751 1.059721 0.84375 1.04607 0.859375 0.03830081 0.875 0.05727553 0.84375 0.05727553 0.84375 0.2214824 0.8125 0.2876666 0.8125 0.2214824 0.84375 0.7059253 0.8125 0.6379138 0.84375 0.6379138 0.84375 0.2214824 0.8125 0.1383254 0.84375 0.1383254 0.84375 0.6379138 0.8125 0.576893 0.84375 0.576893 0.84375 0.1383254 0.8125 0.05727553 0.84375 0.05727553 0.8437499 0.511826 0.8125 0.576893 0.8124999 0.511826 0.84375 1.04607 0.8281251 1.059721 0.8125 1.046069 0.828125 0.03830081 0.84375 0.05727553 0.8125 0.05727553 0.8437499 0.511826 0.8125 0.4573781 0.84375 0.4573781 0.84375 0.9394774 0.8125 1.046069 0.8125 0.9394774 0.84375 0.4573781 0.8125 0.4024602 0.84375 0.4024602 0.84375 0.9394774 0.8125 0.8523058 0.84375 0.8523058 0.84375 0.4024602 0.8125 0.3458316 0.84375 0.3458317 0.84375 0.8523058 0.8125 0.7797127 0.84375 0.7797127 0.84375 0.2876666 0.8125 0.3458316 0.8125 0.2876666 0.84375 0.7797127 0.8125 0.7059253 0.84375 0.7059253 0.8125 0.4573781 0.78125 0.4024602 0.8125 0.4024602 0.8125 0.9394774 0.78125 0.8523058 0.8125 0.8523058 0.8125 0.4024602 0.78125 0.3458316 0.8125 0.3458316 0.8125 0.7797127 0.78125 0.8523058 0.78125 0.7797126 0.8125 0.3458316 0.78125 0.2876666 0.8125 0.2876666 0.8125 0.7059253 0.78125 0.7797126 0.78125 0.7059253 0.8125 0.2214824 0.78125 0.2876666 0.78125 0.2214824 0.8125 0.7059253 0.78125 0.6379138 0.8125 0.6379138 0.8125 0.2214824 0.78125 0.1383254 0.8125 0.1383254 0.8125 0.576893 0.78125 0.6379138 0.78125 0.576893 0.6875 0.1383254 0.65625 0.1383254 0.6875 0.05727547 0.8124999 0.511826 0.78125 0.576893 0.7812499 0.511826 0.8125 1.046069 0.796875 1.059721 0.78125 1.046069 0.796875 0.03830081 0.8125 0.05727553 0.78125 0.05727547 0.8124999 0.511826 0.78125 0.4573781 0.8125 0.4573781 0.8125 0.9394774 0.78125 1.046069 0.78125 0.9394774 0.78125 0.2214824 0.75 0.1383253 0.78125 0.1383254 0.78125 0.576893 0.75 0.6379138 0.75 0.576893 0.78125 0.1383254 0.75 0.05727541 0.78125 0.05727547 0.7812499 0.511826 0.75 0.576893 0.7499999 0.511826 0.78125 1.046069 0.765625 1.059721 0.75 1.046069 0.765625 0.03830081 0.78125 0.05727547 0.75 0.05727541 0.7812499 0.511826 0.75 0.4573782 0.78125 0.4573781 0.78125 0.9394774 0.75 1.046069 0.75 0.9394773 0.78125 0.4573781 0.75 0.4024603 0.78125 0.4024602 0.78125 0.8523058 0.75 0.9394773 0.75 0.8523057 0.78125 0.4024602 0.75 0.3458318 0.78125 0.3458316 0.78125 0.7797126 0.75 0.8523057 0.75 0.7797126 0.78125 0.3458316 0.75 0.2876666 0.78125 0.2876666 0.78125 0.7059253 0.75 0.7797126 0.75 0.7059251 0.78125 0.2876666 0.75 0.2214826 0.78125 0.2214824 0.78125 0.6379138 0.75 0.7059251 0.75 0.6379138 0.75 0.7059251 0.71875 0.7059251 0.71875 0.6379138 0.75 0.2214826 0.71875 0.2214826 0.71875 0.1383254 0.75 0.6379138 0.71875 0.6379138 0.71875 0.576893 0.75 0.1383253 0.71875 0.1383254 0.71875 0.05727547 0.7499999 0.511826 0.75 0.576893 0.71875 0.576893 0.7499999 0.511826 0.71875 0.511826 0.71875 0.4573782 0.75 1.046069 0.71875 1.046069 0.71875 0.9394773 0.75 0.4573782 0.71875 0.4573782 0.71875 0.4024603 0.75 0.9394773 0.71875 0.9394773 0.71875 0.8523057 0.75 0.4024603 0.71875 0.4024603 0.71875 0.3458318 0.75 0.8523057 0.71875 0.8523057 0.71875 0.7797126 0.75 0.3458318 0.71875 0.3458318 0.71875 0.2876666 0.75 0.7797126 0.71875 0.7797126 0.71875 0.7059251 0.75 0.2214826 0.75 0.2876666 0.71875 0.2876666 0.71875 0.3458318 0.6875 0.3458318 0.6875 0.2876666 0.71875 0.7797126 0.6875 0.7797126 0.6875 0.7059251 0.71875 0.2876666 0.6875 0.2876666 0.6875 0.2214826 0.71875 0.7059251 0.6875 0.7059251 0.6875 0.6379138 0.71875 0.1383254 0.71875 0.2214826 0.6875 0.2214826 0.71875 0.576893 0.71875 0.6379138 0.6875 0.6379138 0.71875 0.1383254 0.6875 0.1383254 0.6875 0.05727547 0.71875 0.511826 0.71875 0.576893 0.6875 0.576893 0.71875 0.4573782 0.71875 0.511826 0.6875 0.511826 0.71875 1.046069 0.6875 1.046069 0.6875 0.9394773 0.71875 0.4024603 0.71875 0.4573782 0.6875 0.4573782 0.71875 0.9394773 0.6875 0.9394773 0.6875 0.8523057 0.71875 0.3458318 0.71875 0.4024603 0.6875 0.4024603 0.71875 0.8523057 0.6875 0.8523057 0.6875 0.7797126 0.6875 0.511826 0.65625 0.511826 0.65625 0.4573782 0.6875 0.9394773 0.6875 1.046069 0.65625 1.046069 0.6875 0.4573782 0.65625 0.4573782 0.65625 0.4024603 0.6875 0.9394773 0.65625 0.9394773 0.65625 0.8523057 0.6875 0.3458318 0.6875 0.4024603 0.65625 0.4024603 0.6875 0.7797126 0.6875 0.8523057 0.65625 0.8523057 0.6875 0.3458318 0.65625 0.3458318 0.65625 0.2876666 0.6875 0.7797126 0.65625 0.7797125 0.65625 0.7059251 0.6875 0.2876666 0.65625 0.2876666 0.65625 0.2214826 0.6875 0.7059251 0.65625 0.7059251 0.65625 0.6379138 0.6875 0.1383254 0.6875 0.2214826 0.65625 0.2214826 0.6875 0.6379138 0.65625 0.6379138 0.65625 0.576893 0.6875 0.05727547 0.65625 0.1383254 0.65625 0.05727547 0.6875 0.511826 0.6875 0.576893 0.65625 0.576893 0.65625 0.2214826 0.65625 0.2876666 0.625 0.2876666 0.65625 0.7059251 0.625 0.7059252 0.625 0.6379138 0.65625 0.2214826 0.625 0.2214826 0.625 0.1383254 0.65625 0.6379138 0.625 0.6379138 0.625 0.576893 0.65625 0.05727547 0.65625 0.1383254 0.625 0.1383254 0.65625 0.576893 0.625 0.576893 0.625 0.511826 0.65625 0.511826 0.625 0.511826 0.625 0.4573782 0.65625 1.046069 0.625 1.046069 0.625 0.9394773 0.65625 0.4024603 0.65625 0.4573782 0.625 0.4573782 0.65625 0.9394773 0.625 0.9394773 0.625 0.8523057 0.65625 0.3458318 0.65625 0.4024603 0.625 0.4024603 0.65625 0.8523057 0.625 0.8523057 0.625 0.7797126 0.65625 0.3458318 0.625 0.3458318 0.625 0.2876666 0.65625 0.7797125 0.625 0.7797126 0.625 0.7059252 0.625 1.046069 0.59375 1.046069 0.59375 0.9394773 0.625 0.4024603 0.625 0.4573782 0.59375 0.4573782 0.625 0.9394773 0.59375 0.9394773 0.59375 0.8523057 0.625 0.4024603 0.59375 0.4024603 0.59375 0.3458318 0.625 0.8523057 0.59375 0.8523057 0.59375 0.7797126 0.625 0.3458318 0.59375 0.3458318 0.59375 0.2876666 0.625 0.7059252 0.625 0.7797126 0.59375 0.7797126 0.625 0.2214826 0.625 0.2876666 0.59375 0.2876666 0.625 0.6379138 0.625 0.7059252 0.59375 0.7059251 0.625 0.1383254 0.625 0.2214826 0.59375 0.2214826 0.625 0.6379138 0.59375 0.6379138 0.59375 0.576893 0.625 0.1383254 0.59375 0.1383254 0.59375 0.05727547 0.625 0.511826 0.625 0.576893 0.59375 0.576893 0.625 0.511826 0.59375 0.511826 0.59375 0.4573782 0.59375 0.7059251 0.5625 0.7059251 0.5625 0.6379138 0.59375 0.2214826 0.5625 0.2214826 0.5625 0.1383254 0.59375 0.6379138 0.5625 0.6379138 0.5625 0.576893 0.5625 0.05727547 0.59375 0.1383254 0.5625 0.1383254 0.59375 0.576893 0.5625 0.576893 0.5625 0.511826 0.59375 0.511826 0.5625 0.511826 0.5625 0.4573782 0.59375 1.046069 0.5625 1.046069 0.5625 0.9394773 0.59375 0.4024603 0.59375 0.4573782 0.5625 0.4573782 0.59375 0.9394773 0.5625 0.9394773 0.5625 0.8523057 0.59375 0.4024603 0.5625 0.4024603 0.5625 0.3458318 0.59375 0.8523057 0.5625 0.8523057 0.5625 0.7797126 0.59375 0.3458318 0.5625 0.3458318 0.5625 0.2876666 0.59375 0.7797126 0.5625 0.7797126 0.5625 0.7059251 0.59375 0.2214826 0.59375 0.2876666 0.5625 0.2876666 0.5625 0.4024603 0.5625 0.4573782 0.53125 0.4573782 0.5625 0.9394773 0.53125 0.9394774 0.53125 0.8523057 0.5625 0.4024603 0.53125 0.4024603 0.53125 0.3458318 0.5625 0.8523057 0.53125 0.8523057 0.53125 0.7797126 0.5625 0.3458318 0.53125 0.3458318 0.53125 0.2876666 0.5625 0.7797126 0.53125 0.7797126 0.53125 0.7059252 0.5625 0.2214826 0.5625 0.2876666 0.53125 0.2876666 0.5625 0.7059251 0.53125 0.7059252 0.53125 0.6379138 0.5625 0.1383254 0.5625 0.2214826 0.53125 0.2214826 0.5625 0.576893 0.5625 0.6379138 0.53125 0.6379138 0.5625 0.05727547 0.53125 0.1383254 0.53125 0.05727547 0.5625 0.511826 0.5625 0.576893 0.53125 0.576893 0.5625 0.511826 0.53125 0.511826 0.53125 0.4573782 0.5625 0.9394773 0.5625 1.046069 0.53125 1.04607 0.53125 0.2214826 0.5 0.2214826 0.5 0.1383254 0.53125 0.576893 0.53125 0.6379138 0.5 0.6379138 0.53125 0.1383254 0.5 0.1383254 0.5 0.05727547 0.53125 0.576893 0.5 0.576893 0.5 0.511826 0.53125 0.511826 0.5 0.511826 0.5 0.4573782 0.53125 0.9394774 0.53125 1.04607 0.5 1.04607 0.53125 0.4573782 0.5 0.4573782 0.5 0.4024603 0.53125 0.8523057 0.53125 0.9394774 0.5 0.9394774 0.53125 0.4024603 0.5 0.4024603 0.5 0.3458318 0.53125 0.8523057 0.5 0.8523057 0.5 0.7797126 0.53125 0.3458318 0.5 0.3458318 0.5 0.2876666 0.53125 0.7059252 0.53125 0.7797126 0.5 0.7797126 0.53125 0.2214826 0.53125 0.2876666 0.5 0.2876666 0.53125 0.7059252 0.5 0.7059252 0.5 0.6379138 0.5 0.9394774 0.46875 0.9394774 0.46875 0.8523057 0.5 0.4024603 0.46875 0.4024602 0.46875 0.3458317 0.5 0.8523057 0.46875 0.8523057 0.46875 0.7797126 0.5 0.3458318 0.46875 0.3458317 0.46875 0.2876666 0.5 0.7059252 0.5 0.7797126 0.46875 0.7797126 0.5 0.2214826 0.5 0.2876666 0.46875 0.2876666 0.5 0.7059252 0.46875 0.7059252 0.46875 0.6379138 0.5 0.2214826 0.46875 0.2214826 0.46875 0.1383255 0.5 0.6379138 0.46875 0.6379138 0.46875 0.576893 0.5 0.1383254 0.46875 0.1383255 0.46875 0.05727553 0.5 0.576893 0.46875 0.576893 0.46875 0.511826 0.5 0.511826 0.46875 0.511826 0.46875 0.4573781 0.5 0.9394774 0.5 1.04607 0.46875 1.04607 0.5 0.4573782 0.46875 0.4573781 0.46875 0.4024602 0.46875 0.6379138 0.4375 0.6379138 0.4375 0.576893 0.46875 0.1383255 0.4375 0.1383255 0.4375 0.05727553 0.46875 0.511826 0.46875 0.576893 0.4375 0.576893 0.46875 0.511826 0.4375 0.511826 0.4375 0.4573781 0.46875 0.9394774 0.46875 1.04607 0.4375 1.04607 0.46875 0.4024602 0.46875 0.4573781 0.4375 0.4573781 0.46875 0.9394774 0.4375 0.9394774 0.4375 0.8523058 0.46875 0.4024602 0.4375 0.4024602 0.4375 0.3458317 0.46875 0.8523057 0.4375 0.8523058 0.4375 0.7797126 0.46875 0.3458317 0.4375 0.3458317 0.4375 0.2876666 0.46875 0.7797126 0.4375 0.7797126 0.4375 0.7059252 0.46875 0.2214826 0.46875 0.2876666 0.4375 0.2876666 0.46875 0.7059252 0.4375 0.7059252 0.4375 0.6379138 0.46875 0.2214826 0.4375 0.2214826 0.4375 0.1383255 0.4375 0.4024602 0.40625 0.4024602 0.40625 0.3458317 0.4375 0.8523058 0.40625 0.8523058 0.40625 0.7797126 0.4375 0.3458317 0.40625 0.3458317 0.40625 0.2876666 0.4375 0.7059252 0.4375 0.7797126 0.40625 0.7797126 0.4375 0.2214826 0.4375 0.2876666 0.40625 0.2876666 0.4375 0.7059252 0.40625 0.7059252 0.40625 0.6379138 0.4375 0.2214826 0.40625 0.2214826 0.40625 0.1383255 0.4375 0.576893 0.4375 0.6379138 0.40625 0.6379138 0.4375 0.05727553 0.4375 0.1383255 0.40625 0.1383255 0.4375 0.511826 0.4375 0.576893 0.40625 0.576893 0.4375 0.511826 0.40625 0.511826 0.40625 0.4573781 0.4375 1.04607 0.40625 1.04607 0.40625 0.9394774 0.4375 0.4024602 0.4375 0.4573781 0.40625 0.4573781 0.4375 0.9394774 0.40625 0.9394774 0.40625 0.8523058 0.40625 0.1383255 0.375 0.1383255 0.375 0.05727553 0.40625 0.511826 0.40625 0.576893 0.375 0.576893 0.40625 0.511826 0.375 0.511826 0.375 0.4573781 0.40625 0.4024602 0.40625 0.4573781 0.375 0.4573781 0.40625 0.9394774 0.375 0.9394773 0.375 0.8523057 0.40625 0.4024602 0.375 0.4024602 0.375 0.3458317 0.40625 0.7797126 0.40625 0.8523058 0.375 0.8523057 0.40625 0.3458317 0.375 0.3458317 0.375 0.2876666 0.40625 0.7797126 0.375 0.7797126 0.375 0.7059252 0.40625 0.2214826 0.40625 0.2876666 0.375 0.2876666 0.40625 0.7059252 0.375 0.7059252 0.375 0.6379138 0.40625 0.1383255 0.40625 0.2214826 0.375 0.2214826 0.40625 0.6379138 0.375 0.6379138 0.375 0.576893 0.375 0.3458317 0.34375 0.3458317 0.34375 0.2876666 0.375 0.7059252 0.375 0.7797126 0.34375 0.7797126 0.375 0.2876666 0.34375 0.2876666 0.34375 0.2214826 0.375 0.7059252 0.34375 0.7059252 0.34375 0.6379138 0.375 0.2214826 0.34375 0.2214826 0.34375 0.1383255 0.375 0.6379138 0.34375 0.6379138 0.34375 0.576893 0.375 0.1383255 0.34375 0.1383255 0.34375 0.05727553 0.375 0.511826 0.375 0.576893 0.34375 0.576893 0.375 0.511826 0.34375 0.511826 0.34375 0.4573781 0.375 1.04607 0.34375 1.04607 0.34375 0.9394774 0.375 0.4573781 0.34375 0.4573781 0.34375 0.4024602 0.375 0.9394773 0.34375 0.9394774 0.34375 0.8523057 0.375 0.4024602 0.34375 0.4024602 0.34375 0.3458317 0.375 0.8523057 0.34375 0.8523057 0.34375 0.7797126 0.34375 0.511826 0.3125 0.511826 0.3125 0.4573781 0.34375 1.04607 0.3125 1.04607 0.3125 0.9394774 0.34375 0.4573781 0.3125 0.4573781 0.3125 0.4024602 0.34375 0.9394774 0.3125 0.9394774 0.3125 0.8523057 0.34375 0.4024602 0.3125 0.4024602 0.3125 0.3458317 0.34375 0.8523057 0.3125 0.8523057 0.3125 0.7797126 0.34375 0.3458317 0.3125 0.3458317 0.3125 0.2876666 0.34375 0.7797126 0.3125 0.7797126 0.3125 0.7059252 0.34375 0.2214826 0.34375 0.2876666 0.3125 0.2876666 0.34375 0.7059252 0.3125 0.7059252 0.3125 0.6379138 0.34375 0.2214826 0.3125 0.2214826 0.3125 0.1383255 0.34375 0.576893 0.34375 0.6379138 0.3125 0.6379138 0.3125 0.05727553 0.34375 0.1383255 0.3125 0.1383255 0.34375 0.511826 0.34375 0.576893 0.3125 0.576893 0.3125 0.7059252 0.3125 0.7797126 0.28125 0.7797126 0.3125 0.2214826 0.3125 0.2876666 0.28125 0.2876666 0.3125 0.7059252 0.28125 0.7059252 0.28125 0.6379138 0.3125 0.2214826 0.28125 0.2214826 0.28125 0.1383255 0.3125 0.576893 0.3125 0.6379138 0.28125 0.6379138 0.3125 0.05727553 0.3125 0.1383255 0.28125 0.1383255 0.3125 0.511826 0.3125 0.576893 0.28125 0.576893 0.3125 0.511826 0.28125 0.511826 0.28125 0.4573781 0.3125 1.04607 0.28125 1.04607 0.28125 0.9394774 0.3125 0.4024602 0.3125 0.4573781 0.28125 0.4573781 0.3125 0.9394774 0.28125 0.9394774 0.28125 0.8523057 0.3125 0.4024602 0.28125 0.4024602 0.28125 0.3458317 0.3125 0.8523057 0.28125 0.8523057 0.28125 0.7797126 0.3125 0.3458317 0.28125 0.3458317 0.28125 0.2876666 0.28125 0.511826 0.25 0.511826 0.25 0.4573781 0.28125 0.9394774 0.28125 1.04607 0.25 1.04607 0.28125 0.4024602 0.28125 0.4573781 0.25 0.4573781 0.28125 0.9394774 0.25 0.9394773 0.25 0.8523057 0.28125 0.4024602 0.25 0.4024602 0.25 0.3458317 0.28125 0.8523057 0.25 0.8523057 0.25 0.7797126 0.28125 0.3458317 0.25 0.3458317 0.25 0.2876666 0.28125 0.7059252 0.28125 0.7797126 0.25 0.7797126 0.28125 0.2214826 0.28125 0.2876666 0.25 0.2876666 0.28125 0.7059252 0.25 0.7059252 0.25 0.6379138 0.28125 0.2214826 0.25 0.2214826 0.25 0.1383255 0.28125 0.6379138 0.25 0.6379138 0.25 0.576893 0.28125 0.05727553 0.28125 0.1383255 0.25 0.1383255 0.28125 0.511826 0.28125 0.576893 0.25 0.576893 0.25 0.2214826 0.25 0.2876666 0.21875 0.2876666 0.25 0.7059252 0.21875 0.7059252 0.21875 0.6379138 0.25 0.2214826 0.21875 0.2214826 0.21875 0.1383255 0.25 0.576893 0.25 0.6379138 0.21875 0.6379138 0.25 0.1383255 0.21875 0.1383255 0.21875 0.05727553 0.25 0.511826 0.25 0.576893 0.21875 0.576893 0.25 0.511826 0.21875 0.511826 0.21875 0.4573781 0.25 1.04607 0.21875 1.04607 0.21875 0.9394773 0.25 0.4024602 0.25 0.4573781 0.21875 0.4573781 0.25 0.9394773 0.21875 0.9394773 0.21875 0.8523057 0.25 0.4024602 0.21875 0.4024602 0.21875 0.3458317 0.25 0.8523057 0.21875 0.8523057 0.21875 0.7797126 0.25 0.3458317 0.21875 0.3458317 0.21875 0.2876666 0.25 0.7797126 0.21875 0.7797126 0.21875 0.7059252 0.21875 1.04607 0.1875 1.046069 0.1875 0.9394773 0.21875 0.4573781 0.1875 0.4573781 0.1875 0.4024602 0.21875 0.9394773 0.1875 0.9394773 0.1875 0.8523058 0.21875 0.4024602 0.1875 0.4024602 0.1875 0.3458317 0.21875 0.8523057 0.1875 0.8523058 0.1875 0.7797126 0.21875 0.3458317 0.1875 0.3458317 0.1875 0.2876666 0.21875 0.7797126 0.1875 0.7797126 0.1875 0.7059252 0.21875 0.2214826 0.21875 0.2876666 0.1875 0.2876666 0.21875 0.7059252 0.1875 0.7059252 0.1875 0.6379138 0.21875 0.2214826 0.1875 0.2214826 0.1875 0.1383255 0.21875 0.576893 0.21875 0.6379138 0.1875 0.6379138 0.21875 0.1383255 0.1875 0.1383255 0.1875 0.05727553 0.21875 0.511826 0.21875 0.576893 0.1875 0.576893 0.21875 0.511826 0.1875 0.511826 0.1875 0.4573781 0.1875 0.7059252 0.15625 0.7059252 0.15625 0.6379138 0.1875 0.2214826 0.15625 0.2214826 0.15625 0.1383255 0.1875 0.576893 0.1875 0.6379138 0.15625 0.6379138 0.1875 0.05727553 0.1875 0.1383255 0.15625 0.1383255 0.1875 0.511826 0.1875 0.576893 0.15625 0.576893 0.1875 0.511826 0.1562499 0.511826 0.15625 0.4573781 0.1875 1.046069 0.15625 1.04607 0.15625 0.9394773 0.1875 0.4573781 0.15625 0.4573781 0.15625 0.4024602 0.1875 0.9394773 0.15625 0.9394773 0.15625 0.8523058 0.1875 0.4024602 0.15625 0.4024602 0.15625 0.3458317 0.1875 0.8523058 0.15625 0.8523058 0.15625 0.7797126 0.1875 0.3458317 0.15625 0.3458317 0.15625 0.2876666 0.1875 0.7797126 0.15625 0.7797126 0.15625 0.7059252 0.1875 0.2214826 0.1875 0.2876666 0.15625 0.2876666 0.15625 0.4024602 0.15625 0.4573781 0.125 0.4573781 0.15625 0.9394773 0.125 0.9394774 0.125 0.8523058 0.15625 0.4024602 0.125 0.4024602 0.125 0.3458317 0.15625 0.8523058 0.125 0.8523058 0.125 0.7797126 0.15625 0.3458317 0.125 0.3458317 0.125 0.2876666 0.15625 0.7059252 0.15625 0.7797126 0.125 0.7797126 0.15625 0.2214826 0.15625 0.2876666 0.125 0.2876666 0.15625 0.6379138 0.15625 0.7059252 0.125 0.7059252 0.15625 0.2214826 0.125 0.2214826 0.125 0.1383255 0.15625 0.576893 0.15625 0.6379138 0.125 0.6379138 0.15625 0.1383255 0.125 0.1383255 0.125 0.05727553 0.1562499 0.511826 0.15625 0.576893 0.125 0.576893 0.1562499 0.511826 0.125 0.511826 0.125 0.4573781 0.15625 0.9394773 0.15625 1.04607 0.125 1.04607 0.125 0.2214826 0.09375 0.2214826 0.09375 0.1383255 0.125 0.6379138 0.09375 0.6379138 0.09375 0.576893 0.125 0.1383255 0.09375 0.1383255 0.09375005 0.05727553 0.125 0.511826 0.125 0.576893 0.09375 0.576893 0.125 0.511826 0.09374994 0.511826 0.09375 0.4573781 0.125 1.04607 0.09375005 1.04607 0.09375 0.9394774 0.125 0.4024602 0.125 0.4573781 0.09375 0.4573781 0.125 0.8523058 0.125 0.9394774 0.09375 0.9394774 0.125 0.4024602 0.09375 0.4024602 0.09375 0.3458317 0.125 0.8523058 0.09375 0.8523058 0.09375 0.7797126 0.125 0.3458317 0.09375 0.3458317 0.09375 0.2876666 0.125 0.7059252 0.125 0.7797126 0.09375 0.7797126 0.125 0.2214826 0.125 0.2876666 0.09375 0.2876666 0.125 0.6379138 0.125 0.7059252 0.09375 0.7059252 0.09375 0.4024602 0.0625 0.4024602 0.0625 0.3458317 0.09375 0.8523058 0.0625 0.8523058 0.0625 0.7797126 0.09375 0.3458317 0.0625 0.3458317 0.0625 0.2876666 0.09375 0.7797126 0.0625 0.7797126 0.0625 0.7059252 0.09375 0.2214826 0.09375 0.2876666 0.0625 0.2876666 0.09375 0.7059252 0.0625 0.7059252 0.0625 0.6379138 0.09375 0.2214826 0.0625 0.2214826 0.0625 0.1383253 0.09375 0.6379138 0.0625 0.6379138 0.0625 0.576893 0.09375 0.1383255 0.0625 0.1383253 0.06250005 0.05727553 0.09374994 0.511826 0.09375 0.576893 0.0625 0.576893 0.09374994 0.511826 0.06249994 0.511826 0.0625 0.4573781 0.09375005 1.04607 0.06250005 1.04607 0.0625 0.9394774 0.09375 0.4024602 0.09375 0.4573781 0.0625 0.4573781 0.09375 0.9394774 0.0625 0.9394774 0.0625 0.8523058 0.06250005 0.05727553 0.0625 0.1383253 0.03125005 0.1383253 0.06249994 0.511826 0.0625 0.576893 0.03125 0.576893 0.06249994 0.511826 0.03124994 0.511826 0.03125 0.4573781 0.06250005 1.04607 0.03125005 1.04607 0.03125005 0.9394774 0.0625 0.4024602 0.0625 0.4573781 0.03125 0.4573781 0.0625 0.9394774 0.03125005 0.9394774 0.03125 0.8523058 0.0625 0.4024602 0.03125 0.4024602 0.03125 0.3458317 0.0625 0.8523058 0.03125 0.8523058 0.03125005 0.7797126 0.0625 0.2876666 0.0625 0.3458317 0.03125 0.3458317 0.0625 0.7059252 0.0625 0.7797126 0.03125005 0.7797126 0.0625 0.2214826 0.0625 0.2876666 0.03125005 0.2876666 0.0625 0.6379138 0.0625 0.7059252 0.03125 0.7059252 0.0625 0.2214826 0.03125 0.2214826 0.03125005 0.1383253 0.0625 0.576893 0.0625 0.6379138 0.03125 0.6379138 0.03125 0.8523058 0 0.8523058 0 0.7797126 0.03125 0.3458317 0 0.3458317 0 0.2876666 0.03125005 0.7797126 0 0.7797126 0 0.7059252 0.03125 0.2214826 0.03125005 0.2876666 0 0.2876666 0.03125 0.6379138 0.03125 0.7059252 0 0.7059252 0.03125 0.2214826 0 0.2214826 0 0.1383253 0.03125 0.6379138 0 0.6379138 0 0.576893 0.03125005 0.05727553 0.03125005 0.1383253 0 0.1383253 0.03124994 0.511826 0.03125 0.576893 0 0.576893 0.03124994 0.511826 0 0.511826 0 0.4573781 0.03125005 0.9394774 0 1.046069 0 0.9394773 0.03125 0.4024602 0.03125 0.4573781 0 0.4573781 0.03125005 0.9394774 0 0.9394773 0 0.8523058 0.03125 0.4024602 0 0.4024602 0 0.3458317 1 0.511826 1 0.576893 0.96875 0.576893 1 0.511826 0.9687499 0.511826 0.96875 0.4573781 1 1.046069 0.96875 1.04607 0.96875 0.9394774 1 0.4024602 1 0.4573781 0.96875 0.4573781 1 0.9394774 0.96875 0.9394774 0.96875 0.8523058 1 0.4024602 0.96875 0.4024602 0.96875 0.3458317 1 0.8523058 0.96875 0.8523058 0.96875 0.7797126 1 0.3458317 0.96875 0.3458317 0.96875 0.2876666 1 0.7797126 0.96875 0.7797126 0.96875 0.7059253 1 0.2214826 1 0.2876666 0.96875 0.2876666 1 0.7059252 0.96875 0.7059253 0.96875 0.6379138 1 0.2214826 0.96875 0.2214826 0.96875 0.1383253 1 0.6379138 0.96875 0.6379138 0.96875 0.576893 1 0.05727553 1 0.1383253 0.96875 0.1383253 0.96875 0.3458317 0.9375 0.3458317 0.9375 0.2876666 0.96875 0.7059253 0.96875 0.7797126 0.9375 0.7797126 0.96875 0.2214826 0.96875 0.2876666 0.9375 0.2876666 0.96875 0.6379138 0.96875 0.7059253 0.9375 0.7059253 0.96875 0.2214826 0.9375 0.2214826 0.9375 0.1383253 0.96875 0.6379138 0.9375 0.6379138 0.9375 0.576893 0.96875 0.1383253 0.9375 0.1383253 0.9375001 0.05727553 0.9687499 0.511826 0.96875 0.576893 0.9375 0.576893 0.9687499 0.511826 0.9375 0.511826 0.9375 0.4573781 0.96875 1.04607 0.9375001 1.04607 0.9375 0.9394774 0.96875 0.4024602 0.96875 0.4573781 0.9375 0.4573781 0.96875 0.9394774 0.9375 0.9394774 0.9375 0.8523058 0.96875 0.4024602 0.9375 0.4024602 0.9375 0.3458317 0.96875 0.8523058 0.9375 0.8523058 0.9375 0.7797126 0.9375 0.511826 0.90625 0.511826 0.90625 0.4573781 0.9375001 1.04607 0.90625 1.04607 0.90625 0.9394774 0.9375 0.4024602 0.9375 0.4573781 0.90625 0.4573781 0.9375 0.9394774 0.90625 0.9394774 0.90625 0.8523058 0.9375 0.4024602 0.90625 0.4024602 0.90625 0.3458317 0.9375 0.8523058 0.90625 0.8523058 0.90625 0.7797126 0.9375 0.3458317 0.90625 0.3458317 0.90625 0.2876666 0.9375 0.7059253 0.9375 0.7797126 0.90625 0.7797126 0.9375 0.2876666 0.90625 0.2876666 0.90625 0.2214826 0.9375 0.7059253 0.90625 0.7059253 0.90625 0.6379138 0.9375 0.2214826 0.90625 0.2214826 0.90625 0.1383253 0.9375 0.6379138 0.90625 0.6379138 0.90625 0.576893 0.9375001 0.05727553 0.90625 0.1383253 0.90625 0.05727553 0.9375 0.511826 0.9375 0.576893 0.90625 0.576893 0.90625 0.7797126 0.875 0.7797126 0.875 0.7059253 0.90625 0.2214826 0.90625 0.2876666 0.875 0.2876666 0.90625 0.7059253 0.875 0.7059253 0.875 0.6379138 0.90625 0.1383253 0.90625 0.2214826 0.875 0.2214826 0.90625 0.576893 0.90625 0.6379138 0.875 0.6379138 0.90625 0.05727553 0.90625 0.1383253 0.875 0.1383253 0.90625 0.511826 0.90625 0.576893 0.875 0.576893 0.90625 0.511826 0.8749999 0.511826 0.875 0.4573781 0.90625 1.04607 0.875 1.04607 0.875 0.9394774 0.90625 0.4573781 0.875 0.4573781 0.875 0.4024602 0.90625 0.9394774 0.875 0.9394774 0.875 0.8523058 0.90625 0.4024602 0.875 0.4024602 0.875 0.3458317 0.90625 0.8523058 0.875 0.8523058 0.875 0.7797126 0.90625 0.3458317 0.875 0.3458317 0.875 0.2876666 0.8749999 0.511826 0.8437499 0.511826 0.84375 0.4573781 0.875 0.9394774 0.875 1.04607 0.84375 1.04607 0.875 0.4573781 0.84375 0.4573781 0.84375 0.4024602 0.875 0.9394774 0.84375 0.9394774 0.84375 0.8523058 0.875 0.4024602 0.84375 0.4024602 0.84375 0.3458317 0.875 0.8523058 0.84375 0.8523058 0.84375 0.7797127 0.875 0.3458317 0.84375 0.3458317 0.84375 0.2876666 0.875 0.7797126 0.84375 0.7797127 0.84375 0.7059253 0.875 0.2214826 0.875 0.2876666 0.84375 0.2876666 0.875 0.6379138 0.875 0.7059253 0.84375 0.7059253 0.875 0.2214826 0.84375 0.2214824 0.84375 0.1383254 0.875 0.576893 0.875 0.6379138 0.84375 0.6379138 0.875 0.05727553 0.875 0.1383253 0.84375 0.1383254 0.8749999 0.511826 0.875 0.576893 0.84375 0.576893 0.84375 0.2214824 0.84375 0.2876666 0.8125 0.2876666 0.84375 0.7059253 0.8125 0.7059253 0.8125 0.6379138 0.84375 0.2214824 0.8125 0.2214824 0.8125 0.1383254 0.84375 0.6379138 0.8125 0.6379138 0.8125 0.576893 0.84375 0.1383254 0.8125 0.1383254 0.8125 0.05727553 0.8437499 0.511826 0.84375 0.576893 0.8125 0.576893 0.8437499 0.511826 0.8124999 0.511826 0.8125 0.4573781 0.84375 0.9394774 0.84375 1.04607 0.8125 1.046069 0.84375 0.4573781 0.8125 0.4573781 0.8125 0.4024602 0.84375 0.9394774 0.8125 0.9394774 0.8125 0.8523058 0.84375 0.4024602 0.8125 0.4024602 0.8125 0.3458316 0.84375 0.8523058 0.8125 0.8523058 0.8125 0.7797127 0.84375 0.2876666 0.84375 0.3458317 0.8125 0.3458316 0.84375 0.7797127 0.8125 0.7797127 0.8125 0.7059253 0.8125 0.4573781 0.78125 0.4573781 0.78125 0.4024602 0.8125 0.9394774 0.78125 0.9394774 0.78125 0.8523058 0.8125 0.4024602 0.78125 0.4024602 0.78125 0.3458316 0.8125 0.7797127 0.8125 0.8523058 0.78125 0.8523058 0.8125 0.3458316 0.78125 0.3458316 0.78125 0.2876666 0.8125 0.7059253 0.8125 0.7797127 0.78125 0.7797126 0.8125 0.2214824 0.8125 0.2876666 0.78125 0.2876666 0.8125 0.7059253 0.78125 0.7059253 0.78125 0.6379138 0.8125 0.2214824 0.78125 0.2214824 0.78125 0.1383254 0.8125 0.576893 0.8125 0.6379138 0.78125 0.6379138 0.8125 0.05727553 0.78125 0.1383254 0.78125 0.05727547 0.8124999 0.511826 0.8125 0.576893 0.78125 0.576893 0.8124999 0.511826 0.7812499 0.511826 0.78125 0.4573781 0.8125 0.9394774 0.8125 1.046069 0.78125 1.046069 0.78125 0.2214824 0.75 0.2214826 0.75 0.1383253 0.78125 0.576893 0.78125 0.6379138 0.75 0.6379138 0.78125 0.1383254 0.75 0.1383253 0.75 0.05727541 0.7812499 0.511826 0.78125 0.576893 0.75 0.576893 0.7812499 0.511826 0.7499999 0.511826 0.75 0.4573782 0.78125 0.9394774 0.78125 1.046069 0.75 1.046069 0.78125 0.4573781 0.75 0.4573782 0.75 0.4024603 0.78125 0.8523058 0.78125 0.9394774 0.75 0.9394773 0.78125 0.4024602 0.75 0.4024603 0.75 0.3458318 0.78125 0.7797126 0.78125 0.8523058 0.75 0.8523057 0.78125 0.3458316 0.75 0.3458318 0.75 0.2876666 0.78125 0.7059253 0.78125 0.7797126 0.75 0.7797126 0.78125 0.2876666 0.75 0.2876666 0.75 0.2214826 0.78125 0.6379138 0.78125 0.7059253 0.75 0.7059251 0.03125005 1.04607 0 1.046069 0.03125005 0.9394774 0.34375 0.05727553 0.34375 0.1383255 0.3125 0.05727553 0.375 1.04607 0.375 0.9394773 0.40625 0.9394774</float_array>
          <technique_common>
            <accessor source="#Sphere_002-mesh-map-0-array" count="2880" stride="2">
              <param name="S" type="float"/>
              <param name="T" type="float"/>
            </accessor>
          </technique_common>
        </source>
        <source id="Sphere_002-mesh-colors-Col" name="Col">
          <float_array id="Sphere_002-mesh-colors-Col-array" count="11520">1 1 1 1 1 1 1 1 1 1 1 1 1 1 1 1 1 1 1 1 1 1 1 1 1 1 1 1 1 1 1 1 1 1 1 1 1 1 1 1 1 1 1 1 1 1 1 1 1 1 1 1 1 1 1 1 1 1 1 1 1 1 1 1 1 1 1 1 1 1 1 1 1 1 1 1 1 1 1 1 1 1 1 1 1 1 1 1 1 1 1 1 1 1 1 1 1 1 1 1 1 1 1 1 1 1 1 1 1 1 1 1 1 1 1 1 1 1 1 1 1 1 1 1 1 1 1 1 1 1 1 1 1 1 1 1 1 1 1 1 1 1 1 1 1 1 1 1 1 1 1 1 1 1 1 1 1 1 1 1 1 1 1 1 1 1 1 1 1 1 1 1 1 1 1 1 1 1 1 1 1 1 1 1 1 1 1 1 1 1 1 1 1 1 1 1 1 1 1 1 1 1 1 1 1 1 1 1 1 1 1 1 1 1 1 1 1 1 1 1 1 1 1 1 1 1 1 1 1 1 1 1 1 1 1 1 1 1 1 1 1 1 1 1 1 1 1 1 1 1 1 1 1 1 1 1 1 1 1 1 1 1 1 1 1 1 1 1 1 1 1 1 1 1 1 1 1 1 1 1 1 1 1 1 1 1 1 1 1 1 1 1 1 1 1 1 1 1 1 1 1 1 1 1 1 1 1 1 1 1 1 1 1 1 1 1 1 1 1 1 1 1 1 1 1 1 1 1 1 1 1 1 1 1 1 1 1 1 1 1 1 1 1 1 1 1 1 1 1 1 1 1 1 1 1 1 1 1 1 1 1 1 1 1 1 1 1 1 1 1 1 1 1 1 1 1 1 1 1 1 1 1 1 1 1 1 1 1 1 1 1 1 1 1 1 1 1 1 1 1 1 1 1 1 1 1 1 1 1 1 1 1 1 1 1 1 1 1 1 1 1 1 1 1 1 1 1 1 1 1 1 1 1 1 1 1 1 1 1 1 1 1 1 1 1 1 1 1 1 1 1 1 1 1 1 1 1 1 1 1 1 1 1 1 1 1 1 1 1 1 1 1 1 1 1 1 1 1 1 1 1 1 1 1 1 1 1 1 1 1 1 1 1 1 1 1 1 1 1 1 1 1 1 1 1 1 1 1 1 1 1 1 1 1 1 1 1 1 1 1 1 1 1 1 1 1 1 1 1 1 1 1 1 1 1 1 1 1 1 1 1 1 1 1 1 1 1 1 1 1 1 1 1 1 1 1 1 1 1 1 1 1 1 1 1 1 1 1 1 1 1 1 1 1 1 1 1 1 1 1 1 1 1 1 1 1 1 1 1 1 1 1 1 1 1 1 1 1 1 1 1 1 1 1 1 1 1 1 1 1 1 1 1 1 1 1 1 1 1 1 1 1 1 1 1 1 1 1 1 1 1 1 1 1 1 1 1 1 1 1 1 1 1 1 1 1 1 1 1 1 1 1 1 1 1 1 1 1 1 1 1 1 1 1 1 1 1 1 1 1 1 1 1 1 1 1 1 1 1 1 1 1 1 1 1 1 1 1 1 1 1 1 1 1 1 1 1 1 1 1 1 1 1 1 1 1 1 1 1 1 1 1 1 1 1 1 1 1 1 1 1 1 1 1 1 1 1 1 1 1 1 1 1 1 1 1 1 1 1 1 1 1 1 1 1 1 1 1 1 1 1 1 1 1 1 1 1 1 1 1 1 1 1 1 1 1 1 1 1 1 1 1 1 1 1 1 1 1 1 1 1 1 1 1 1 1 1 1 1 1 1 1 1 1 1 1 1 1 1 1 1 1 1 1 1 1 1 1 1 1 1 1 1 1 1 1 1 1 1 1 1 1 1 1 1 1 1 1 1 1 1 1 1 1 1 1 1 1 1 1 1 1 1 1 1 1 1 1 1 1 1 1 1 1 1 1 1 1 1 1 1 1 1 1 1 1 1 1 1 1 1 1 1 1 1 1 1 1 1 1 1 1 1 1 1 1 1 1 1 1 1 1 1 1 1 1 1 1 1 1 1 1 1 1 1 1 1 1 1 1 1 1 1 1 1 1 1 1 1 1 1 1 1 1 1 1 1 1 1 1 1 1 1 1 1 1 1 1 1 1 1 1 1 1 1 1 1 1 1 1 1 1 1 1 1 1 1 1 1 1 1 1 1 1 1 1 1 1 1 1 1 1 1 1 1 1 1 1 1 1 1 1 1 1 1 1 1 1 1 1 1 1 1 1 1 1 1 1 1 1 1 1 1 1 1 1 1 1 1 1 1 1 1 1 1 1 1 1 1 1 1 1 1 1 1 1 1 1 1 1 1 1 1 1 1 1 1 1 1 1 1 1 1 1 1 1 1 1 1 1 1 1 1 1 1 1 1 1 1 1 1 1 1 1 1 1 1 1 1 1 1 1 1 1 1 1 1 1 1 1 1 1 1 1 1 1 1 1 1 1 1 1 1 1 1 1 1 1 1 1 1 1 1 1 1 1 1 1 1 1 1 1 1 1 1 1 1 1 1 1 1 1 1 1 1 1 1 1 1 1 1 1 1 1 1 1 1 1 1 1 1 1 1 1 1 1 1 1 1 1 1 1 1 1 1 1 1 1 1 1 1 1 1 1 1 1 1 1 1 1 1 1 1 1 1 1 1 1 1 1 1 1 1 1 1 1 1 1 1 1 1 1 1 1 1 1 1 1 1 1 1 1 1 1 1 1 1 1 1 1 1 1 1 1 1 1 1 1 1 1 1 1 1 1 1 1 1 1 1 1 1 1 1 1 1 1 1 1 1 1 1 1 1 1 1 1 1 1 1 1 1 1 1 1 1 1 1 1 1 1 1 1 1 1 1 1 1 1 1 1 1 1 1 1 1 1 1 1 1 1 1 1 1 1 1 1 1 1 1 1 1 1 1 1 1 1 1 1 1 1 1 1 1 1 1 1 1 1 1 1 1 1 1 1 1 1 1 1 1 1 1 1 1 1 1 1 1 1 1 1 1 1 1 1 1 1 1 1 1 1 1 1 1 1 1 1 1 1 1 1 1 1 1 1 1 1 1 1 1 1 1 1 1 1 1 1 1 1 1 1 1 1 1 1 1 1 1 1 1 1 1 1 1 1 1 1 1 1 1 1 1 1 1 1 1 1 1 1 1 1 1 1 1 1 1 1 1 1 1 1 1 1 1 1 1 1 1 1 1 1 1 1 1 1 1 1 1 1 1 1 1 1 1 1 1 1 1 1 1 1 1 1 1 1 1 1 1 1 1 1 1 1 1 1 1 1 1 1 1 1 1 1 1 1 1 1 1 1 1 1 1 1 1 1 1 1 1 1 1 1 1 1 1 1 1 1 1 1 1 1 1 1 1 1 1 1 1 1 1 1 1 1 1 1 1 1 1 1 1 1 1 1 1 1 1 1 1 1 1 1 1 1 1 1 1 1 1 1 1 1 1 1 1 1 1 1 1 1 1 1 1 1 1 1 1 1 1 1 1 1 1 1 1 1 1 1 1 1 1 1 1 1 1 1 1 1 1 1 1 1 1 1 1 1 1 1 1 1 1 1 1 1 1 1 1 1 1 1 1 1 1 1 1 1 1 1 1 1 1 1 1 1 1 1 1 1 1 1 1 1 1 1 1 1 1 1 1 1 1 1 1 1 1 1 1 1 1 1 1 1 1 1 1 1 1 1 1 1 1 1 1 1 1 1 1 1 1 1 1 1 1 1 1 1 1 1 1 1 1 1 1 1 1 1 1 1 1 1 1 1 1 1 1 1 1 1 1 1 1 1 1 1 1 1 1 1 1 1 1 1 1 1 1 1 1 1 1 1 1 1 1 1 1 1 1 1 1 1 1 1 1 1 1 1 1 1 1 1 1 1 1 1 1 1 1 1 1 1 1 1 1 1 1 1 1 1 1 1 1 1 1 1 1 1 1 1 1 1 1 1 1 1 1 1 1 1 1 1 1 1 1 1 1 1 1 1 1 1 1 1 1 1 1 1 1 1 1 1 1 1 1 1 1 1 1 1 1 1 1 1 1 1 1 1 1 1 1 1 1 1 1 1 1 1 1 1 1 1 1 1 1 1 1 1 1 1 1 1 1 1 1 1 1 1 1 1 1 1 1 1 1 1 1 1 1 1 1 1 1 1 1 1 1 1 1 1 1 1 1 1 1 1 1 1 1 1 1 1 1 1 1 1 1 1 1 1 1 1 1 1 1 1 1 1 1 1 1 1 1 1 1 1 1 1 1 1 1 1 1 1 1 1 1 1 1 1 1 1 1 1 1 1 1 1 1 1 1 1 1 1 1 1 1 1 1 1 1 1 1 1 1 1 1 1 1 1 1 1 1 1 1 1 1 1 1 1 1 1 1 1 1 1 1 1 1 1 1 1 1 1 1 1 1 1 1 1 1 1 1 1 1 1 1 1 1 1 1 1 1 1 1 1 1 1 1 1 1 1 1 1 1 1 1 1 1 1 1 1 1 1 1 1 1 1 1 1 1 1 1 1 1 1 1 1 1 1 1 1 1 1 1 1 1 1 1 1 1 1 1 1 1 1 1 1 1 1 1 1 1 1 1 1 1 1 1 1 1 1 1 1 1 1 1 1 1 1 1 1 1 1 1 1 1 1 1 1 1 1 1 1 1 1 1 1 1 1 1 1 1 1 1 1 1 1 1 1 1 1 1 1 1 1 1 1 1 1 1 1 1 1 1 1 1 1 1 1 1 1 1 1 1 1 1 1 1 1 1 1 1 1 1 1 1 1 1 1 1 1 1 1 1 1 1 1 1 1 1 1 1 1 1 1 1 1 1 1 1 1 1 1 1 1 1 1 1 1 1 1 1 1 1 1 1 1 1 1 1 1 1 1 1 1 1 1 1 1 1 1 1 1 1 1 1 1 1 1 1 1 1 1 1 1 1 1 1 1 1 1 1 1 1 1 1 1 1 1 1 1 1 1 1 1 1 1 1 1 1 1 1 1 1 1 1 1 1 1 1 1 1 1 1 1 1 1 1 1 1 1 1 1 1 1 1 1 1 1 1 1 1 1 1 1 1 1 1 1 1 1 1 1 1 1 1 1 1 1 1 1 1 1 1 1 1 1 1 1 1 1 1 1 1 1 1 1 1 1 1 1 1 1 1 1 1 1 1 1 1 1 1 1 1 1 1 1 1 1 1 1 1 1 1 1 1 1 1 1 1 1 1 1 1 1 1 1 1 1 1 1 1 1 1 1 1 1 1 1 1 1 1 1 1 1 1 1 1 1 1 1 1 1 1 1 1 1 1 1 1 1 1 1 1 1 1 1 1 1 1 1 1 1 1 1 1 1 1 1 1 1 1 1 1 1 1 1 1 1 1 1 1 1 1 1 1 1 1 1 1 1 1 1 1 1 1 1 1 1 1 1 1 1 1 1 1 1 1 1 1 1 1 1 1 1 1 1 1 1 1 1 1 1 1 1 1 1 1 1 1 1 1 1 1 1 1 1 1 1 1 1 1 1 1 1 1 1 1 1 1 1 1 1 1 1 1 1 1 1 1 1 1 1 1 1 1 1 1 1 1 1 1 1 1 1 1 1 1 1 1 1 1 1 1 1 1 1 1 1 1 1 1 1 1 1 1 1 1 1 1 1 1 1 1 1 1 1 1 1 1 1 1 1 1 1 1 1 1 1 1 1 1 1 1 1 1 1 1 1 1 1 1 1 1 1 1 1 1 1 1 1 1 1 1 1 1 1 1 1 1 1 1 1 1 1 1 1 1 1 1 1 1 1 1 1 1 1 1 1 1 1 1 1 1 1 1 1 1 1 1 1 1 1 1 1 1 1 1 1 1 1 1 1 1 1 1 1 1 1 1 1 1 1 1 1 1 1 1 1 1 1 1 1 1 1 1 1 1 1 1 1 1 1 1 1 1 1 1 1 1 1 1 1 1 1 1 1 1 1 1 1 1 1 1 1 1 1 1 1 1 1 1 1 1 1 1 1 1 1 1 1 1 1 1 1 1 1 1 1 1 1 1 1 1 1 1 1 1 1 1 1 1 1 1 1 1 1 1 1 1 1 1 1 1 1 1 1 1 1 1 1 1 1 1 1 1 1 1 1 1 1 1 1 1 1 1 1 1 1 1 1 1 1 1 1 1 1 1 1 1 1 1 1 1 1 1 1 1 1 1 1 1 1 1 1 1 1 1 1 1 1 1 1 1 1 1 1 1 1 1 1 1 1 1 1 1 1 1 1 1 1 1 1 1 1 1 1 1 1 1 1 1 1 1 1 1 1 1 1 1 1 1 1 1 1 1 1 1 1 1 1 1 1 1 1 1 1 1 1 1 1 1 1 1 1 1 1 1 1 1 1 1 1 1 1 1 1 1 1 1 1 1 1 1 1 1 1 1 1 1 1 1 1 1 1 1 1 1 1 1 1 1 1 1 1 1 1 1 1 1 1 1 1 1 1 1 1 1 1 1 1 1 1 1 1 1 1 1 1 1 1 1 1 1 1 1 1 1 1 1 1 1 1 1 1 1 1 1 1 1 1 1 1 1 1 1 1 1 1 1 1 1 1 1 1 1 1 1 1 1 1 1 1 1 1 1 1 1 1 1 1 1 1 1 1 1 1 1 1 1 1 1 1 1 1 1 1 1 1 1 1 1 1 1 1 1 1 1 1 1 1 1 1 1 1 1 1 1 1 1 1 1 1 1 1 1 1 1 1 1 1 1 1 1 1 1 1 1 1 1 1 1 1 1 1 1 1 1 1 1 1 1 1 1 1 1 1 1 1 1 1 1 1 1 1 1 1 1 1 1 1 1 1 1 1 1 1 1 1 1 1 1 1 1 1 1 1 1 1 1 1 1 1 1 1 1 1 1 1 1 1 1 1 1 1 1 1 1 1 1 1 1 1 1 1 1 1 1 1 1 1 1 1 1 1 1 1 1 1 1 1 1 1 1 1 1 1 1 1 1 1 1 1 1 1 1 1 1 1 1 1 1 1 1 1 1 1 1 1 1 1 1 1 1 1 1 1 1 1 1 1 1 1 1 1 1 1 1 1 1 1 1 1 1 1 1 1 1 1 1 1 1 1 1 1 1 1 1 1 1 1 1 1 1 1 1 1 1 1 1 1 1 1 1 1 1 1 1 1 1 1 1 1 1 1 1 1 1 1 1 1 1 1 1 1 1 1 1 1 1 1 1 1 1 1 1 1 1 1 1 1 1 1 1 1 1 1 1 1 1 1 1 1 1 1 1 1 1 1 1 1 1 1 1 1 1 1 1 1 1 1 1 1 1 1 1 1 1 1 1 1 1 1 1 1 1 1 1 1 1 1 1 1 1 1 1 1 1 1 1 1 1 1 1 1 1 1 1 1 1 1 1 1 1 1 1 1 1 1 1 1 1 1 1 1 1 1 1 1 1 1 1 1 1 1 1 1 1 1 1 1 1 1 1 1 1 1 1 1 1 1 1 1 1 1 1 1 1 1 1 1 1 1 1 1 1 1 1 1 1 1 1 1 1 1 1 1 1 1 1 1 1 1 1 1 1 1 1 1 1 1 1 1 1 1 1 1 1 1 1 1 1 1 1 1 1 1 1 1 1 1 1 1 1 1 1 1 1 1 1 1 1 1 1 1 1 1 1 1 1 1 1 1 1 1 1 1 1 1 1 1 1 1 1 1 1 1 1 1 1 1 1 1 1 1 1 1 1 1 1 1 1 1 1 1 1 1 1 1 1 1 1 1 1 1 1 1 1 1 1 1 1 1 1 1 1 1 1 1 1 1 1 1 1 1 1 1 1 1 1 1 1 1 1 1 1 1 1 1 1 1 1 1 1 1 1 1 1 1 1 1 1 1 1 1 1 1 1 1 1 1 1 1 1 1 1 1 1 1 1 1 1 1 1 1 1 1 1 1 1 1 1 1 1 1 1 1 1 1 1 1 1 1 1 1 1 1 1 1 1 1 1 1 1 1 1 1 1 1 1 1 1 1 1 1 1 1 1 1 1 1 1 1 1 1 1 1 1 1 1 1 1 1 1 1 1 1 1 1 1 1 1 1 1 1 1 1 1 1 1 1 1 1 1 1 1 1 1 1 1 1 1 1 1 1 1 1 1 1 1 1 1 1 1 1 1 1 1 1 1 1 1 1 1 1 1 1 1 1 1 1 1 1 1 1 1 1 1 1 1 1 1 1 1 1 1 1 1 1 1 1 1 1 1 1 1 1 1 1 1 1 1 1 1 1 1 1 1 1 1 1 1 1 1 1 1 1 1 1 1 1 1 1 1 1 1 1 1 1 1 1 1 1 1 1 1 1 1 1 1 1 1 1 1 1 1 1 1 1 1 1 1 1 1 1 1 1 1 1 1 1 1 1 1 1 1 1 1 1 1 1 1 1 1 1 1 1 1 1 1 1 1 1 1 1 1 1 1 1 1 1 1 1 1 1 1 1 1 1 1 1 1 1 1 1 1 1 1 1 1 1 1 1 1 1 1 1 1 1 1 1 1 1 1 1 1 1 1 1 1 1 1 1 1 1 1 1 1 1 1 1 1 1 1 1 1 1 1 1 1 1 1 1 1 1 1 1 1 1 1 1 1 1 1 1 1 1 1 1 1 1 1 1 1 1 1 1 1 1 1 1 1 1 1 1 1 1 1 1 1 1 1 1 1 1 1 1 1 1 1 1 1 1 1 1 1 1 1 1 1 1 1 1 1 1 1 1 1 1 1 1 1 1 1 1 1 1 1 1 1 1 1 1 1 1 1 1 1 1 1 1 1 1 1 1 1 1 1 1 1 1 1 1 1 1 1 1 1 1 1 1 1 1 1 1 1 1 1 1 1 1 1 1 1 1 1 1 1 1 1 1 1 1 1 1 1 1 1 1 1 1 1 1 1 1 1 1 1 1 1 1 1 1 1 1 1 1 1 1 1 1 1 1 1 1 1 1 1 1 1 1 1 1 1 1 1 1 1 1 1 1 1 1 1 1 1 1 1 1 1 1 1 1 1 1 1 1 1 1 1 1 1 1 1 1 1 1 1 1 1 1 1 1 1 1 1 1 1 1 1 1 1 1 1 1 1 1 1 1 1 1 1 1 1 1 1 1 1 1 1 1 1 1 1 1 1 1 1 1 1 1 1 1 1 1 1 1 1 1 1 1 1 1 1 1 1 1 1 1 1 1 1 1 1 1 1 1 1 1 1 1 1 1 1 1 1 1 1 1 1 1 1 1 1 1 1 1 1 1 1 1 1 1 1 1 1 1 1 1 1 1 1 1 1 1 1 1 1 1 1 1 1 1 1 1 1 1 1 1 1 1 1 1 1 1 1 1 1 1 1 1 1 1 1 1 1 1 1 1 1 1 1 1 1 1 1 1 1 1 1 1 1 1 1 1 1 1 1 1 1 1 1 1 1 1 1 1 1 1 1 1 1 1 1 1 1 1 1 1 1 1 1 1 1 1 1 1 1 1 1 1 1 1 1 1 1 1 1 1 1 1 1 1 1 1 1 1 1 1 1 1 1 1 1 1 1 1 1 1 1 1 1 1 1 1 1 1 1 1 1 1 1 1 1 1 1 1 1 1 1 1 1 1 1 1 1 1 1 1 1 1 1 1 1 1 1 1 1 1 1 1 1 1 1 1 1 1 1 1 1 1 1 1 1 1 1 1 1 1 1 1 1 1 1 1 1 1 1 1 1 1 1 1 1 1 1 1 1 1 1 1 1 1 1 1 1 1 1 1 1 1 1 1 1 1 1 1 1 1 1 1 1 1 1 1 1 1 1 1 1 1 1 1 1 1 1 1 1 1 1 1 1 1 1 1 1 1 1 1 1 1 1 1 1 1 1 1 1 1 1 1 1 1 1 1 1 1 1 1 1 1 1 1 1 1 1 1 1 1 1 1 1 1 1 1 1 1 1 1 1 1 1 1 1 1 1 1 1 1 1 1 1 1 1 1 1 1 1 1 1 1 1 1 1 1 1 1 1 1 1 1 1 1 1 1 1 1 1 1 1 1 1 1 1 1 1 1 1 1 1 1 1 1 1 1 1 1 1 1 1 1 1 1 1 1 1 1 1 1 1 1 1 1 1 1 1 1 1 1 1 1 1 1 1 1 1 1 1 1 1 1 1 1 1 1 1 1 1 1 1 1 1 1 1 1 1 1 1 1 1 1 1 1 1 1 1 1 1 1 1 1 1 1 1 1 1 1 1 1 1 1 1 1 1 1 1 1 1 1 1 1 1 1 1 1 1 1 1 1 1 1 1 1 1 1 1 1 1 1 1 1 1 1 1 1 1 1 1 1 1 1 1 1 1 1 1 1 1 1 1 1 1 1 1 1 1 1 1 1 1 1 1 1 1 1 1 1 1 1 1 1 1 1 1 1 1 1 1 1 1 1 1 1 1 1 1 1 1 1 1 1 1 1 1 1 1 1 1 1 1 1 1 1 1 1 1 1 1 1 1 1 1 1 1 1 1 1 1 1 1 1 1 1 1 1 1 1 1 1 1 1 1 1 1 1 1 1 1 1 1 1 1 1 1 1 1 1 1 1 1 1 1 1 1 1 1 1 1 1 1 1 1 1 1 1 1 1 1 1 1 1 1 1 1 1 1 1 1 1 1 1 1 1 1 1 1 1 1 1 1 1 1 1 1 1 1 1 1 1 1 1 1 1 1 1 1 1 1 1 1 1 1 1 1 1 1 1 1 1 1 1 1 1 1 1 1 1 1 1 1 1 1 1 1 1 1 1 1 1 1 1 1 1 1 1 1 1 1 1 1 1 1 1 1 1 1 1 1 1 1 1 1 1 1 1 1 1 1 1 1 1 1 1 1 1 1 1 1 1 1 1 1 1 1 1 1 1 1 1 1 1 1 1 1 1 1 1 1 1 1 1 1 1 1 1 1 1 1 1 1 1 1 1 1 1 1 1 1 1 1 1 1 1 1 1 1 1 1 1 1 1 1 1 1 1 1 1 1 1 1 1 1 1 1 1 1 1 1 1 1 1 1 1 1 1 1 1 1 1 1 1 1 1 1 1 1 1 1 1 1 1 1 1 1 1 1 1 1 1 1 1 1 1 1 1 1 1 1 1 1 1 1 1 1 1 1 1 1 1 1 1 1 1 1 1 1 1 1 1 1 1 1 1 1 1 1 1 1 1 1 1 1 1 1 1 1 1 1 1 1 1 1 1 1 1 1 1 1 1 1 1 1 1 1 1 1 1 1 1 1 1 1 1 1 1 1 1 1 1 1 1 1 1 1 1 1 1 1 1 1 1 1 1 1 1 1 1 1 1 1 1 1 1 1 1 1 1 1 1 1 1 1 1 1 1 1 1 1 1 1 1 1 1 1 1 1 1 1 1 1 1 1 1 1 1 1 1 1 1 1 1 1 1 1 1 1 1 1 1 1 1 1 1 1 1 1 1 1 1 1 1 1 1 1 1 1 1 1 1 1 1 1 1 1 1 1 1 1 1 1 1 1 1 1 1 1 1 1 1 1 1 1 1 1 1 1 1 1 1 1 1 1 1 1 1 1 1 1 1 1 1 1 1 1 1 1 1 1 1 1 1 1 1 1 1 1 1 1 1 1 1 1 1 1 1 1 1 1 1 1 1 1 1 1 1 1 1 1 1 1 1 1 1 1 1 1 1 1 1 1 1 1 1 1 1 1 1 1 1 1 1 1 1 1 1 1 1 1 1 1 1 1 1 1 1 1 1 1 1 1 1 1 1 1 1 1 1 1 1 1 1 1 1 1 1 1 1 1 1 1 1 1 1 1 1 1 1 1 1 1 1 1 1 1 1 1 1 1 1 1 1 1 1 1 1 1 1 1 1 1 1 1 1 1 1 1 1 1 1 1 1 1 1 1 1 1 1 1 1 1 1 1 1 1 1 1 1 1 1 1 1 1 1 1 1 1 1 1 1 1 1 1 1 1 1 1 1 1 1 1 1 1 1 1 1 1 1 1 1 1 1 1 1 1 1 1 1 1 1 1 1 1 1 1 1 1 1 1 1 1 1 1 1 1 1 1 1 1 1 1 1 1 1 1 1 1 1 1 1 1 1 1 1 1 1 1 1 1 1 1 1 1 1 1 1 1 1 1 1 1 1 1 1 1 1 1 1 1 1 1 1 1 1 1 1 1 1 1 1 1 1 1 1 1 1 1 1 1 1 1 1 1 1 1 1 1 1 1 1 1 1 1 1 1 1 1 1 1 1 1 1 1 1 1 1 1 1 1 1 1 1 1 1 1 1 1 1 1 1 1 1 1 1 1 1 1 1 1 1 1 1 1 1 1 1 1 1 1 1 1 1 1 1 1 1 1 1 1 1 1 1 1 1 1 1 1 1 1 1 1 1 1 1 1 1 1 1 1 1 1 1 1 1 1 1 1 1 1 1 1 1 1 1 1 1 1 1 1 1 1 1 1 1 1 1 1 1 1 1 1 1 1 1 1 1 1 1 1 1 1 1 1 1 1 1 1 1 1 1 1 1 1 1 1 1 1 1 1 1 1 1 1 1 1 1 1 1 1 1 1 1 1 1 1 1 1 1 1 1 1 1 1 1 1 1 1 1 1 1 1 1 1 1 1 1 1 1 1 1 1 1 1 1 1 1 1 1 1 1 1 1 1 1 1 1 1 1 1 1 1 1 1 1 1 1 1 1 1 1 1 1 1 1 1 1 1 1 1 1 1 1 1 1 1 1 1 1 1 1 1 1 1 1 1 1 1 1 1 1 1 1 1 1 1 1 1 1 1 1 1 1 1 1 1 1 1 1 1 1 1 1 1 1 1 1 1 1 1 1 1 1 1 1 1 1 1 1 1 1 1 1 1 1 1 1 1 1 1 1 1 1 1 1 1 1 1 1 1 1 1 1 1 1 1 1 1 1 1 1 1 1 1 1 1 1 1 1 1 1 1 1 1 1 1 1 1 1 1 1 1 1 1 1 1 1 1 1 1 1 1 1 1 1 1 1 1 1 1 1 1 1 1 1 1 1 1 1 1 1 1 1 1 1 1 1 1 1 1 1 1 1 1 1 1 1 1 1 1 1 1 1 1 1 1 1 1 1 1 1 1 1 1 1 1 1 1 1 1 1 1 1 1 1 1 1 1 1 1 1 1 1 1 1 1 1 1 1 1 1 1 1 1 1 1 1 1 1 1 1 1 1 1 1 1 1 1 1 1 1 1 1 1 1 1 1 1 1 1 1 1 1 1 1 1 1 1 1 1 1 1 1 1 1 1 1 1 1 1 1 1 1 1 1 1 1 1 1 1 1 1 1 1 1 1 1 1 1 1 1 1 1 1 1 1 1 1 1 1 1 1 1 1 1 1 1 1 1 1 1 1 1 1 1 1 1 1 1 1 1 1 1 1 1 1 1 1 1 1 1 1 1 1 1 1 1 1 1 1 1 1 1 1 1 1 1 1 1 1 1 1 1 1 1 1 1 1 1 1 1 1 1 1 1 1 1 1 1 1 1 1 1 1 1 1 1 1 1 1 1 1 1 1 1 1 1 1 1 1 1 1 1 1 1 1 1 1 1 1 1 1 1 1 1 1 1 1 1 1 1 1 1 1 1 1 1 1 1 1 1 1 1 1 1 1 1 1 1 1 1 1 1 1 1 1 1 1 1 1 1 1 1 1 1 1 1 1 1 1 1 1 1 1 1 1 1 1 1 1 1 1 1 1 1 1 1 1 1 1 1 1 1 1 1 1 1 1 1 1 1 1 1 1 1 1 1 1 1 1 1 1 1 1 1 1 1 1 1 1 1 1 1 1 1 1 1 1 1 1 1 1 1 1 1 1 1 1 1 1 1 1 1 1 1 1 1 1 1 1 1 1 1 1 1 1 1 1 1 1 1 1 1 1 1 1 1 1 1 1 1 1 1 1 1 1 1 1 1 1 1 1 1 1 1 1 1 1 1 1 1 1 1 1 1 1 1 1 1 1 1 1 1 1 1 1 1 1 1 1 1 1 1 1 1 1 1 1 1 1 1 1 1 1 1 1 1 1 1 1 1 1 1 1 1 1 1 1 1 1 1 1 1 1 1 1 1 1 1 1 1 1 1 1 1 1 1 1 1 1 1 1 1 1 1 1 1 1 1 1 1 1 1 1 1 1 1 1 1 1 1 1 1 1 1 1 1 1 1 1 1 1 1 1 1 1 1 1 1 1 1 1 1 1 1 1 1 1 1 1 1 1 1 1 1 1 1 1 1 1 1 1 1 1 1 1 1 1 1 1 1 1 1 1 1 1 1 1 1 1 1 1 1 1 1 1 1 1 1 1 1 1 1 1 1 1 1 1 1 1 1 1 1 1 1 1 1 1 1 1 1 1 1 1 1 1 1 1 1 1 1 1 1 1 1 1 1 1 1 1 1 1 1 1 1 1 1 1 1 1 1 1 1 1 1 1 1 1 1 1 1 1 1 1 1 1 1 1 1 1 1 1 1 1 1 1 1 1 1 1 1 1 1 1 1 1 1 1 1 1 1 1 1 1 1 1 1 1 1 1 1 1 1 1 1 1 1 1 1 1 1 1 1 1 1 1 1 1 1 1 1 1 1 1 1 1 1 1 1 1 1 1 1 1 1 1 1 1 1 1 1 1 1 1 1 1 1 1 1 1 1 1 1 1 1 1 1 1 1 1 1 1 1 1 1 1 1 1 1 1 1 1 1 1 1 1 1 1 1 1 1 1 1 1 1 1 1 1 1 1 1 1 1 1 1 1 1 1 1 1 1 1 1 1 1 1 1 1 1 1 1 1 1 1 1 1 1 1 1 1 1 1 1 1 1 1 1 1 1 1 1 1 1 1 1 1 1 1 1 1 1 1 1 1 1 1 1 1 1 1 1 1 1 1 1 1 1 1 1 1 1 1 1 1 1 1 1 1 1 1 1 1 1 1 1 1 1 1 1 1 1 1 1 1 1 1 1 1 1 1 1 1 1 1 1 1 1 1 1 1 1 1 1 1 1 1 1 1 1 1 1 1 1 1 1 1 1 1 1 1 1 1 1 1 1 1 1 1 1 1 1 1 1 1 1 1 1 1 1 1 1 1 1 1 1 1 1 1 1 1 1 1 1 1 1 1 1 1 1 1 1 1 1 1 1 1 1 1 1 1 1 1 1 1 1 1 1 1 1 1 1 1 1 1 1 1 1 1 1 1 1 1 1 1 1 1 1 1 1 1 1 1 1 1 1 1 1 1 1 1 1 1 1 1 1 1 1 1 1 1 1 1 1 1 1 1 1 1 1 1 1 1 1 1 1 1 1 1 1 1 1 1 1 1 1 1 1 1 1 1 1 1 1 1 1 1 1 1 1 1 1 1 1 1 1 1 1 1 1 1 1 1 1 1 1 1 1 1 1 1 1 1 1 1 1 1 1 1 1 1 1 1 1 1 1 1 1 1 1 1 1 1 1 1 1 1 1 1 1 1 1 1 1 1 1 1 1 1 1 1 1 1 1 1 1 1 1 1 1 1 1 1 1 1 1 1 1 1 1 1 1 1 1 1 1 1 1 1 1 1 1 1 1 1 1 1 1 1 1 1 1 1 1 1 1 1 1 1 1 1 1 1 1 1 1 1 1 1 1 1 1 1 1 1 1 1 1 1 1 1 1 1 1 1 1 1 1 1 1 1 1 1 1 1 1 1 1 1 1 1 1 1 1 1 1 1 1 1 1 1 1 1 1 1 1 1 1 1 1 1 1 1 1 1 1 1 1 1 1 1 1 1 1 1 1 1 1 1 1 1 1 1 1 1 1 1 1 1 1 1 1 1 1 1 1 1 1 1 1 1 1 1 1 1 1 1 1 1 1 1 1 1 1 1 1 1 1 1 1 1 1 1 1 1 1 1 1 1 1 1 1 1 1 1 1 1 1 1 1 1 1 1 1 1 1 1 1 1 1 1 1 1 1 1 1 1 1 1 1 1 1 1 1 1 1 1 1 1 1 1 1 1 1 1 1 1 1 1 1 1 1 1 1 1 1 1 1 1 1 1 1 1 1 1 1 1 1 1 1 1 1 1 1 1 1 1 1 1 1 1 1 1 1 1 1 1 1 1 1 1 1 1 1 1 1 1 1 1 1 1 1 1 1 1 1 1 1 1 1 1 1 1 1 1 1 1 1 1 1 1 1 1 1 1 1 1 1 1 1 1 1 1 1 1 1 1 1 1 1 1 1 1 1 1 1 1 1 1 1 1 1 1 1 1 1 1 1 1 1 1 1 1 1 1 1 1 1 1 1 1 1 1 1 1 1 1 1 1 1 1 1 1 1 1 1 1 1 1 1 1 1 1 1 1 1 1 1 1 1 1 1 1 1 1 1 1 1 1 1 1 1 1 1 1 1 1 1 1 1 1 1 1 1 1 1 1 1 1 1 1 1 1 1 1 1 1 1 1 1 1 1 1 1 1 1 1 1 1 1 1 1 1 1 1 1 1 1 1 1 1 1 1 1 1 1 1 1 1 1 1 1 1 1 1 1 1 1 1 1 1 1 1 1 1 1 1 1 1 1 1 1 1 1 1 1 1 1 1 1 1 1 1 1 1 1 1 1 1 1 1 1 1 1 1 1 1 1 1 1 1 1 1 1 1 1 1 1 1 1 1 1 1 1 1 1 1 1 1 1 1 1 1 1 1 1 1 1 1 1 1 1 1 1 1 1 1 1 1 1 1 1 1 1 1 1 1 1 1 1 1 1 1 1 1 1 1 1 1 1 1 1 1 1 1 1 1 1 1 1 1 1 1 1 1 1 1 1 1 1 1 1 1 1 1 1 1 1 1 1 1 1 1 1 1 1 1 1 1 1 1 1 1 1 1 1 1 1 1 1 1 1 1 1 1 1 1 1 1 1 1 1 1 1 1 1 1 1 1 1 1 1 1 1 1 1 1 1 1 1 1 1 1 1 1 1 1 1 1 1 1 1 1 1 1 1 1 1 1 1 1 1 1 1 1 1 1 1 1 1 1 1 1 1 1 1 1 1 1 1 1 1 1 1 1 1 1 1 1 1 1 1 1 1 1 1 1 1 1 1 1 1 1 1 1 1 1 1 1 1 1 1 1 1 1 1 1 1 1 1 1 1 1 1 1 1 1 1 1 1 1 1 1 1 1 1 1 1 1 1 1 1 1 1 1 1 1 1 1 1 1 1 1 1 1 1 1 1 1 1 1 1 1 1 1 1 1 1 1 1 1 1 1 1 1 1 1 1 1 1 1 1 1 1 1 1 1 1 1 1 1 1 1 1 1 1 1 1 1 1 1 1 1 1 1 1 1 1 1 1 1 1 1 1 1 1 1 1 1 1 1 1 1 1 1 1 1 1 1 1 1 1 1 1 1 1 1 1 1 1 1 1 1 1 1 1 1 1 1 1 1 1 1 1 1 1 1 1 1 1 1 1 1 1 1 1 1 1 1 1 1 1 1 1 1 1 1 1 1 1 1 1 1 1 1 1 1 1 1 1 1 1 1 1 1 1 1 1 1 1 1 1 1 1 1 1 1 1 1 1 1 1 1 1 1 1 1 1 1 1 1 1 1 1 1 1 1 1 1 1 1 1 1 1 1 1 1 1 1 1 1 1 1 1 1 1 1 1 1 1 1 1 1 1 1 1 1 1 1 1 1 1 1 1 1 1 1 1 1 1 1 1 1 1 1 1 1 1 1 1 1 1 1 1 1 1 1 1 1 1 1 1 1 1 1 1 1 1 1 1 1 1 1 1 1 1 1 1 1 1 1 1 1 1 1 1 1 1 1 1 1 1 1 1 1 1 1 1 1 1 1 1 1 1 1 1 1 1 1 1 1 1 1 1 1 1 1 1 1 1 1 1 1 1 1 1 1 1 1 1 1 1 1 1 1 1 1 1 1 1 1 1 1 1 1 1 1 1 1 1 1 1 1 1 1 1 1 1 1 1 1 1 1 1 1 1 1 1 1 1 1 1 1 1 1 1 1 1 1 1 1 1 1 1 1 1 1 1 1 1 1 1 1 1 1 1 1 1 1 1 1 1 1 1 1 1 1 1 1 1 1 1 1 1 1 1 1 1 1 1 1 1 1 1 1 1 1 1 1 1 1 1 1 1 1 1 1 1 1 1 1 1 1 1 1 1 1 1 1 1 1 1 1 1 1 1 1 1 1 1 1 1 1 1 1 1 1 1 1 1 1 1 1 1 1 1 1 1 1 1 1 1 1 1 1 1 1 1 1 1 1 1 1 1 1 1 1 1 1 1 1 1 1 1 1 1 1 1 1 1 1 1 1 1 1 1 1 1 1 1 1 1 1 1 1 1 1 1 1 1 1 1 1 1 1 1 1 1 1 1 1 1 1 1 1 1 1 1 1 1 1 1 1 1 1 1 1 1 1 1 1 1 1 1 1 1 1 1 1 1 1 1 1 1 1 1 1 1 1 1 1 1 1 1 1 1 1 1 1 1 1 1 1 1 1 1 1 1 1 1 1 1 1 1 1 1 1 1 1 1 1 1 1 1 1 1 1 1 1 1 1 1 1 1 1 1 1 1 1 1 1 1 1 1 1 1 1 1 1 1 1 1 1 1 1 1 1 1 1 1 1 1 1 1 1 1 1 1 1 1 1 1 1 1 1 1 1 1 1 1 1 1 1 1 1 1 1 1 1 1 1 1 1 1 1 1 1 1 1 1 1 1 1 1 1 1 1 1 1 1 1 1 1 1 1 1 1 1 1 1 1 1 1 1 1 1 1 1 1 1 1 1 1 1 1 1 1 1 1 1 1 1 1 1 1 1 1 1 1 1 1 1 1 1 1 1 1 1 1 1 1 1 1 1 1 1 1 1 1 1 1 1 1 1 1 1 1 1 1 1 1 1 1 1 1 1 1 1 1 1 1 1 1 1 1 1 1 1 1 1 1 1 1 1 1 1 1 1 1 1 1 1 1 1 1 1 1 1 1 1 1 1 1 1 1 1 1 1 1 1 1 1 1 1 1 1 1 1 1 1 1 1 1 1 1 1 1 1 1 1 1 1 1 1 1 1 1 1 1 1 1 1 1 1 1 1 1 1 1 1 1 1 1 1 1 1 1 1 1 1 1 1 1 1 1 1 1 1 1 1 1 1 1 1 1 1 1 1 1 1 1 1 1 1 1 1 1 1 1 1 1 1 1 1 1 1 1 1 1 1 1 1 1 1 1 1 1 1 1 1 1 1 1 1 1 1 1 1 1 1 1 1 1 1 1 1 1 1 1 1 1 1 1 1 1 1 1 1 1 1 1 1 1 1 1 1 1 1 1 1 1 1 1 1 1 1 1 1 1 1 1 1 1 1 1 1 1 1 1 1 1 1 1 1 1 1 1 1 1 1 1 1 1 1 1 1 1 1 1 1 1 1 1 1 1 1 1 1 1 1 1 1 1 1 1 1 1 1 1 1 1 1 1 1 1 1 1 1 1 1 1 1 1 1 1 1 1 1 1 1 1 1 1 1 1 1 1 1 1 1 1 1 1 1 1 1 1 1 1 1 1 1 1 1 1 1 1 1 1 1 1 1 1 1 1 1 1 1 1 1 1 1 1 1 1 1 1 1 1 1 1 1 1 1 1 1 1 1 1 1 1 1 1 1 1 1 1 1 1 1 1 1 1 1 1 1 1 1 1 1 1 1 1 1 1 1 1 1 1 1 1 1 1 1 1 1 1 1 1 1 1 1 1 1 1 1 1 1 1 1 1 1 1 1 1 1 1 1 1 1 1 1 1 1 1 1 1 1 1 1 1 1 1 1 1 1 1 1 1 1 1 1 1 1 1 1 1 1 1 1 1 1 1 1 1 1 1 1 1 1 1 1 1 1 1 1 1 1 1 1 1 1 1 1 1 1 1 1 1 1 1 1 1 1 1 1 1 1 1 1 1 1 1 1 1 1 1 1 1 1 1 1 1 1 1 1 1 1 1 1 1 1 1 1 1 1 1 1 1 1 1 1 1 1 1 1 1 1 1 1 1 1 1 1 1 1 1 1 1 1 1 1 1 1 1 1 1 1 1 1 1 1 1 1 1 1 1 1 1 1 1 1 1 1 1 1 1 1 1 1 1 1 1 1 1 1 1 1 1 1 1 1 1 1 1 1 1 1 1 1 1 1 1 1 1 1 1 1 1 1 1 1 1 1 1 1 1 1 1 1 1 1 1 1 1 1 1 1 1 1 1 1 1 1 1 1 1 1 1 1 1 1 1 1 1 1 1 1 1 1 1 1 1 1 1 1 1 1 1 1 1 1 1 1 1 1 1 1 1 1 1 1 1 1 1 1 1 1 1 1 1 1 1 1 1 1 1 1 1 1 1 1 1 1 1 1 1 1 1 1 1 1 1 1 1 1 1 1 1 1 1 1 1 1 1 1 1 1 1 1 1 1 1 1 1 1 1 1 1 1 1 1 1 1 1 1 1 1 1 1 1 1 1 1 1 1 1 1 1 1 1 1 1 1 1 1 1 1 1 1 1 1 1 1 1 1 1 1 1 1 1 1 1 1 1 1 1 1 1 1 1 1 1 1 1 1 1 1 1 1 1 1 1 1 1 1 1 1 1 1 1 1 1 1 1 1 1 1 1 1 1 1 1 1 1 1 1 1 1 1 1 1 1 1 1 1 1 1 1 1 1 1 1 1 1 1 1 1 1 1 1 1 1 1 1 1 1 1 1 1 1 1 1 1 1 1 1 1 1 1 1 1 1 1 1 1 1 1 1 1 1 1 1 1 1 1 1 1 1 1 1 1 1 1 1 1 1 1 1 1 1 1 1 1 1 1 1 1 1 1 1 1 1 1 1 1 1 1 1 1 1 1 1 1 1 1 1 1 1 1 1 1 1 1 1 1 1 1 1 1 1 1 1 1 1 1 1 1 1 1 1 1 1 1 1 1 1 1 1 1 1 1 1 1 1 1 1 1 1 1 1 1 1 1 1 1 1 1 1 1 1 1 1 1 1 1 1 1 1 1 1 1 1 1 1 1 1 1 1 1 1 1 1 1 1 1 1 1 1 1 1 1 1 1 1 1 1 1 1 1 1 1 1 1 1 1 1 1 1 1 1 1 1 1 1 1 1 1 1 1 1 1 1 1 1 1 1 1 1 1 1 1 1 1 1 1 1 1 1 1 1 1 1 1 1 1 1 1 1 1 1 1 1 1 1 1 1 1 1 1 1 1 1 1 1 1 1 1 1 1 1 1 1 1 1 1 1 1 1 1 1 1 1 1 1 1 1 1 1 1 1 1 1 1 1 1 1 1 1 1 1 1 1 1 1 1 1 1 1 1 1 1 1 1 1 1 1 1 1 1 1 1 1 1 1 1 1 1 1 1 1 1 1 1 1 1 1 1 1 1 1 1 1 1 1 1 1 1 1 1 1 1 1 1 1 1 1 1 1 1 1 1 1 1 1 1 1 1 1 1 1 1 1 1 1 1 1 1 1 1 1 1 1 1 1 1 1 1 1 1 1 1 1 1 1 1 1 1 1 1 1 1 1 1 1 1 1 1 1 1 1 1 1 1 1 1 1 1 1 1 1 1 1 1 1 1 1 1 1 1 1 1 1 1 1 1 1 1 1 1 1 1 1 1 1 1 1 1 1 1 1 1 1 1 1 1 1 1 1 1 1 1 1 1 1 1 1 1 1 1 1 1 1 1 1 1 1 1 1 1 1 1 1 1 1 1 1 1 1 1 1 1 1 1 1 1 1 1 1 1 1 1 1 1 1 1 1 1 1 1 1 1 1 1 1 1 1 1 1 1 1 1 1 1 1 1 1 1 1 1 1 1 1 1 1 1 1 1 1 1 1 1 1 1 1 1 1 1 1 1 1 1 1 1 1 1 1 1 1 1 1 1 1 1 1 1 1 1 1 1 1 1 1 1 1 1 1 1 1 1 1 1 1 1 1 1 1 1 1 1 1 1 1 1 1 1 1 1 1 1 1 1 1 1 1 1 1 1 1 1 1 1 1 1 1 1 1 1 1 1 1 1 1 1 1 1 1 1 1 1 1 1 1 1 1 1 1 1 1 1 1 1 1 1 1 1 1 1 1 1 1 1 1 1 1 1 1 1 1 1 1 1 1 1 1 1 1 1 1 1 1 1 1 1 1 1 1 1 1 1 1 1 1 1 1 1 1 1 1 1 1 1 1 1 1 1 1 1 1 1 1 1 1 1 1 1 1 1 1 1 1 1 1 1 1 1 1 1 1 1 1 1 1 1 1 1 1 1 1 1 1 1 1 1 1 1 1 1 1 1 1 1 1 1 1 1 1 1 1 1 1 1 1 1 1 1 1 1 1 1 1 1 1 1 1 1 1 1 1 1 1 1 1 1 1 1 1 1 1 1 1 1 1 1 1 1 1 1 1 1 1 1 1 1 1 1 1 1 1 1 1 1 1 1 1 1 1 1 1 1 1 1 1 1 1 1 1 1 1 1 1 1 1 1 1 1 1 1 1 1 1 1 1 1 1 1 1 1 1 1 1 1 1 1 1 1 1 1 1 1 1 1 1 1 1 1 1 1 1 1 1 1 1 1 1 1 1 1 1 1 1 1 1 1 1 1 1 1 1 1 1 1 1 1 1 1 1 1 1 1 1 1 1 1 1 1 1 1 1 1 1 1 1 1 1 1 1 1 1 1 1 1 1 1 1 1 1 1 1 1 1 1 1 1 1 1 1 1 1 1 1 1 1 1 1 1 1 1 1 1 1 1 1 1 1 1 1 1 1 1 1 1 1 1 1 1 1 1 1 1 1 1 1 1 1 1 1 1 1 1 1 1 1 1 1 1 1 1 1 1 1 1 1 1 1 1 1 1 1 1 1 1 1 1 1 1 1 1 1 1 1 1 1 1 1 1 1 1 1 1 1 1 1 1 1 1 1 1 1 1 1 1 1 1 1 1 1 1 1 1 1 1 1 1 1 1 1 1 1 1 1 1 1 1 1 1 1 1 1 1 1 1 1 1 1 1 1 1 1 1 1 1 1 1 1 1 1 1 1 1 1 1 1 1 1 1 1 1 1 1 1 1 1 1 1 1 1 1 1 1 1 1 1 1 1 1 1 1 1 1 1 1 1 1 1 1 1 1 1 1 1 1 1 1 1 1 1 1 1 1 1 1 1 1 1 1 1 1 1 1 1 1 1 1 1 1 1 1 1 1 1 1 1 1 1 1 1 1 1 1 1 1 1 1 1 1 1 1 1 1 1 1 1 1 1 1 1 1 1 1 1 1 1 1 1 1 1 1 1 1 1 1 1 1 1 1 1 1 1 1 1 1 1 1 1 1 1 1 1 1 1 1 1 1 1 1 1 1 1 1 1 1 1 1 1 1 1 1 1 1 1 1 1 1 1 1 1 1 1 1 1 1 1 1 1 1 1 1 1 1 1 1 1 1 1 1 1 1 1 1 1 1 1 1 1 1 1 1 1 1 1 1 1 1 1 1 1 1 1 1 1 1 1 1 1 1 1 1 1 1 1 1 1 1 1 1 1 1 1 1 1 1 1 1 1 1 1 1 1 1 1 1 1 1 1 1 1 1 1 1 1 1 1 1 1 1 1 1 1 1 1 1 1 1 1 1 1 1 1 1 1 1 1 1 1 1 1 1 1 1 1 1 1 1 1 1 1 1 1 1 1 1 1 1 1 1 1 1 1 1 1 1 1 1 1 1 1 1 1 1 1 1 1 1 1 1 1 1 1 1 1 1 1 1 1 1 1 1 1 1 1 1 1 1 1 1 1 1 1 1 1 1 1 1 1 1 1 1 1 1 1 1 1 1 1 1 1 1 1 1 1 1 1 1 1 1 1 1 1 1 1 1 1 1 1 1 1 1 1 1 1 1 1 1 1 1 1 1 1 1 1 1 1 1 1 1 1 1 1 1 1 1 1 1 1 1 1 1 1 1 1 1 1 1 1 1 1 1 1 1 1 1 1 1 1 1 1 1 1 1 1 1 1 1 1 1 1 1 1 1 1 1 1 1 1 1 1 1 1 1 1 1 1 1 1 1 1 1 1 1 1 1 1 1 1 1 1 1 1 1 1 1 1 1 1 1 1 1 1 1 1 1 1 1 1 1 1 1 1 1 1 1 1 1 1 1 1 1 1 1 1 1 1 1 1 1 1 1 1 1 1 1 1 1 1 1 1 1 1 1 1 1 1 1 1 1 1 1 1 1 1 1 1 1 1 1 1 1 1 1 1 1 1 1 1 1 1 1 1 1 1 1 1 1 1 1 1 1 1 1 1 1 1 1 1 1 1 1 1 1 1 1 1 1 1 1 1 1 1 1 1 1 1 1 1 1 1 1 1 1 1 1 1 1 1 1 1 1 1 1 1 1 1 1 1 1 1 1 1 1 1 1 1 1 1 1 1 1 1 1 1 1 1 1 1 1 1 1 1 1 1 1 1 1 1 1 1 1 1 1 1 1 1 1 1 1 1 1 1 1 1 1 1 1 1 1 1 1 1 1 1 1 1 1 1 1 1 1 1 1 1 1 1 1 1 1 1 1 1 1 1 1 1 1 1 1 1 1 1 1 1 1 1 1 1 1 1 1 1 1 1 1 1 1 1 1 1 1 1 1 1 1 1 1 1 1 1 1 1 1 1 1 1 1 1 1 1 1 1 1 1 1 1 1 1 1 1 1 1 1 1 1 1 1 1 1 1 1 1 1 1 1 1 1 1 1 1 1 1 1 1 1 1 1 1 1 1 1 1 1 1 1 1 1 1 1 1 1 1 1 1 1 1 1 1 1 1 1 1 1 1 1 1 1 1 1 1 1 1 1 1 1 1 1 1 1 1 1 1 1 1 1 1 1 1 1 1 1 1 1 1 1 1 1 1 1 1 1 1 1 1 1 1 1 1 1 1 1 1 1 1 1 1 1 1 1 1 1 1 1 1 1 1 1 1 1 1 1 1 1 1 1 1 1 1 1 1 1 1 1 1 1 1 1 1 1 1 1 1 1 1 1 1 1 1 1 1 1 1 1 1 1 1 1 1 1 1 1 1 1 1 1 1 1 1 1 1 1 1 1 1 1 1 1 1 1 1 1 1 1 1 1 1 1 1 1 1 1 1 1 1 1 1 1 1 1 1 1 1 1 1 1 1 1 1 1 1 1 1 1 1 1 1 1 1 1 1 1 1 1 1 1 1 1 1 1 1 1 1 1 1 1 1 1 1 1 1 1 1 1 1 1 1 1 1 1 1 1 1 1 1 1 1 1 1 1 1 1 1 1 1 1 1 1 1 1 1 1 1 1 1 1 1 1 1 1 1 1 1 1 1 1 1 1 1 1 1 1 1 1 1 1 1 1 1 1 1 1 1 1 1 1 1 1 1 1 1 1 1 1 1 1 1 1 1 1 1 1 1 1 1 1 1 1 1 1 1 1 1 1 1 1 1 1 1 1 1 1 1 1 1 1 1 1 1 1 1 1 1 1 1 1 1 1 1 1 1 1 1 1 1 1 1 1 1 1 1 1 1 1 1 1 1 1 1 1 1 1 1 1 1 1 1 1 1 1 1 1 1 1 1 1 1 1 1 1 1 1 1 1 1 1 1 1 1 1 1 1 1 1 1 1 1 1 1 1 1 1 1 1 1 1 1 1 1 1 1 1 1 1 1 1 1 1 1 1 1 1 1 1 1 1 1 1 1 1 1 1 1 1 1 1 1 1 1 1 1 1 1 1 1 1 1 1 1 1 1 1 1 1 1 1 1 1 1 1 1 1 1 1 1 1 1 1 1 1 1 1 1 1 1 1 1 1 1 1 1 1 1 1 1 1 1 1 1 1 1 1 1 1 1 1 1 1 1 1 1 1 1 1 1 1 1 1 1 1 1 1 1 1 1 1 1 1 1 1 1 1 1 1 1 1 1 1 1 1 1 1 1 1 1 1 1 1 1 1 1 1 1 1 1 1 1 1 1 1 1 1 1 1 1 1 1 1 1 1 1 1 1 1 1 1 1 1 1 1 1 1 1 1 1 1 1 1 1 1</float_array>
          <technique_common>
            <accessor source="#Sphere_002-mesh-colors-Col-array" count="2880" stride="4">
              <param name="R" type="float"/>
              <param name="G" type="float"/>
              <param name="B" type="float"/>
              <param name="A" type="float"/>
            </accessor>
          </technique_common>
        </source>
        <vertices id="Sphere_002-mesh-vertices">
          <input semantic="POSITION" source="#Sphere_002-mesh-positions"/>
        </vertices>
        <triangles material="Mat01_002-material" count="960">
          <input semantic="VERTEX" source="#Sphere_002-mesh-vertices" offset="0"/>
          <input semantic="NORMAL" source="#Sphere_002-mesh-normals" offset="1"/>
          <input semantic="TEXCOORD" source="#Sphere_002-mesh-map-0" offset="2" set="0"/>
          <input semantic="COLOR" source="#Sphere_002-mesh-colors-Col" offset="3" set="0"/>
          <p>4 0 0 0 15 1 1 1 5 2 2 2 9 3 3 3 23 4 4 4 479 5 5 5 5 2 6 6 16 6 7 7 6 7 8 8 479 5 9 9 24 8 10 10 480 9 11 11 476 10 12 12 16 6 13 13 17 11 14 14 0 12 15 15 325 13 16 16 10 14 17 17 481 15 18 18 480 9 19 19 24 8 20 20 476 10 21 21 18 16 22 22 477 17 23 23 0 12 24 24 11 18 25 25 1 19 26 26 477 17 27 27 19 20 28 28 478 21 29 29 1 19 30 30 12 22 31 31 2 23 32 32 478 21 33 33 20 24 34 34 7 25 35 35 2 23 36 36 13 26 37 37 3 27 38 38 7 25 39 39 21 28 40 40 8 29 41 41 3 27 42 42 14 30 43 43 4 0 44 44 9 3 45 45 21 28 46 46 22 31 47 47 20 24 48 48 36 32 49 49 21 28 50 50 13 26 51 51 29 33 52 52 14 30 53 53 21 28 54 54 37 34 55 55 22 31 56 56 14 30 57 57 30 35 58 58 15 1 59 59 23 4 60 60 37 34 61 61 38 36 62 62 16 6 63 63 30 35 64 64 31 37 65 65 23 4 66 66 39 38 67 67 24 8 68 68 17 11 69 69 31 37 70 70 32 39 71 71 10 14 72 72 325 13 73 73 25 40 74 74 481 15 75 75 24 8 76 76 39 38 77 77 18 16 78 78 32 39 79 79 33 41 80 80 10 14 81 81 26 42 82 82 11 18 83 83 19 20 84 84 33 41 85 85 34 43 86 86 11 18 87 87 27 44 88 88 12 22 89 89 20 24 90 90 34 43 91 91 35 45 92 92 12 22 93 93 28 46 94 94 13 26 95 95 481 15 96 96 39 38 97 97 54 47 98 98 32 39 99 99 48 48 100 100 33 41 101 101 26 42 102 102 40 49 103 103 41 50 104 104 33 41 105 105 49 51 106 106 34 43 107 107 26 42 108 108 42 52 109 109 27 44 110 110 35 45 111 111 49 51 112 112 50 53 113 113 28 46 114 114 42 52 115 115 43 54 116 116 35 45 117 117 51 55 118 118 36 32 119 119 28 46 120 120 44 56 121 121 29 33 122 122 36 32 123 123 52 57 124 124 37 34 125 125 29 33 126 126 45 58 127 127 30 35 128 128 38 36 129 129 52 57 130 130 53 59 131 131 30 35 132 132 46 60 133 133 31 37 134 134 84 61 135 135 83 62 136 136 99 63 137 137 32 39 138 138 46 60 139 139 47 64 140 140 25 40 141 141 325 13 142 142 40 49 143 143 52 57 144 144 66 65 145 145 67 66 146 146 44 56 147 147 60 67 148 148 45 58 149 149 52 57 150 150 68 68 151 151 53 59 152 152 45 58 153 153 61 69 154 154 46 60 155 155 54 47 156 156 68 68 157 157 69 70 158 158 46 60 159 159 62 71 160 160 47 64 161 161 40 49 162 162 325 13 163 163 55 72 164 164 481 15 165 165 54 47 166 166 69 70 167 167 47 64 168 168 63 73 169 169 48 48 170 170 40 49 171 171 56 74 172 172 41 50 173 173 49 51 174 174 63 73 175 175 64 75 176 176 41 50 177 177 57 76 178 178 42 52 179 179 50 53 180 180 64 75 181 181 65 77 182 182 42 52 183 183 58 78 184 184 43 54 185 185 50 53 186 186 66 65 187 187 51 55 188 188 43 54 189 189 59 79 190 190 44 56 191 191 55 72 192 192 71 80 193 193 56 74 194 194 64 75 195 195 78 81 196 196 79 82 197 197 56 74 198 198 72 83 199 199 57 76 200 200 64 75 201 201 80 84 202 202 65 77 203 203 57 76 204 204 73 85 205 205 58 78 206 206 65 77 207 207 81 86 208 208 66 65 209 209 59 79 210 210 73 85 211 211 74 87 212 212 67 66 213 213 81 86 214 214 82 88 215 215 60 67 216 216 74 87 217 217 75 89 218 218 68 68 219 219 82 88 220 220 83 62 221 221 60 67 222 222 76 90 223 223 61 69 224 224 68 68 225 225 84 61 226 226 69 70 227 227 62 71 228 228 76 90 229 229 77 91 230 230 55 72 231 231 325 13 232 232 70 92 233 233 481 15 234 234 69 70 235 235 84 61 236 236 62 71 237 237 78 81 238 238 63 73 239 239 74 87 240 240 90 93 241 241 75 89 242 242 82 88 243 243 98 94 244 244 83 62 245 245 75 89 246 246 91 95 247 247 76 90 248 248 98 94 249 249 113 96 250 250 99 63 251 251 76 90 252 252 92 97 253 253 77 91 254 254 70 92 255 255 325 13 256 256 85 98 257 257 481 15 258 258 84 61 259 259 99 63 260 260 77 91 261 261 93 99 262 262 78 81 263 263 70 92 264 264 86 100 265 265 71 80 266 266 79 82 267 267 93 99 268 268 94 101 269 269 71 80 270 270 87 102 271 271 72 83 272 272 79 82 273 273 95 103 274 274 80 84 275 275 72 83 276 276 88 104 277 277 73 85 278 278 80 84 279 279 96 105 280 280 81 86 281 281 73 85 282 282 89 106 283 283 74 87 284 284 82 88 285 285 96 105 286 286 97 107 287 287 94 101 288 288 108 108 289 289 109 109 290 290 86 100 291 291 102 110 292 292 87 102 293 293 94 101 294 294 110 111 295 295 95 103 296 296 87 102 297 297 103 112 298 298 88 104 299 299 95 103 300 300 111 113 301 301 96 105 302 302 88 104 303 303 104 114 304 304 89 106 305 305 97 107 306 306 111 113 307 307 112 115 308 308 89 106 309 309 105 116 310 310 90 93 311 311 98 94 312 312 112 115 313 313 113 96 314 314 91 95 315 315 105 116 316 316 106 117 317 317 92 97 318 318 106 117 319 319 107 118 320 320 85 98 321 321 325 13 322 322 100 119 323 323 481 15 324 324 99 63 325 325 114 120 326 326 92 97 327 327 108 108 328 328 93 99 329 329 86 100 330 330 100 119 331 331 101 121 332 332 112 115 333 333 128 122 334 334 113 96 335 335 106 117 336 336 120 123 337 337 121 124 338 338 113 96 339 339 129 125 340 340 114 120 341 341 106 117 342 342 122 126 343 343 107 118 344 344 100 119 345 345 325 13 346 346 115 127 347 347 481 15 348 348 114 120 349 349 129 125 350 350 107 118 351 351 123 128 352 352 108 108 353 353 101 121 354 354 115 127 355 355 116 129 356 356 108 108 357 357 124 130 358 358 109 109 359 359 102 110 360 360 116 129 361 361 117 131 362 362 109 109 363 363 125 132 364 364 110 111 365 365 102 110 366 366 118 133 367 367 103 112 368 368 110 111 369 369 126 134 370 370 111 113 371 371 104 114 372 372 118 133 373 373 119 135 374 374 112 115 375 375 126 134 376 376 127 136 377 377 104 114 378 378 120 123 379 379 105 116 380 380 116 129 381 381 132 137 382 382 117 131 383 383 124 130 384 384 140 138 385 385 125 132 386 386 117 131 387 387 133 139 388 388 118 133 389 389 125 132 390 390 141 140 391 391 126 134 392 392 119 135 393 393 133 139 394 394 134 141 395 395 127 136 396 396 141 140 397 397 142 142 398 398 119 135 399 399 135 143 400 400 120 123 401 401 127 136 402 402 143 144 403 403 128 122 404 404 120 123 405 405 136 145 406 406 121 124 407 407 128 122 408 408 144 146 409 409 129 125 410 410 121 124 411 411 137 147 412 412 122 126 413 413 115 127 414 414 325 13 415 415 130 148 416 416 481 15 417 417 129 125 418 418 144 146 419 419 122 126 420 420 138 149 421 421 123 128 422 422 116 129 423 423 130 148 424 424 131 150 425 425 123 128 426 426 139 151 427 427 124 130 428 428 135 143 429 429 151 152 430 430 136 145 431 431 143 144 432 432 159 153 433 433 144 146 434 434 137 147 435 435 151 152 436 436 152 154 437 437 130 148 438 438 325 13 439 439 145 155 440 440 481 15 441 441 144 146 442 442 159 153 443 443 137 147 444 444 153 156 445 445 138 149 446 446 131 150 447 447 145 155 448 448 146 157 449 449 139 151 450 450 153 156 451 451 154 158 452 452 131 150 453 453 147 159 454 454 132 137 455 455 139 151 456 456 155 160 457 457 140 138 458 458 132 137 459 459 148 161 460 460 133 139 461 461 140 138 462 462 156 162 463 463 141 140 464 464 133 139 465 465 149 163 466 466 134 141 467 467 142 142 468 468 156 162 469 469 157 164 470 470 134 141 471 471 150 165 472 472 135 143 473 473 142 142 474 474 158 166 475 475 143 144 476 476 154 158 477 477 170 167 478 478 155 160 479 479 147 159 480 480 163 168 481 481 148 161 482 482 155 160 483 483 171 169 484 484 156 162 485 485 149 163 486 486 163 168 487 487 164 170 488 488 157 164 489 489 171 169 490 490 172 171 491 491 149 163 492 492 165 172 493 493 150 165 494 494 157 164 495 495 173 173 496 496 158 166 497 497 151 152 498 498 165 172 499 499 166 174 500 500 159 153 501 501 173 173 502 502 174 175 503 503 152 154 504 504 166 174 505 505 167 176 506 506 145 155 507 507 325 13 508 508 160 177 509 509 481 15 510 510 159 153 511 511 174 175 512 512 152 154 513 513 168 178 514 514 153 156 515 515 145 155 516 516 161 179 517 517 146 157 518 518 154 158 519 519 168 178 520 520 169 180 521 521 146 157 522 522 162 181 523 523 147 159 524 524 173 173 525 525 189 182 526 526 174 175 527 527 167 176 528 528 181 183 529 529 182 184 530 530 160 177 531 531 325 13 532 532 175 185 533 533 481 15 534 534 174 175 535 535 189 182 536 536 167 176 537 537 183 186 538 538 168 178 539 539 169 180 540 540 183 186 541 541 184 187 542 542 161 179 543 543 177 188 544 544 162 181 545 545 169 180 546 546 185 189 547 547 170 167 548 548 163 168 549 549 177 188 550 550 178 190 551 551 170 167 552 552 186 191 553 553 171 169 554 554 163 168 555 555 179 192 556 556 164 170 557 557 172 171 558 558 186 191 559 559 187 193 560 560 164 170 561 561 180 194 562 562 165 172 563 563 173 173 564 564 187 193 565 565 188 195 566 566 165 172 567 567 181 183 568 568 166 174 569 569 185 189 570 570 201 196 571 571 186 191 572 572 179 192 573 573 193 197 574 574 194 198 575 575 186 191 576 576 202 199 577 577 187 193 578 578 179 192 579 579 195 200 580 580 180 194 581 581 187 193 582 582 203 201 583 583 188 195 584 584 180 194 585 585 196 202 586 586 181 183 587 587 188 195 588 588 204 203 589 589 189 182 590 590 182 184 591 591 196 202 592 592 197 204 593 593 175 185 594 594 325 13 595 595 190 205 596 596 481 15 597 597 189 182 598 598 204 203 599 599 182 184 600 600 198 206 601 601 183 186 602 602 175 185 603 603 191 207 604 604 176 208 605 605 183 186 606 606 199 209 607 607 184 187 608 608 176 208 609 609 192 210 610 610 177 188 611 611 184 187 612 612 200 211 613 613 185 189 614 614 177 188 615 615 193 197 616 616 178 190 617 617 190 205 618 618 325 13 619 619 205 212 620 620 481 15 621 621 204 203 622 622 219 213 623 623 197 204 624 624 213 214 625 625 198 206 626 626 190 205 627 627 206 215 628 628 191 207 629 629 198 206 630 630 214 216 631 631 199 209 632 632 191 207 633 633 207 217 634 634 192 210 635 635 199 209 636 636 215 218 637 637 200 211 638 638 192 210 639 639 208 219 640 640 193 197 641 641 200 211 642 642 216 220 643 643 201 196 644 644 193 197 645 645 209 221 646 646 194 198 647 647 202 199 648 648 216 220 649 649 217 222 650 650 194 198 651 651 210 223 652 652 195 200 653 653 202 199 654 654 218 224 655 655 203 201 656 656 196 202 657 657 210 223 658 658 211 225 659 659 399 226 660 660 414 227 661 661 400 228 662 662 197 204 663 663 211 225 664 664 212 229 665 665 209 221 666 666 223 230 667 667 224 231 668 668 217 222 669 669 231 232 670 670 232 233 671 671 209 221 672 672 225 234 673 673 210 223 674 674 217 222 675 675 233 235 676 676 218 224 677 677 211 225 678 678 225 234 679 679 226 236 680 680 219 213 681 681 233 235 682 682 234 237 683 683 212 229 684 684 226 236 685 685 227 238 686 686 205 212 687 687 325 13 688 688 220 239 689 689 481 15 690 690 219 213 691 691 234 237 692 692 212 229 693 693 228 240 694 694 213 214 695 695 205 212 696 696 221 241 697 697 206 215 698 698 214 216 699 699 228 240 700 700 229 242 701 701 206 215 702 702 222 243 703 703 207 217 704 704 214 216 705 705 230 244 706 706 215 218 707 707 207 217 708 708 223 230 709 709 208 219 710 710 215 218 711 711 231 232 712 712 216 220 713 713 227 238 714 714 243 245 715 715 228 240 716 716 221 241 717 717 235 246 718 718 236 247 719 719 229 242 720 720 243 245 721 721 244 248 722 722 221 241 723 723 237 249 724 724 222 243 725 725 229 242 726 726 245 250 727 727 230 244 728 728 222 243 729 729 238 251 730 730 223 230 731 731 230 244 732 732 246 252 733 733 231 232 734 734 224 231 735 735 238 251 736 736 239 253 737 737 232 233 738 738 246 252 739 739 247 254 740 740 224 231 741 741 240 255 742 742 225 234 743 743 232 233 744 744 248 256 745 745 233 235 746 746 225 234 747 747 241 257 748 748 226 236 749 749 234 237 750 750 248 256 751 751 249 258 752 752 227 238 753 753 241 257 754 754 242 259 755 755 220 239 756 756 325 13 757 757 235 246 758 758 481 15 759 759 234 237 760 760 249 258 761 761 247 254 762 762 261 260 763 763 262 261 764 764 239 253 765 765 255 262 766 766 240 255 767 767 247 254 768 768 263 263 769 769 248 256 770 770 241 257 771 771 255 262 772 772 256 264 773 773 248 256 774 774 264 265 775 775 249 258 776 776 242 259 777 777 256 264 778 778 257 266 779 779 235 246 780 780 325 13 781 781 250 267 782 782 481 15 783 783 249 258 784 784 264 265 785 785 242 259 786 786 258 268 787 787 243 245 788 788 235 246 789 789 251 269 790 790 236 247 791 791 244 248 792 792 258 268 793 793 259 270 794 794 236 247 795 795 252 271 796 796 237 249 797 797 244 248 798 798 260 272 799 799 245 250 800 800 237 249 801 801 253 273 802 802 238 251 803 803 245 250 804 804 261 260 805 805 246 252 806 806 238 251 807 807 254 274 808 808 239 253 809 809 250 267 810 810 266 275 811 811 251 269 812 812 258 268 813 813 274 276 814 814 259 270 815 815 251 269 816 816 267 277 817 817 252 271 818 818 259 270 819 819 275 278 820 820 260 272 821 821 252 271 822 822 268 279 823 823 253 273 824 824 260 272 825 825 276 280 826 826 261 260 827 827 253 273 828 828 269 281 829 829 254 274 830 830 262 261 831 831 276 280 832 832 277 282 833 833 254 274 834 834 270 283 835 835 255 262 836 836 262 261 837 837 278 284 838 838 263 263 839 839 256 264 840 840 270 283 841 841 271 285 842 842 263 263 843 843 279 286 844 844 264 265 845 845 257 266 846 846 271 285 847 847 272 287 848 848 250 267 849 849 325 13 850 850 265 288 851 851 481 15 852 852 264 265 853 853 279 286 854 854 257 266 855 855 273 289 856 856 258 268 857 857 269 281 858 858 285 290 859 859 270 283 860 860 277 282 861 861 293 291 862 862 278 284 863 863 271 285 864 864 285 290 865 865 286 292 866 866 279 286 867 867 293 291 868 868 294 293 869 869 272 287 870 870 286 292 871 871 287 294 872 872 265 288 873 873 325 13 874 874 280 295 875 875 481 15 876 876 279 286 877 877 294 293 878 878 272 287 879 879 288 296 880 880 273 289 881 881 265 288 882 882 281 297 883 883 266 275 884 884 273 289 885 885 289 298 886 886 274 276 887 887 266 275 888 888 282 299 889 889 267 277 890 890 274 276 891 891 290 300 892 892 275 278 893 893 267 277 894 894 283 301 895 895 268 279 896 896 275 278 897 897 291 302 898 898 276 280 899 899 268 279 900 900 284 303 901 901 269 281 902 902 277 282 903 903 291 302 904 904 292 304 905 905 289 298 906 906 303 305 907 907 304 306 908 908 281 297 909 909 297 307 910 910 282 299 911 911 289 298 912 912 305 308 913 913 290 300 914 914 282 299 915 915 298 309 916 916 283 301 917 917 290 300 918 918 306 310 919 919 291 302 920 920 284 303 921 921 298 309 922 922 299 311 923 923 292 304 924 924 306 310 925 925 307 312 926 926 285 290 927 927 299 311 928 928 300 313 929 929 292 304 930 930 308 314 931 931 293 291 932 932 286 292 933 933 300 313 934 934 301 315 935 935 293 291 936 936 309 316 937 937 294 293 938 938 287 294 939 939 301 315 940 940 302 317 941 941 280 295 942 942 325 13 943 943 295 318 944 944 481 15 945 945 294 293 946 946 309 316 947 947 287 294 948 948 303 305 949 949 288 296 950 950 281 297 951 951 295 318 952 952 296 319 953 953 307 312 954 954 323 320 955 955 308 314 956 956 300 313 957 957 316 321 958 958 301 315 959 959 308 314 960 960 324 322 961 961 309 316 962 962 302 317 963 963 316 321 964 964 317 323 965 965 295 318 966 966 325 13 967 967 310 324 968 968 481 15 969 969 309 316 970 970 324 322 971 971 302 317 972 972 318 325 973 973 303 305 974 974 295 318 975 975 311 326 976 976 296 319 977 977 304 306 978 978 318 325 979 979 319 327 980 980 297 307 981 981 311 326 982 982 312 328 983 983 304 306 984 984 320 329 985 985 305 308 986 986 297 307 987 987 313 330 988 988 298 309 989 989 305 308 990 990 321 331 991 991 306 310 992 992 299 311 993 993 313 330 994 994 314 332 995 995 307 312 996 996 321 331 997 997 322 333 998 998 300 313 999 999 314 332 1000 1000 315 334 1001 1001 319 327 1002 1002 336 335 1003 1003 320 329 1004 1004 312 328 1005 1005 329 336 1006 1006 313 330 1007 1007 320 329 1008 1008 337 337 1009 1009 321 331 1010 1010 313 330 1011 1011 330 338 1012 1012 314 332 1013 1013 322 333 1014 1014 337 337 1015 1015 338 339 1016 1016 314 332 1017 1017 331 340 1018 1018 315 334 1019 1019 322 333 1020 1020 339 341 1021 1021 323 320 1022 1022 315 334 1023 1023 332 342 1024 1024 316 321 1025 1025 323 320 1026 1026 340 343 1027 1027 324 322 1028 1028 317 323 1029 1029 332 342 1030 1030 333 344 1031 1031 310 324 1032 1032 325 13 1033 1033 326 345 1034 1034 481 15 1035 1035 324 322 1036 1036 340 343 1037 1037 317 323 1038 1038 334 346 1039 1039 318 325 1040 1040 310 324 1041 1041 327 347 1042 1042 311 326 1043 1043 319 327 1044 1044 334 346 1045 1045 335 348 1046 1046 311 326 1047 1047 328 349 1048 1048 312 328 1049 1049 340 343 1050 1050 354 350 1051 1051 355 351 1052 1052 333 344 1053 1053 347 352 1054 1054 348 353 1055 1055 326 345 1056 1056 325 13 1057 1057 341 354 1058 1058 481 15 1059 1059 340 343 1060 1060 355 351 1061 1061 333 344 1062 1062 349 355 1063 1063 334 346 1064 1064 326 345 1065 1065 342 356 1066 1066 327 347 1067 1067 335 348 1068 1068 349 355 1069 1069 350 357 1070 1070 327 347 1071 1071 343 358 1072 1072 328 349 1073 1073 335 348 1074 1074 351 359 1075 1075 336 335 1076 1076 328 349 1077 1077 344 360 1078 1078 329 336 1079 1079 337 337 1080 1080 351 359 1081 1081 352 361 1082 1082 330 338 1083 1083 344 360 1084 1084 345 362 1085 1085 338 339 1086 1086 352 361 1087 1087 353 363 1088 1088 331 340 1089 1089 345 362 1090 1090 346 364 1091 1091 338 339 1092 1092 354 350 1093 1093 339 341 1094 1094 332 342 1095 1095 346 364 1096 1096 347 352 1097 1097 343 358 1098 1098 359 365 1099 1099 344 360 1100 1100 351 359 1101 1101 367 366 1102 1102 352 361 1103 1103 344 360 1104 1104 360 367 1105 1105 345 362 1106 1106 353 363 1107 1107 367 366 1108 1108 368 368 1109 1109 346 364 1110 1110 360 367 1111 1111 361 369 1112 1112 353 363 1113 1113 369 370 1114 1114 354 350 1115 1115 346 364 1116 1116 362 371 1117 1117 347 352 1118 1118 355 351 1119 1119 369 370 1120 1120 370 372 1121 1121 348 353 1122 1122 362 371 1123 1123 363 373 1124 1124 341 354 1125 1125 325 13 1126 1126 356 374 1127 1127 481 15 1128 1128 355 351 1129 1129 370 372 1130 1130 348 353 1131 1131 364 375 1132 1132 349 355 1133 1133 175 185 1134 1134 161 179 1135 1135 160 177 1136 1136 350 357 1137 1137 364 375 1138 1138 365 376 1139 1139 342 356 1140 1140 358 377 1141 1141 343 358 1142 1142 350 357 1143 1143 366 378 1144 1144 351 359 1145 1145 363 373 1146 1146 377 379 1147 1147 378 380 1148 1148 356 374 1149 1149 325 13 1150 1150 371 381 1151 1151 481 15 1152 1152 370 372 1153 1153 385 382 1154 1154 363 373 1155 1155 379 383 1156 1156 364 375 1157 1157 356 374 1158 1158 372 384 1159 1159 357 385 1160 1160 365 376 1161 1161 379 383 1162 1162 380 386 1163 1163 357 385 1164 1164 373 387 1165 1165 358 377 1166 1166 365 376 1167 1167 381 388 1168 1168 366 378 1169 1169 358 377 1170 1170 374 389 1171 1171 359 365 1172 1172 366 378 1173 1173 382 390 1174 1174 367 366 1175 1175 359 365 1176 1176 375 391 1177 1177 360 367 1178 1178 368 368 1179 1179 382 390 1180 1180 383 392 1181 1181 360 367 1182 1182 376 393 1183 1183 361 369 1184 1184 368 368 1185 1185 384 394 1186 1186 369 370 1187 1187 361 369 1188 1188 377 379 1189 1189 362 371 1190 1190 370 372 1191 1191 384 394 1192 1192 385 382 1193 1193 381 388 1194 1194 397 395 1195 1195 382 390 1196 1196 375 391 1197 1197 389 396 1198 1198 390 397 1199 1199 383 392 1200 1200 397 395 1201 1201 398 398 1202 1202 376 393 1203 1203 390 397 1204 1204 391 399 1205 1205 383 392 1206 1206 399 226 1207 1207 384 394 1208 1208 376 393 1209 1209 392 400 1210 1210 377 379 1211 1211 384 394 1212 1212 400 228 1213 1213 385 382 1214 1214 378 380 1215 1215 392 400 1216 1216 393 401 1217 1217 371 381 1218 1218 325 13 1219 1219 386 402 1220 1220 481 15 1221 1221 385 382 1222 1222 400 228 1223 1223 378 380 1224 1224 394 403 1225 1225 379 383 1226 1226 371 381 1227 1227 387 404 1228 1228 372 384 1229 1229 380 386 1230 1230 394 403 1231 1231 395 405 1232 1232 372 384 1233 1233 388 406 1234 1234 373 387 1235 1235 380 386 1236 1236 396 407 1237 1237 381 388 1238 1238 373 387 1239 1239 389 396 1240 1240 374 389 1241 1241 386 402 1242 1242 325 13 1243 1243 401 408 1244 1244 481 15 1245 1245 400 228 1246 1246 415 409 1247 1247 393 401 1248 1248 409 410 1249 1249 394 403 1250 1250 386 402 1251 1251 402 411 1252 1252 387 404 1253 1253 395 405 1254 1254 409 410 1255 1255 410 412 1256 1256 387 404 1257 1257 403 413 1258 1258 388 406 1259 1259 395 405 1260 1260 411 414 1261 1261 396 407 1262 1262 388 406 1263 1263 404 415 1264 1264 389 396 1265 1265 396 407 1266 1266 412 416 1267 1267 397 395 1268 1268 390 397 1269 1269 404 415 1270 1270 405 417 1271 1271 397 395 1272 1272 413 418 1273 1273 398 398 1274 1274 390 397 1275 1275 406 419 1276 1276 391 399 1277 1277 398 398 1278 1278 414 227 1279 1279 399 226 1280 1280 391 399 1281 1281 407 420 1282 1282 392 400 1283 1283 459 421 1284 1284 474 422 1285 1285 460 423 1286 1286 393 401 1287 1287 407 420 1288 1288 408 424 1289 1289 404 415 1290 1290 420 425 1291 1291 405 417 1292 1292 413 418 1293 1293 427 426 1294 1294 428 427 1295 1295 405 417 1296 1296 421 428 1297 1297 406 419 1298 1298 414 227 1299 1299 428 427 1300 1300 429 429 1301 1301 407 420 1302 1302 421 428 1303 1303 422 430 1304 1304 415 409 1305 1305 429 429 1306 1306 430 431 1307 1307 408 424 1308 1308 422 430 1309 1309 423 432 1310 1310 401 408 1311 1311 325 13 1312 1312 416 433 1313 1313 481 15 1314 1314 415 409 1315 1315 430 431 1316 1316 408 424 1317 1317 424 434 1318 1318 409 410 1319 1319 401 408 1320 1320 417 435 1321 1321 402 411 1322 1322 409 410 1323 1323 425 436 1324 1324 410 412 1325 1325 402 411 1326 1326 418 437 1327 1327 403 413 1328 1328 410 412 1329 1329 426 438 1330 1330 411 414 1331 1331 403 413 1332 1332 419 439 1333 1333 404 415 1334 1334 411 414 1335 1335 427 426 1336 1336 412 416 1337 1337 423 432 1338 1338 439 440 1339 1339 424 434 1340 1340 417 435 1341 1341 431 441 1342 1342 432 442 1343 1343 424 434 1344 1344 440 443 1345 1345 425 436 1346 1346 417 435 1347 1347 433 444 1348 1348 418 437 1349 1349 425 436 1350 1350 441 445 1351 1351 426 438 1352 1352 418 437 1353 1353 434 446 1354 1354 419 439 1355 1355 426 438 1356 1356 442 447 1357 1357 427 426 1358 1358 419 439 1359 1359 435 448 1360 1360 420 425 1361 1361 428 427 1362 1362 442 447 1363 1363 443 449 1364 1364 421 428 1365 1365 435 448 1366 1366 436 450 1367 1367 428 427 1368 1368 444 451 1369 1369 429 429 1370 1370 422 430 1371 1371 436 450 1372 1372 437 452 1373 1373 430 431 1374 1374 444 451 1375 1375 445 453 1376 1376 423 432 1377 1377 437 452 1378 1378 438 454 1379 1379 416 433 1380 1380 325 13 1381 1381 431 441 1382 1382 481 15 1383 1383 430 431 1384 1384 445 453 1385 1385 443 449 1386 1386 457 455 1387 1387 458 456 1388 1388 435 448 1389 1389 451 457 1390 1390 436 450 1391 1391 443 449 1392 1392 459 421 1393 1393 444 451 1394 1394 436 450 1395 1395 452 458 1396 1396 437 452 1397 1397 444 451 1398 1398 460 423 1399 1399 445 453 1400 1400 438 454 1401 1401 452 458 1402 1402 453 459 1403 1403 431 441 1404 1404 325 13 1405 1405 446 460 1406 1406 481 15 1407 1407 445 453 1408 1408 460 423 1409 1409 438 454 1410 1410 454 461 1411 1411 439 440 1412 1412 432 442 1413 1413 446 460 1414 1414 447 462 1415 1415 439 440 1416 1416 455 463 1417 1417 440 443 1418 1418 432 442 1419 1419 448 464 1420 1420 433 444 1421 1421 440 443 1422 1422 456 465 1423 1423 441 445 1424 1424 433 444 1425 1425 449 466 1426 1426 434 446 1427 1427 442 447 1428 1428 456 465 1429 1429 457 455 1430 1430 434 446 1431 1431 450 467 1432 1432 435 448 1433 1433 454 461 1434 1434 470 468 1435 1435 455 463 1436 1436 447 462 1437 1437 463 469 1438 1438 448 464 1439 1439 455 463 1440 1440 471 470 1441 1441 456 465 1442 1442 449 466 1443 1443 463 469 1444 1444 464 471 1445 1445 456 465 1446 1446 472 472 1447 1447 457 455 1448 1448 450 467 1449 1449 464 471 1450 1450 465 473 1451 1451 458 456 1452 1452 472 472 1453 1453 473 474 1454 1454 450 467 1455 1455 466 475 1456 1456 451 457 1457 1457 458 456 1458 1458 474 422 1459 1459 459 421 1460 1460 452 458 1461 1461 466 475 1462 1462 467 476 1463 1463 38 36 1464 1464 53 59 1465 1465 39 38 1466 1466 453 459 1467 1467 467 476 1468 1468 468 477 1469 1469 446 460 1470 1470 325 13 1471 1471 461 478 1472 1472 481 15 1473 1473 460 423 1474 1474 475 479 1475 1475 453 459 1476 1476 469 480 1477 1477 454 461 1478 1478 447 462 1479 1479 461 478 1480 1480 462 481 1481 1481 473 474 1482 1482 479 5 1483 1483 474 422 1484 1484 467 476 1485 1485 5 2 1486 1486 6 7 1487 1487 474 422 1488 1488 480 9 1489 1489 475 479 1490 1490 468 477 1491 1491 6 7 1492 1492 476 10 1493 1493 461 478 1494 1494 325 13 1495 1495 0 12 1496 1496 481 15 1497 1497 475 479 1498 1498 480 9 1499 1499 468 477 1500 1500 477 17 1501 1501 469 480 1502 1502 462 481 1503 1503 0 12 1504 1504 1 19 1505 1505 469 480 1506 1506 478 21 1507 1507 470 468 1508 1508 463 469 1509 1509 1 19 1510 1510 2 23 1511 1511 470 468 1512 1512 7 25 1513 1513 471 470 1514 1514 464 471 1515 1515 2 23 1516 1516 3 27 1517 1517 471 470 1518 1518 8 29 1519 1519 472 472 1520 1520 465 473 1521 1521 3 27 1522 1522 4 0 1523 1523 472 472 1524 1524 9 3 1525 1525 473 474 1526 1526 466 475 1527 1527 4 0 1528 1528 5 2 1529 1529 4 0 1530 1530 14 30 1531 1531 15 1 1532 1532 9 3 1533 1533 22 31 1534 1534 23 4 1535 1535 5 2 1536 1536 15 1 1537 1537 16 6 1538 1538 479 5 1539 1539 23 4 1540 1540 24 8 1541 1541 476 10 1542 1542 6 7 1543 1543 16 6 1544 1544 476 10 1545 1545 17 11 1546 1546 18 16 1547 1547 0 12 1548 1548 10 14 1549 1549 11 18 1550 1550 477 17 1551 1551 18 16 1552 1552 19 20 1553 1553 1 19 1554 1554 11 18 1555 1555 12 22 1556 1556 478 21 1557 1557 19 20 1558 1558 20 24 1559 1559 2 23 1560 1560 12 22 1561 1561 13 26 1562 1562 7 25 1563 1563 20 24 1564 1564 21 28 1565 1565 3 27 1566 1566 13 26 1567 1567 14 30 1568 1568 9 3 1569 1569 8 29 1570 1570 21 28 1571 1571 20 24 1572 1572 35 45 1573 1573 36 32 1574 1574 13 26 1575 1575 28 46 1576 1576 29 33 1577 1577 21 28 1578 1578 36 32 1579 1579 37 34 1580 1580 14 30 1581 1581 29 33 1582 1582 30 35 1583 1583 23 4 1584 1584 22 31 1585 1585 37 34 1586 1586 16 6 1587 1587 15 1 1588 1588 30 35 1589 1589 23 4 1590 1590 38 36 1591 1591 39 38 1592 1592 17 11 1593 1593 16 6 1594 1594 31 37 1595 1595 18 16 1596 1596 17 11 1597 1597 32 39 1598 1598 10 14 1599 1599 25 40 1600 1600 26 42 1601 1601 19 20 1602 1602 18 16 1603 1603 33 41 1604 1604 11 18 1605 1605 26 42 1606 1606 27 44 1607 1607 20 24 1608 1608 19 20 1609 1609 34 43 1610 1610 12 22 1611 1611 27 44 1612 1612 28 46 1613 1613 32 39 1614 1614 47 64 1615 1615 48 48 1616 1616 26 42 1617 1617 25 40 1618 1618 40 49 1619 1619 33 41 1620 1620 48 48 1621 1621 49 51 1622 1622 26 42 1623 1623 41 50 1624 1624 42 52 1625 1625 35 45 1626 1626 34 43 1627 1627 49 51 1628 1628 28 46 1629 1629 27 44 1630 1630 42 52 1631 1631 35 45 1632 1632 50 53 1633 1633 51 55 1634 1634 28 46 1635 1635 43 54 1636 1636 44 56 1637 1637 36 32 1638 1638 51 55 1639 1639 52 57 1640 1640 29 33 1641 1641 44 56 1642 1642 45 58 1643 1643 38 36 1644 1644 37 34 1645 1645 52 57 1646 1646 30 35 1647 1647 45 58 1648 1648 46 60 1649 1649 39 38 1650 1650 53 59 1651 1651 54 47 1652 1652 32 39 1653 1653 31 37 1654 1654 46 60 1655 1655 52 57 1656 1656 51 55 1657 1657 66 65 1658 1658 44 56 1659 1659 59 79 1660 1660 60 67 1661 1661 52 57 1662 1662 67 66 1663 1663 68 68 1664 1664 45 58 1665 1665 60 67 1666 1666 61 69 1667 1667 54 47 1668 1668 53 59 1669 1669 68 68 1670 1670 46 60 1671 1671 61 69 1672 1672 62 71 1673 1673 47 64 1674 1674 62 71 1675 1675 63 73 1676 1676 40 49 1677 1677 55 72 1678 1678 56 74 1679 1679 49 51 1680 1680 48 48 1681 1681 63 73 1682 1682 41 50 1683 1683 56 74 1684 1684 57 76 1685 1685 50 53 1686 1686 49 51 1687 1687 64 75 1688 1688 42 52 1689 1689 57 76 1690 1690 58 78 1691 1691 50 53 1692 1692 65 77 1693 1693 66 65 1694 1694 43 54 1695 1695 58 78 1696 1696 59 79 1697 1697 55 72 1698 1698 70 92 1699 1699 71 80 1700 1700 64 75 1701 1701 63 73 1702 1702 78 81 1703 1703 56 74 1704 1704 71 80 1705 1705 72 83 1706 1706 64 75 1707 1707 79 82 1708 1708 80 84 1709 1709 57 76 1710 1710 72 83 1711 1711 73 85 1712 1712 65 77 1713 1713 80 84 1714 1714 81 86 1715 1715 59 79 1716 1716 58 78 1717 1717 73 85 1718 1718 67 66 1719 1719 66 65 1720 1720 81 86 1721 1721 60 67 1722 1722 59 79 1723 1723 74 87 1724 1724 68 68 1725 1725 67 66 1726 1726 82 88 1727 1727 60 67 1728 1728 75 89 1729 1729 76 90 1730 1730 68 68 1731 1731 83 62 1732 1732 84 61 1733 1733 62 71 1734 1734 61 69 1735 1735 76 90 1736 1736 62 71 1737 1737 77 91 1738 1738 78 81 1739 1739 74 87 1740 1740 89 106 1741 1741 90 93 1742 1742 82 88 1743 1743 97 107 1744 1744 98 94 1745 1745 75 89 1746 1746 90 93 1747 1747 91 95 1748 1748 99 63 1749 1749 83 62 1750 1750 98 94 1751 1751 76 90 1752 1752 91 95 1753 1753 92 97 1754 1754 77 91 1755 1755 92 97 1756 1756 93 99 1757 1757 70 92 1758 1758 85 98 1759 1759 86 100 1760 1760 79 82 1761 1761 78 81 1762 1762 93 99 1763 1763 71 80 1764 1764 86 100 1765 1765 87 102 1766 1766 79 82 1767 1767 94 101 1768 1768 95 103 1769 1769 72 83 1770 1770 87 102 1771 1771 88 104 1772 1772 80 84 1773 1773 95 103 1774 1774 96 105 1775 1775 73 85 1776 1776 88 104 1777 1777 89 106 1778 1778 82 88 1779 1779 81 86 1780 1780 96 105 1781 1781 94 101 1782 1782 93 99 1783 1783 108 108 1784 1784 86 100 1785 1785 101 121 1786 1786 102 110 1787 1787 94 101 1788 1788 109 109 1789 1789 110 111 1790 1790 87 102 1791 1791 102 110 1792 1792 103 112 1793 1793 95 103 1794 1794 110 111 1795 1795 111 113 1796 1796 88 104 1797 1797 103 112 1798 1798 104 114 1799 1799 97 107 1800 1800 96 105 1801 1801 111 113 1802 1802 89 106 1803 1803 104 114 1804 1804 105 116 1805 1805 98 94 1806 1806 97 107 1807 1807 112 115 1808 1808 91 95 1809 1809 90 93 1810 1810 105 116 1811 1811 99 63 1812 1812 113 96 1813 1813 114 120 1814 1814 92 97 1815 1815 91 95 1816 1816 106 117 1817 1817 92 97 1818 1818 107 118 1819 1819 108 108 1820 1820 86 100 1821 1821 85 98 1822 1822 100 119 1823 1823 112 115 1824 1824 127 136 1825 1825 128 122 1826 1826 106 117 1827 1827 105 116 1828 1828 120 123 1829 1829 113 96 1830 1830 128 122 1831 1831 129 125 1832 1832 106 117 1833 1833 121 124 1834 1834 122 126 1835 1835 107 118 1836 1836 122 126 1837 1837 123 128 1838 1838 101 121 1839 1839 100 119 1840 1840 115 127 1841 1841 108 108 1842 1842 123 128 1843 1843 124 130 1844 1844 102 110 1845 1845 101 121 1846 1846 116 129 1847 1847 109 109 1848 1848 124 130 1849 1849 125 132 1850 1850 102 110 1851 1851 117 131 1852 1852 118 133 1853 1853 110 111 1854 1854 125 132 1855 1855 126 134 1856 1856 104 114 1857 1857 103 112 1858 1858 118 133 1859 1859 112 115 1860 1860 111 113 1861 1861 126 134 1862 1862 104 114 1863 1863 119 135 1864 1864 120 123 1865 1865 116 129 1866 1866 131 150 1867 1867 132 137 1868 1868 124 130 1869 1869 139 151 1870 1870 140 138 1871 1871 117 131 1872 1872 132 137 1873 1873 133 139 1874 1874 125 132 1875 1875 140 138 1876 1876 141 140 1877 1877 119 135 1878 1878 118 133 1879 1879 133 139 1880 1880 127 136 1881 1881 126 134 1882 1882 141 140 1883 1883 119 135 1884 1884 134 141 1885 1885 135 143 1886 1886 127 136 1887 1887 142 142 1888 1888 143 144 1889 1889 120 123 1890 1890 135 143 1891 1891 136 145 1892 1892 128 122 1893 1893 143 144 1894 1894 144 146 1895 1895 121 124 1896 1896 136 145 1897 1897 137 147 1898 1898 122 126 1899 1899 137 147 1900 1900 138 149 1901 1901 116 129 1902 1902 115 127 1903 1903 130 148 1904 1904 123 128 1905 1905 138 149 1906 1906 139 151 1907 1907 135 143 1908 1908 150 165 1909 1909 151 152 1910 1910 143 144 1911 1911 158 166 1912 1912 159 153 1913 1913 137 147 1914 1914 136 145 1915 1915 151 152 1916 1916 137 147 1917 1917 152 154 1918 1918 153 156 1919 1919 131 150 1920 1920 130 148 1921 1921 145 155 1922 1922 139 151 1923 1923 138 149 1924 1924 153 156 1925 1925 131 150 1926 1926 146 157 1927 1927 147 159 1928 1928 139 151 1929 1929 154 158 1930 1930 155 160 1931 1931 132 137 1932 1932 147 159 1933 1933 148 161 1934 1934 140 138 1935 1935 155 160 1936 1936 156 162 1937 1937 133 139 1938 1938 148 161 1939 1939 149 163 1940 1940 142 142 1941 1941 141 140 1942 1942 156 162 1943 1943 134 141 1944 1944 149 163 1945 1945 150 165 1946 1946 142 142 1947 1947 157 164 1948 1948 158 166 1949 1949 154 158 1950 1950 169 180 1951 1951 170 167 1952 1952 147 159 1953 1953 162 181 1954 1954 163 168 1955 1955 155 160 1956 1956 170 167 1957 1957 171 169 1958 1958 149 163 1959 1959 148 161 1960 1960 163 168 1961 1961 157 164 1962 1962 156 162 1963 1963 171 169 1964 1964 149 163 1965 1965 164 170 1966 1966 165 172 1967 1967 157 164 1968 1968 172 171 1969 1969 173 173 1970 1970 151 152 1971 1971 150 165 1972 1972 165 172 1973 1973 159 153 1974 1974 158 166 1975 1975 173 173 1976 1976 152 154 1977 1977 151 152 1978 1978 166 174 1979 1979 152 154 1980 1980 167 176 1981 1981 168 178 1982 1982 145 155 1983 1983 160 177 1984 1984 161 179 1985 1985 154 158 1986 1986 153 156 1987 1987 168 178 1988 1988 146 157 1989 1989 161 179 1990 1990 162 181 1991 1991 173 173 1992 1992 188 195 1993 1993 189 182 1994 1994 167 176 1995 1995 166 174 1996 1996 181 183 1997 1997 167 176 1998 1998 182 184 1999 1999 183 186 2000 2000 169 180 2001 2001 168 178 2002 2002 183 186 2003 2003 161 179 2004 2004 176 208 2005 2005 177 188 2006 2006 169 180 2007 2007 184 187 2008 2008 185 189 2009 2009 163 168 2010 2010 162 181 2011 2011 177 188 2012 2012 170 167 2013 2013 185 189 2014 2014 186 191 2015 2015 163 168 2016 2016 178 190 2017 2017 179 192 2018 2018 172 171 2019 2019 171 169 2020 2020 186 191 2021 2021 164 170 2022 2022 179 192 2023 2023 180 194 2024 2024 173 173 2025 2025 172 171 2026 2026 187 193 2027 2027 165 172 2028 2028 180 194 2029 2029 181 183 2030 2030 185 189 2031 2031 200 211 2032 2032 201 196 2033 2033 179 192 2034 2034 178 190 2035 2035 193 197 2036 2036 186 191 2037 2037 201 196 2038 2038 202 199 2039 2039 179 192 2040 2040 194 198 2041 2041 195 200 2042 2042 187 193 2043 2043 202 199 2044 2044 203 201 2045 2045 180 194 2046 2046 195 200 2047 2047 196 202 2048 2048 188 195 2049 2049 203 201 2050 2050 204 203 2051 2051 182 184 2052 2052 181 183 2053 2053 196 202 2054 2054 182 184 2055 2055 197 204 2056 2056 198 206 2057 2057 175 185 2058 2058 190 205 2059 2059 191 207 2060 2060 183 186 2061 2061 198 206 2062 2062 199 209 2063 2063 176 208 2064 2064 191 207 2065 2065 192 210 2066 2066 184 187 2067 2067 199 209 2068 2068 200 211 2069 2069 177 188 2070 2070 192 210 2071 2071 193 197 2072 2072 197 204 2073 2073 212 229 2074 2074 213 214 2075 2075 190 205 2076 2076 205 212 2077 2077 206 215 2078 2078 198 206 2079 2079 213 214 2080 2080 214 216 2081 2081 191 207 2082 2082 206 215 2083 2083 207 217 2084 2084 199 209 2085 2085 214 216 2086 2086 215 218 2087 2087 192 210 2088 2088 207 217 2089 2089 208 219 2090 2090 200 211 2091 2091 215 218 2092 2092 216 220 2093 2093 193 197 2094 2094 208 219 2095 2095 209 221 2096 2096 202 199 2097 2097 201 196 2098 2098 216 220 2099 2099 194 198 2100 2100 209 221 2101 2101 210 223 2102 2102 202 199 2103 2103 217 222 2104 2104 218 224 2105 2105 196 202 2106 2106 195 200 2107 2107 210 223 2108 2108 219 213 2109 2109 203 201 2110 2110 218 224 2111 2111 197 204 2112 2112 196 202 2113 2113 211 225 2114 2114 209 221 2115 2115 208 219 2116 2116 223 230 2117 2117 217 222 2118 2118 216 220 2119 2119 231 232 2120 2120 209 221 2121 2121 224 231 2122 2122 225 234 2123 2123 217 222 2124 2124 232 233 2125 2125 233 235 2126 2126 211 225 2127 2127 210 223 2128 2128 225 234 2129 2129 219 213 2130 2130 218 224 2131 2131 233 235 2132 2132 212 229 2133 2133 211 225 2134 2134 226 236 2135 2135 212 229 2136 2136 227 238 2137 2137 228 240 2138 2138 205 212 2139 2139 220 239 2140 2140 221 241 2141 2141 214 216 2142 2142 213 214 2143 2143 228 240 2144 2144 206 215 2145 2145 221 241 2146 2146 222 243 2147 2147 214 216 2148 2148 229 242 2149 2149 230 244 2150 2150 207 217 2151 2151 222 243 2152 2152 223 230 2153 2153 215 218 2154 2154 230 244 2155 2155 231 232 2156 2156 227 238 2157 2157 242 259 2158 2158 243 245 2159 2159 221 241 2160 2160 220 239 2161 2161 235 246 2162 2162 229 242 2163 2163 228 240 2164 2164 243 245 2165 2165 221 241 2166 2166 236 247 2167 2167 237 249 2168 2168 229 242 2169 2169 244 248 2170 2170 245 250 2171 2171 222 243 2172 2172 237 249 2173 2173 238 251 2174 2174 230 244 2175 2175 245 250 2176 2176 246 252 2177 2177 224 231 2178 2178 223 230 2179 2179 238 251 2180 2180 232 233 2181 2181 231 232 2182 2182 246 252 2183 2183 224 231 2184 2184 239 253 2185 2185 240 255 2186 2186 232 233 2187 2187 247 254 2188 2188 248 256 2189 2189 225 234 2190 2190 240 255 2191 2191 241 257 2192 2192 234 237 2193 2193 233 235 2194 2194 248 256 2195 2195 227 238 2196 2196 226 236 2197 2197 241 257 2198 2198 247 254 2199 2199 246 252 2200 2200 261 260 2201 2201 239 253 2202 2202 254 274 2203 2203 255 262 2204 2204 247 254 2205 2205 262 261 2206 2206 263 263 2207 2207 241 257 2208 2208 240 255 2209 2209 255 262 2210 2210 248 256 2211 2211 263 263 2212 2212 264 265 2213 2213 242 259 2214 2214 241 257 2215 2215 256 264 2216 2216 242 259 2217 2217 257 266 2218 2218 258 268 2219 2219 235 246 2220 2220 250 267 2221 2221 251 269 2222 2222 244 248 2223 2223 243 245 2224 2224 258 268 2225 2225 236 247 2226 2226 251 269 2227 2227 252 271 2228 2228 244 248 2229 2229 259 270 2230 2230 260 272 2231 2231 237 249 2232 2232 252 271 2233 2233 253 273 2234 2234 245 250 2235 2235 260 272 2236 2236 261 260 2237 2237 238 251 2238 2238 253 273 2239 2239 254 274 2240 2240 250 267 2241 2241 265 288 2242 2242 266 275 2243 2243 258 268 2244 2244 273 289 2245 2245 274 276 2246 2246 251 269 2247 2247 266 275 2248 2248 267 277 2249 2249 259 270 2250 2250 274 276 2251 2251 275 278 2252 2252 252 271 2253 2253 267 277 2254 2254 268 279 2255 2255 260 272 2256 2256 275 278 2257 2257 276 280 2258 2258 253 273 2259 2259 268 279 2260 2260 269 281 2261 2261 262 261 2262 2262 261 260 2263 2263 276 280 2264 2264 254 274 2265 2265 269 281 2266 2266 270 283 2267 2267 262 261 2268 2268 277 282 2269 2269 278 284 2270 2270 256 264 2271 2271 255 262 2272 2272 270 283 2273 2273 263 263 2274 2274 278 284 2275 2275 279 286 2276 2276 257 266 2277 2277 256 264 2278 2278 271 285 2279 2279 257 266 2280 2280 272 287 2281 2281 273 289 2282 2282 269 281 2283 2283 284 303 2284 2284 285 290 2285 2285 277 282 2286 2286 292 304 2287 2287 293 291 2288 2288 271 285 2289 2289 270 283 2290 2290 285 290 2291 2291 279 286 2292 2292 278 284 2293 2293 293 291 2294 2294 272 287 2295 2295 271 285 2296 2296 286 292 2297 2297 272 287 2298 2298 287 294 2299 2299 288 296 2300 2300 265 288 2301 2301 280 295 2302 2302 281 297 2303 2303 273 289 2304 2304 288 296 2305 2305 289 298 2306 2306 266 275 2307 2307 281 297 2308 2308 282 299 2309 2309 274 276 2310 2310 289 298 2311 2311 290 300 2312 2312 267 277 2313 2313 282 299 2314 2314 283 301 2315 2315 275 278 2316 2316 290 300 2317 2317 291 302 2318 2318 268 279 2319 2319 283 301 2320 2320 284 303 2321 2321 277 282 2322 2322 276 280 2323 2323 291 302 2324 2324 289 298 2325 2325 288 296 2326 2326 303 305 2327 2327 281 297 2328 2328 296 319 2329 2329 297 307 2330 2330 289 298 2331 2331 304 306 2332 2332 305 308 2333 2333 282 299 2334 2334 297 307 2335 2335 298 309 2336 2336 290 300 2337 2337 305 308 2338 2338 306 310 2339 2339 284 303 2340 2340 283 301 2341 2341 298 309 2342 2342 292 304 2343 2343 291 302 2344 2344 306 310 2345 2345 285 290 2346 2346 284 303 2347 2347 299 311 2348 2348 292 304 2349 2349 307 312 2350 2350 308 314 2351 2351 286 292 2352 2352 285 290 2353 2353 300 313 2354 2354 293 291 2355 2355 308 314 2356 2356 309 316 2357 2357 287 294 2358 2358 286 292 2359 2359 301 315 2360 2360 287 294 2361 2361 302 317 2362 2362 303 305 2363 2363 281 297 2364 2364 280 295 2365 2365 295 318 2366 2366 307 312 2367 2367 322 333 2368 2368 323 320 2369 2369 300 313 2370 2370 315 334 2371 2371 316 321 2372 2372 308 314 2373 2373 323 320 2374 2374 324 322 2375 2375 302 317 2376 2376 301 315 2377 2377 316 321 2378 2378 302 317 2379 2379 317 323 2380 2380 318 325 2381 2381 295 318 2382 2382 310 324 2383 2383 311 326 2384 2384 304 306 2385 2385 303 305 2386 2386 318 325 2387 2387 297 307 2388 2388 296 319 2389 2389 311 326 2390 2390 304 306 2391 2391 319 327 2392 2392 320 329 2393 2393 297 307 2394 2394 312 328 2395 2395 313 330 2396 2396 305 308 2397 2397 320 329 2398 2398 321 331 2399 2399 299 311 2400 2400 298 309 2401 2401 313 330 2402 2402 307 312 2403 2403 306 310 2404 2404 321 331 2405 2405 300 313 2406 2406 299 311 2407 2407 314 332 2408 2408 319 327 2409 2409 335 348 2410 2410 336 335 2411 2411 312 328 2412 2412 328 349 2413 2413 329 336 2414 2414 320 329 2415 2415 336 335 2416 2416 337 337 2417 2417 313 330 2418 2418 329 336 2419 2419 330 338 2420 2420 322 333 2421 2421 321 331 2422 2422 337 337 2423 2423 314 332 2424 2424 330 338 2425 2425 331 340 2426 2426 322 333 2427 2427 338 339 2428 2428 339 341 2429 2429 315 334 2430 2430 331 340 2431 2431 332 342 2432 2432 323 320 2433 2433 339 341 2434 2434 340 343 2435 2435 317 323 2436 2436 316 321 2437 2437 332 342 2438 2438 317 323 2439 2439 333 344 2440 2440 334 346 2441 2441 310 324 2442 2442 326 345 2443 2443 327 347 2444 2444 319 327 2445 2445 318 325 2446 2446 334 346 2447 2447 311 326 2448 2448 327 347 2449 2449 328 349 2450 2450 340 343 2451 2451 339 341 2452 2452 354 350 2453 2453 333 344 2454 2454 332 342 2455 2455 347 352 2456 2456 333 344 2457 2457 348 353 2458 2458 349 355 2459 2459 326 345 2460 2460 341 354 2461 2461 342 356 2462 2462 335 348 2463 2463 334 346 2464 2464 349 355 2465 2465 327 347 2466 2466 342 356 2467 2467 343 358 2468 2468 335 348 2469 2469 350 357 2470 2470 351 359 2471 2471 328 349 2472 2472 343 358 2473 2473 344 360 2474 2474 337 337 2475 2475 336 335 2476 2476 351 359 2477 2477 330 338 2478 2478 329 336 2479 2479 344 360 2480 2480 338 339 2481 2481 337 337 2482 2482 352 361 2483 2483 331 340 2484 2484 330 338 2485 2485 345 362 2486 2486 338 339 2487 2487 353 363 2488 2488 354 350 2489 2489 332 342 2490 2490 331 340 2491 2491 346 364 2492 2492 343 358 2493 2493 358 377 2494 2494 359 365 2495 2495 351 359 2496 2496 366 378 2497 2497 367 366 2498 2498 344 360 2499 2499 359 365 2500 2500 360 367 2501 2501 353 363 2502 2502 352 361 2503 2503 367 366 2504 2504 346 364 2505 2505 345 362 2506 2506 360 367 2507 2507 353 363 2508 2508 368 368 2509 2509 369 370 2510 2510 346 364 2511 2511 361 369 2512 2512 362 371 2513 2513 355 351 2514 2514 354 350 2515 2515 369 370 2516 2516 348 353 2517 2517 347 352 2518 2518 362 371 2519 2519 348 353 2520 2520 363 373 2521 2521 364 375 2522 2522 342 356 2523 2523 356 374 2524 2524 357 385 2525 2525 350 357 2526 2526 349 355 2527 2527 364 375 2528 2528 342 356 2529 2529 357 385 2530 2530 358 377 2531 2531 350 357 2532 2532 365 376 2533 2533 366 378 2534 2534 363 373 2535 2535 362 371 2536 2536 377 379 2537 2537 363 373 2538 2538 378 380 2539 2539 379 383 2540 2540 356 374 2541 2541 371 381 2542 2542 372 384 2543 2543 365 376 2544 2544 364 375 2545 2545 379 383 2546 2546 357 385 2547 2547 372 384 2548 2548 373 387 2549 2549 365 376 2550 2550 380 386 2551 2551 381 388 2552 2552 358 377 2553 2553 373 387 2554 2554 374 389 2555 2555 366 378 2556 2556 381 388 2557 2557 382 390 2558 2558 359 365 2559 2559 374 389 2560 2560 375 391 2561 2561 368 368 2562 2562 367 366 2563 2563 382 390 2564 2564 360 367 2565 2565 375 391 2566 2566 376 393 2567 2567 368 368 2568 2568 383 392 2569 2569 384 394 2570 2570 361 369 2571 2571 376 393 2572 2572 377 379 2573 2573 370 372 2574 2574 369 370 2575 2575 384 394 2576 2576 381 388 2577 2577 396 407 2578 2578 397 395 2579 2579 375 391 2580 2580 374 389 2581 2581 389 396 2582 2582 383 392 2583 2583 382 390 2584 2584 397 395 2585 2585 376 393 2586 2586 375 391 2587 2587 390 397 2588 2588 383 392 2589 2589 398 398 2590 2590 399 226 2591 2591 376 393 2592 2592 391 399 2593 2593 392 400 2594 2594 384 394 2595 2595 399 226 2596 2596 400 228 2597 2597 378 380 2598 2598 377 379 2599 2599 392 400 2600 2600 378 380 2601 2601 393 401 2602 2602 394 403 2603 2603 371 381 2604 2604 386 402 2605 2605 387 404 2606 2606 380 386 2607 2607 379 383 2608 2608 394 403 2609 2609 372 384 2610 2610 387 404 2611 2611 388 406 2612 2612 380 386 2613 2613 395 405 2614 2614 396 407 2615 2615 373 387 2616 2616 388 406 2617 2617 389 396 2618 2618 393 401 2619 2619 408 424 2620 2620 409 410 2621 2621 386 402 2622 2622 401 408 2623 2623 402 411 2624 2624 395 405 2625 2625 394 403 2626 2626 409 410 2627 2627 387 404 2628 2628 402 411 2629 2629 403 413 2630 2630 395 405 2631 2631 410 412 2632 2632 411 414 2633 2633 388 406 2634 2634 403 413 2635 2635 404 415 2636 2636 396 407 2637 2637 411 414 2638 2638 412 416 2639 2639 390 397 2640 2640 389 396 2641 2641 404 415 2642 2642 397 395 2643 2643 412 416 2644 2644 413 418 2645 2645 390 397 2646 2646 405 417 2647 2647 406 419 2648 2648 398 398 2649 2649 413 418 2650 2650 414 227 2651 2651 391 399 2652 2652 406 419 2653 2653 407 420 2654 2654 400 228 2655 2655 414 227 2656 2656 415 409 2657 2657 393 401 2658 2658 392 400 2659 2659 407 420 2660 2660 404 415 2661 2661 419 439 2662 2662 420 425 2663 2663 413 418 2664 2664 412 416 2665 2665 427 426 2666 2666 405 417 2667 2667 420 425 2668 2668 421 428 2669 2669 414 227 2670 2670 413 418 2671 2671 428 427 2672 2672 407 420 2673 2673 406 419 2674 2674 421 428 2675 2675 415 409 2676 2676 414 227 2677 2677 429 429 2678 2678 408 424 2679 2679 407 420 2680 2680 422 430 2681 2681 408 424 2682 2682 423 432 2683 2683 424 434 2684 2684 401 408 2685 2685 416 433 2686 2686 417 435 2687 2687 409 410 2688 2688 424 434 2689 2689 425 436 2690 2690 402 411 2691 2691 417 435 2692 2692 418 437 2693 2693 410 412 2694 2694 425 436 2695 2695 426 438 2696 2696 403 413 2697 2697 418 437 2698 2698 419 439 2699 2699 411 414 2700 2700 426 438 2701 2701 427 426 2702 2702 423 432 2703 2703 438 454 2704 2704 439 440 2705 2705 417 435 2706 2706 416 433 2707 2707 431 441 2708 2708 424 434 2709 2709 439 440 2710 2710 440 443 2711 2711 417 435 2712 2712 432 442 2713 2713 433 444 2714 2714 425 436 2715 2715 440 443 2716 2716 441 445 2717 2717 418 437 2718 2718 433 444 2719 2719 434 446 2720 2720 426 438 2721 2721 441 445 2722 2722 442 447 2723 2723 419 439 2724 2724 434 446 2725 2725 435 448 2726 2726 428 427 2727 2727 427 426 2728 2728 442 447 2729 2729 421 428 2730 2730 420 425 2731 2731 435 448 2732 2732 428 427 2733 2733 443 449 2734 2734 444 451 2735 2735 422 430 2736 2736 421 428 2737 2737 436 450 2738 2738 430 431 2739 2739 429 429 2740 2740 444 451 2741 2741 423 432 2742 2742 422 430 2743 2743 437 452 2744 2744 443 449 2745 2745 442 447 2746 2746 457 455 2747 2747 435 448 2748 2748 450 467 2749 2749 451 457 2750 2750 443 449 2751 2751 458 456 2752 2752 459 421 2753 2753 436 450 2754 2754 451 457 2755 2755 452 458 2756 2756 444 451 2757 2757 459 421 2758 2758 460 423 2759 2759 438 454 2760 2760 437 452 2761 2761 452 458 2762 2762 438 454 2763 2763 453 459 2764 2764 454 461 2765 2765 432 442 2766 2766 431 441 2767 2767 446 460 2768 2768 439 440 2769 2769 454 461 2770 2770 455 463 2771 2771 432 442 2772 2772 447 462 2773 2773 448 464 2774 2774 440 443 2775 2775 455 463 2776 2776 456 465 2777 2777 433 444 2778 2778 448 464 2779 2779 449 466 2780 2780 442 447 2781 2781 441 445 2782 2782 456 465 2783 2783 434 446 2784 2784 449 466 2785 2785 450 467 2786 2786 454 461 2787 2787 469 480 2788 2788 470 468 2789 2789 447 462 2790 2790 462 481 2791 2791 463 469 2792 2792 455 463 2793 2793 470 468 2794 2794 471 470 2795 2795 449 466 2796 2796 448 464 2797 2797 463 469 2798 2798 456 465 2799 2799 471 470 2800 2800 472 472 2801 2801 450 467 2802 2802 449 466 2803 2803 464 471 2804 2804 458 456 2805 2805 457 455 2806 2806 472 472 2807 2807 450 467 2808 2808 465 473 2809 2809 466 475 2810 2810 458 456 2811 2811 473 474 2812 2812 474 422 2813 2813 452 458 2814 2814 451 457 2815 2815 466 475 2816 2816 460 423 2817 2817 474 422 2818 2818 475 479 2819 2819 453 459 2820 2820 452 458 2821 2821 467 476 2822 2822 453 459 2823 2823 468 477 2824 2824 469 480 2825 2825 447 462 2826 2826 446 460 2827 2827 461 478 2828 2828 473 474 2829 2829 9 3 2830 2830 479 5 2831 2831 467 476 2832 2832 466 475 2833 2833 5 2 2834 2834 474 422 2835 2835 479 5 2836 2836 480 9 2837 2837 468 477 2838 2838 467 476 2839 2839 6 7 2840 2840 468 477 2841 2841 476 10 2842 2842 477 17 2843 2843 462 481 2844 2844 461 478 2845 2845 0 12 2846 2846 469 480 2847 2847 477 17 2848 2848 478 21 2849 2849 463 469 2850 2850 462 481 2851 2851 1 19 2852 2852 470 468 2853 2853 478 21 2854 2854 7 25 2855 2855 464 471 2856 2856 463 469 2857 2857 2 23 2858 2858 471 470 2859 2859 7 25 2860 2860 8 29 2861 2861 465 473 2862 2862 464 471 2863 2863 3 27 2864 2864 472 472 2865 2865 8 29 2866 2866 9 3 2867 2867 466 475 2868 2868 465 473 2869 2869 4 0 2870 2870 341 354 2871 2871 356 374 2872 2872 342 356 2873 2873 204 203 2874 2874 203 201 2875 2875 219 213 2876 2876 175 185 2877 2877 176 208 2878 2878 161 179 2879 2879</p>
        </triangles>
      </mesh>
    </geometry>
    <geometry id="Sphere_010-mesh" name="Sphere.010">
      <mesh>
        <source id="Sphere_010-mesh-positions">
          <float_array id="Sphere_010-mesh-positions-array" count="1446">0 0.1950926 1.44171 0 0.3826857 1.330513 0 0.5555725 1.160005 0 0.707109 0.9439254 0 0.8314719 0.6964489 0 0.923882 0.4313639 0 0.9807878 0.1614038 0 0.8314722 -0.7716553 0 0.707109 -0.9357245 0 0.5555725 -1.064971 0.03806012 0.1913442 1.44171 0.07465773 0.3753328 1.330513 0.1083862 0.5448976 1.160005 0.1379496 0.6935225 0.9439254 0.1622115 0.8154955 0.6964489 0.1802398 0.9061298 0.4313639 0.1913416 0.9619422 0.1614038 0.1950902 0.9807878 -0.1022467 0.1913416 0.9619422 -0.35025 0.1802399 0.9061298 -0.5752207 0.1622115 0.8154955 -0.7716553 0.1379496 0.6935225 -0.9357245 0.1083862 0.5448976 -1.064971 0.07465773 0.3753328 -1.158059 0.03806012 0.1913442 -1.214964 0.07465773 0.1802425 1.44171 0.1464465 0.3535557 1.330513 0.2126075 0.5132823 1.160005 0.2705979 0.6532841 0.9439254 0.3181895 0.7681799 0.696449 0.3535533 0.8535557 0.4313639 0.3753302 0.9061298 0.1614038 0.3826833 0.923882 -0.1022467 0.3753302 0.9061298 -0.3502501 0.3535533 0.8535559 -0.5752207 0.3181896 0.7681804 -0.7716553 0.2705979 0.6532841 -0.9357245 0.2126074 0.5132823 -1.064971 0.1464465 0.3535557 -1.158059 0.07465773 0.1802425 -1.214964 0.1083863 0.1622142 1.44171 0.2126075 0.318192 1.330513 0.3086582 0.4619422 1.160005 0.3928474 0.5879402 0.9439254 0.4619396 0.6913438 0.696449 0.5132799 0.7681804 0.4313639 0.544895 0.8154955 0.1614038 0.5555701 0.8314719 -0.1022467 0.544895 0.8154955 -0.3502501 0.5132799 0.7681804 -0.5752207 0.4619397 0.6913443 -0.7716553 0.3928474 0.5879402 -0.9357245 0.3086582 0.4619422 -1.064971 0.2126075 0.318192 -1.158059 0.1083863 0.1622142 -1.214964 0.1379496 0.1379523 1.44171 0.270598 0.2706003 1.330513 0.3928474 0.3928499 1.160005 0.4999998 0.5000024 0.9439254 0.5879376 0.5879402 0.6964491 0.6532813 0.6532836 0.4313639 0.6935198 0.6935225 0.1614038 0.7071067 0.707109 -0.1022467 0.6935198 0.6935225 -0.35025 0.6532815 0.6532841 -0.5752207 0.5879377 0.5879402 -0.7716553 0.4999998 0.5000024 -0.9357245 0.3928474 0.3928499 -1.064971 0.270598 0.2706003 -1.158059 0.1379496 0.1379518 -1.214964 0.1622116 0.1083889 1.44171 0.3181896 0.2126097 1.330513 0.4619397 0.3086605 1.160005 0.5879377 0.3928499 0.9439254 0.6913415 0.4619422 0.696449 0.7681776 0.5132823 0.4313639 0.815493 0.5448976 0.1614038 0.8314694 0.5555725 -0.1022467 0.815493 0.5448976 -0.35025 0.7681778 0.5132823 -0.5752207 0.6913416 0.4619422 -0.7716553 0.5879377 0.3928499 -0.9357245 0.4619396 0.3086605 -1.064971 0.3181896 0.2126097 -1.158059 0.1622116 0.1083889 -1.214964 0.1802399 0.0746603 1.44171 0.3535534 0.146449 1.330513 0.5132799 0.2126097 1.160005 0.6532813 0.2706003 0.9439256 0.7681775 0.318192 0.6964491 0.8535532 0.3535557 0.4313639 0.9061272 0.3753324 0.1614038 0.9238793 0.3826857 -0.1022466 0.9061272 0.3753324 -0.35025 0.8535534 0.3535557 -0.5752207 0.7681776 0.318192 -0.7716552 0.6532813 0.2706003 -0.9357245 0.5132799 0.2126097 -1.064971 0.3535534 0.146449 -1.158059 0.1802399 0.0746603 -1.214964 0.1913416 0.03806257 1.44171 0.3753303 0.0746603 1.330513 0.5448949 0.1083889 1.160005 0.6935198 0.1379518 0.9439256 0.8154929 0.1622138 0.6964491 0.9061272 0.1802425 0.4313639 0.9619395 0.1913442 0.1614038 0.980785 0.1950926 -0.1022466 0.9619395 0.1913442 -0.35025 0.9061274 0.180242 -0.5752207 0.8154929 0.1622138 -0.7716552 0.6935198 0.1379518 -0.9357245 0.5448949 0.1083889 -1.064971 0.3753303 0.0746603 -1.158059 0.1913416 0.03806257 -1.214964 0.1950902 2.38419e-6 1.44171 0.3826834 2.38419e-6 1.330513 0.55557 2.38419e-6 1.160005 0.7071066 2.38419e-6 0.9439256 0.8314693 2.38419e-6 0.6964491 0.9238793 2.38419e-6 0.431364 0.980785 2.38419e-6 0.1614038 0.9999996 2.38419e-6 -0.1022466 0.980785 2.38419e-6 -0.35025 0.9238795 2.38419e-6 -0.5752207 0.8314694 2.38419e-6 -0.7716552 0.7071066 2.38419e-6 -0.9357245 0.55557 2.38419e-6 -1.064971 0.3826835 2.38419e-6 -1.158059 0.1950902 2.38419e-6 -1.214964 0.1913416 -0.0380578 1.44171 0.3753302 -0.07465553 1.330513 0.5448949 -0.1083841 1.160005 0.6935197 -0.137947 0.9439256 0.8154928 -0.1622095 0.6964491 0.9061272 -0.1802372 0.431364 0.9619395 -0.1913394 0.1614039 0.9807848 -0.1950879 -0.1022465 0.9619395 -0.1913394 -0.35025 0.9061273 -0.1802377 -0.5752207 0.8154929 -0.1622095 -0.7716552 0.6935197 -0.137947 -0.9357245 0.5448949 -0.1083841 -1.064971 0.3753303 -0.07465553 -1.158059 0.1913416 -0.0380578 -1.214964 0.1802399 -0.07465553 1.44171 0.3535534 -0.1464443 1.330513 0.5132797 -0.2126049 1.160005 0.6532813 -0.2705956 0.9439256 0.7681774 -0.3181872 0.6964491 0.8535531 -0.3535509 0.431364 0.9061271 -0.3753281 0.1614039 0.923879 -0.3826809 -0.1022465 0.9061271 -0.3753281 -0.35025 0.8535532 -0.3535509 -0.5752207 0.7681775 -0.3181872 -0.7716552 0.6532813 -0.2705956 -0.9357245 0.5132797 -0.2126049 -1.064971 0.3535534 -0.1464443 -1.158059 0.1802399 -0.07465553 -1.214964 0.1622115 -0.1083841 1.44171 0.3181896 -0.2126054 1.330513 0.4619395 -0.3086557 1.160005 0.5879376 -0.3928452 0.9439256 0.6913414 -0.4619374 0.6964491 0.7681775 -0.5132775 0.431364 0.8154928 -0.5448928 0.1614039 0.831469 -0.5555678 -0.1022465 0.8154928 -0.5448928 -0.35025 0.7681776 -0.5132775 -0.5752207 0.6913414 -0.4619374 -0.7716552 0.5879376 -0.3928452 -0.9357245 0.4619395 -0.3086557 -1.064971 0.3181896 -0.2126054 -1.158059 0.1622115 -0.1083841 -1.214964 0.1379496 -0.1379475 1.44171 0.2705979 -0.270596 1.330513 0.3928472 -0.3928452 1.160005 0.4999998 -0.4999976 0.9439256 0.5879374 -0.587935 0.6964492 0.6532812 -0.6532788 0.431364 0.6935196 -0.6935172 0.161404 0.7071061 -0.7071042 -0.1022465 0.6935196 -0.6935172 -0.35025 0.6532813 -0.6532793 -0.5752206 0.5879375 -0.5879355 -0.7716552 0.4999998 -0.4999976 -0.9357245 0.3928472 -0.3928452 -1.064971 0.270598 -0.270596 -1.158059 0.1379495 -0.1379475 -1.214964 0.1083862 -0.1622095 1.44171 0.2126074 -0.3181872 1.330514 0.308658 -0.4619374 1.160005 0.3928473 -0.5879355 0.9439256 0.4619395 -0.691339 0.6964492 0.5132797 -0.7681751 0.431364 0.5448948 -0.8154907 0.161404 0.5555696 -0.8314672 -0.1022465 0.5448948 -0.8154907 -0.3502499 0.5132797 -0.7681756 -0.5752206 0.4619395 -0.691339 -0.7716552 0.3928473 -0.5879355 -0.9357245 0.308658 -0.4619374 -1.064971 0.2126075 -0.3181872 -1.158059 0.1083862 -0.1622095 -1.214964 0.07465767 -0.1802377 1.44171 0.1464465 -0.3535509 1.330514 0.2126073 -0.5132775 1.160005 0.2705979 -0.6532788 0.9439256 0.3181894 -0.7681751 0.6964492 0.3535532 -0.8535509 0.431364 0.3753299 -0.9061246 0.161404 0.3826829 -0.9238768 -0.1022465 0.3753299 -0.9061246 -0.3502499 0.3535531 -0.8535509 -0.5752206 0.3181894 -0.7681751 -0.7716552 0.2705979 -0.6532788 -0.9357245 0.2126073 -0.5132775 -1.064971 0.1464465 -0.3535509 -1.158059 0.07465767 -0.1802377 -1.214964 0.03806006 -0.1913394 1.44171 0.07465767 -0.3753281 1.330514 0.1083862 -0.5448928 1.160005 0.1379496 -0.6935172 0.9439256 0.1622115 -0.8154903 0.6964492 0.1802398 -0.9061246 0.431364 0.1913414 -0.961937 0.161404 0.1950898 -0.9807825 -0.1022465 0.1913414 -0.961937 -0.3502499 0.1802397 -0.9061251 -0.5752206 0.1622114 -0.8154903 -0.7716552 0.1379496 -0.6935172 -0.9357245 0.1083862 -0.5448928 -1.064971 0.07465773 -0.3753281 -1.158059 0.03806006 -0.1913394 -1.214964 0 -0.1950879 1.44171 -1.45286e-7 -0.3826814 1.330514 -1.82539e-7 -0.5555678 1.160005 0 -0.7071042 0.9439256 -1.30385e-7 -0.8314667 0.6964492 0 -0.9238768 0.4313641 -1.8999e-7 -0.9807825 0.161404 -3.83705e-7 -0.9999971 -0.1022465 -1.8999e-7 -0.9807825 -0.3502499 -2.34693e-7 -0.9238772 -0.5752206 -1.60187e-7 -0.8314672 -0.7716552 0 -0.7071042 -0.9357245 -1.82539e-7 -0.5555678 -1.064971 0 -0.3826814 -1.158059 -1.19209e-7 -0.1950879 -1.214964 -0.0380603 -0.1913394 1.44171 -0.07465797 -0.3753281 1.330514 -0.1083865 -0.5448928 1.160005 -0.1379497 -0.6935172 0.9439256 -0.1622117 -0.8154903 0.6964492 -0.18024 -0.9061246 0.4313641 -0.1913418 -0.961937 0.161404 -0.1950905 -0.980782 -0.1022465 -0.1913418 -0.961937 -0.3502499 -0.1802401 -0.9061251 -0.5752206 -0.1622117 -0.8154903 -0.7716552 -0.1379497 -0.6935172 -0.9357245 -0.1083865 -0.5448928 -1.064971 -0.07465791 -0.3753281 -1.158059 -0.0380603 -0.1913394 -1.214964 -0.07465791 -0.1802377 1.44171 -0.1464467 -0.3535509 1.330514 -0.2126076 -0.5132775 1.160005 -0.2705981 -0.6532788 0.9439258 -0.3181896 -0.7681751 0.6964492 -0.3535534 -0.8535509 0.4313641 -0.3753303 -0.9061246 0.1614041 -0.3826835 -0.9238763 -0.1022464 -0.3753303 -0.9061246 -0.3502499 -0.3535535 -0.8535509 -0.5752206 -0.3181896 -0.7681751 -0.7716552 -0.2705981 -0.6532788 -0.9357245 -0.2126076 -0.5132775 -1.064971 -0.1464467 -0.3535509 -1.158059 -0.07465791 -0.1802377 -1.214964 -0.1083865 -0.1622095 1.44171 -0.2126076 -0.3181872 1.330514 -0.3086583 -0.461937 1.160005 -0.3928474 -0.5879355 0.9439258 -0.4619396 -0.691339 0.6964493 -0.5132799 -0.7681751 0.4313641 -0.5448951 -0.8154903 0.1614041 -0.5555702 -0.8314662 -0.1022464 -0.5448951 -0.8154903 -0.3502499 -0.5132801 -0.7681751 -0.5752206 -0.4619396 -0.691339 -0.7716552 -0.3928474 -0.5879355 -0.9357245 -0.3086583 -0.461937 -1.064971 -0.2126076 -0.3181872 -1.158059 -0.1083865 -0.1622095 -1.214964 -0.1379498 -0.1379475 1.44171 -0.2705982 -0.2705956 1.330514 -0.3928474 -0.3928447 1.160005 -0.4999999 -0.4999976 0.9439258 -0.5879376 -0.587935 0.6964493 -0.6532814 -0.6532788 0.4313641 -0.6935198 -0.6935172 0.1614041 -0.7071066 -0.7071037 -0.1022464 -0.6935198 -0.6935172 -0.3502499 -0.6532816 -0.6532788 -0.5752206 -0.5879377 -0.587935 -0.7716552 -0.4999999 -0.4999976 -0.9357245 -0.3928474 -0.3928447 -1.064971 -0.2705982 -0.2705956 -1.158059 -0.1379497 -0.137947 -1.214964 -0.1622117 -0.1083841 1.44171 -0.3181897 -0.2126049 1.330514 -0.4619396 -0.3086557 1.160005 -0.5879377 -0.3928452 0.9439258 -0.6913415 -0.4619374 0.6964492 -0.7681776 -0.5132775 0.4313641 -0.8154929 -0.5448923 0.1614041 -0.8314692 -0.5555673 -0.1022464 -0.8154929 -0.5448923 -0.3502499 -0.7681778 -0.5132775 -0.5752206 -0.6913415 -0.4619374 -0.7716552 -0.5879377 -0.3928452 -0.9357245 -0.4619396 -0.3086557 -1.064971 -0.3181897 -0.2126049 -1.158059 -0.1622117 -0.1083841 -1.214964 -1.9744e-7 2.38419e-6 1.481186 -0.18024 -0.07465553 1.44171 -0.3535535 -0.1464443 1.330514 -0.5132798 -0.2126049 1.160005 -0.6532814 -0.2705956 0.9439258 -0.7681775 -0.3181872 0.6964493 -0.8535532 -0.3535509 0.4313641 -0.9061272 -0.3753276 0.1614041 -0.923879 -0.3826804 -0.1022464 -0.9061272 -0.3753276 -0.3502499 -0.8535534 -0.3535509 -0.5752206 -0.7681775 -0.3181872 -0.7716552 -0.6532814 -0.2705956 -0.9357245 -0.5132798 -0.2126049 -1.064971 -0.3535534 -0.1464443 -1.158059 -0.18024 -0.07465553 -1.214964 -0.1913418 -0.0380578 1.44171 -0.3753303 -0.07465553 1.330514 -0.5448949 -0.1083836 1.160005 -0.6935198 -0.137947 0.9439258 -0.8154929 -0.162209 0.6964492 -0.9061273 -0.1802372 0.4313641 -0.9619394 -0.191339 0.1614041 -0.9807845 -0.1950874 -0.1022463 -0.9619394 -0.191339 -0.3502499 -0.9061274 -0.1802372 -0.5752206 -0.8154929 -0.162209 -0.7716552 -0.6935198 -0.137947 -0.9357245 -0.5448949 -0.1083836 -1.064971 -0.3753303 -0.07465553 -1.158059 -0.1913417 -0.0380578 -1.214964 -0.1950904 2.38419e-6 1.44171 -0.3826835 2.38419e-6 1.330514 -0.55557 2.38419e-6 1.160005 -0.7071067 2.38419e-6 0.9439258 -0.8314693 2.38419e-6 0.6964492 -0.9238793 2.38419e-6 0.4313641 -0.9807849 2.38419e-6 0.1614041 -0.9999992 2.86102e-6 -0.1022463 -0.9807849 2.38419e-6 -0.3502499 -0.9238795 2.38419e-6 -0.5752206 -0.8314693 2.38419e-6 -0.7716552 -0.7071067 2.38419e-6 -0.9357245 -0.55557 2.38419e-6 -1.064971 -0.3826834 2.38419e-6 -1.158059 -0.1950903 2.38419e-6 -1.214964 -0.1913418 0.03806257 1.44171 -0.3753303 0.0746603 1.330514 -0.5448949 0.1083889 1.160005 -0.6935198 0.1379518 0.9439258 -0.8154928 0.1622138 0.6964493 -0.9061272 0.1802425 0.4313641 -0.9619393 0.1913442 0.1614041 -0.9807844 0.1950931 -0.1022463 -0.9619393 0.1913442 -0.3502499 -0.9061273 0.1802425 -0.5752206 -0.8154928 0.1622138 -0.7716552 -0.6935198 0.1379518 -0.9357245 -0.5448949 0.1083889 -1.064971 -0.3753302 0.0746603 -1.158059 -0.1913417 0.03806257 -1.214964 -0.18024 0.0746603 1.44171 -0.3535534 0.146449 1.330514 -0.5132797 0.2126097 1.160005 -0.6532813 0.2706003 0.9439258 -0.7681775 0.318192 0.6964492 -0.8535532 0.3535557 0.4313641 -0.906127 0.3753324 0.1614041 -0.9238786 0.3826857 -0.1022464 -0.906127 0.3753324 -0.3502499 -0.8535532 0.3535557 -0.5752206 -0.7681775 0.318192 -0.7716552 -0.6532813 0.2706003 -0.9357245 -0.5132797 0.2126097 -1.064971 -0.3535534 0.146449 -1.158059 -0.1802399 0.0746603 -1.214964 -0.1622117 0.1083889 1.44171 -0.3181896 0.2126097 1.330514 -0.4619395 0.3086605 1.160005 -0.5879377 0.3928495 0.9439258 -0.6913415 0.4619417 0.6964492 -0.7681776 0.5132823 0.4313641 -0.8154928 0.5448976 0.1614041 -0.8314687 0.5555725 -0.1022463 -0.8154928 0.5448976 -0.3502499 -0.7681776 0.5132823 -0.5752206 -0.6913415 0.4619417 -0.7716552 -0.5879377 0.3928495 -0.9357245 -0.4619395 0.3086605 -1.064971 -0.3181896 0.2126097 -1.158059 -0.1622117 0.1083889 -1.214964 -0.1379497 0.1379518 1.44171 -0.270598 0.2706003 1.330514 -0.3928472 0.3928495 1.160005 -0.5 0.5000024 0.9439258 -0.5879376 0.5879397 0.6964492 -0.6532813 0.6532836 0.4313641 -0.6935196 0.693522 0.1614041 -0.7071058 0.707109 -0.1022463 -0.6935196 0.693522 -0.3502499 -0.6532813 0.6532836 -0.5752206 -0.5879376 0.5879397 -0.7716552 -0.5 0.5000024 -0.9357245 -0.3928472 0.3928495 -1.064971 -0.270598 0.2706003 -1.158059 -0.1379497 0.1379518 -1.214964 -0.1083864 0.1622138 1.44171 -0.2126075 0.318192 1.330514 -0.308658 0.4619417 1.160005 -0.3928474 0.5879397 0.9439258 -0.4619396 0.6913438 0.6964492 -0.5132799 0.7681799 0.431364 -0.5448948 0.8154953 0.161404 -0.5555694 0.8314715 -0.1022463 -0.5448948 0.8154953 -0.3502499 -0.5132799 0.7681799 -0.5752206 -0.4619396 0.6913438 -0.7716552 -0.3928474 0.5879397 -0.9357245 -0.308658 0.4619417 -1.064971 -0.2126075 0.318192 -1.158059 -0.1083864 0.1622138 -1.214964 -0.07465785 0.180242 1.44171 -0.1464465 0.3535557 1.330514 -0.2126073 0.5132818 1.160005 -0.270598 0.6532836 0.9439258 -0.3181895 0.7681794 0.6964493 -0.3535533 0.8535555 0.4313641 -0.37533 0.9061294 0.1614041 -0.3826826 0.9238811 -0.1022463 -0.37533 0.9061294 -0.3502499 -0.3535532 0.8535557 -0.5752206 -0.3181895 0.7681794 -0.7716552 -0.270598 0.6532836 -0.9357245 -0.2126073 0.5132818 -1.064971 -0.1464465 0.3535557 -1.158059 -0.07465785 0.180242 -1.214964 -0.03806024 0.1913437 1.44171 -0.07465779 0.3753324 1.330514 -0.1083862 0.5448971 1.160005 -0.1379497 0.693522 0.9439256 -0.1622116 0.815495 0.6964493 -0.1802399 0.9061294 0.431364 -0.1913415 0.9619417 0.161404 -0.1950896 0.9807866 -0.1022463 -0.1913415 0.9619417 -0.3502499 -0.1802398 0.9061296 -0.5752206 -0.1622116 0.815495 -0.7716552 -0.1379497 0.693522 -0.9357245 -0.1083862 0.5448971 -1.064971 -0.07465785 0.3753324 -1.158059 -0.03806024 0.1913437 -1.214964 4.20958e-7 1.000001 -0.1022463 0 0.980787 -0.3502499 0 0.9238815 -0.5752206 0 0.3826857 -1.158059 0 0.1950926 -1.214964 0 2.38419e-6 -1.234179</float_array>
          <technique_common>
            <accessor source="#Sphere_010-mesh-positions-array" count="482" stride="3">
              <param name="X" type="float"/>
              <param name="Y" type="float"/>
              <param name="Z" type="float"/>
            </accessor>
          </technique_common>
        </source>
        <source id="Sphere_010-mesh-normals">
          <float_array id="Sphere_010-mesh-normals-array" count="1446">-9.4256e-7 0.9214605 0.3884724 0.1879952 0.9451135 0.267242 -1.19574e-6 0.9636295 0.2672419 -1.41947e-6 0.5691565 -0.8222293 0.07596206 0.3818843 -0.9210832 -7.42987e-7 0.3893656 -0.9210833 0.1931902 0.971235 0.1392124 -9.68886e-7 0.9902628 0.1392108 0.03920483 0.1971075 -0.9795978 -2.01641e-6 0.2009689 -0.9795976 -1.90036e-6 0.9999974 -0.002276301 0.1950867 0.9807834 -0.002275466 -1.82055e-6 0.3681737 0.9297571 -4.18705e-7 0 1 0.07182663 0.3611001 0.9297568 0 0 -1 0.1925439 0.967994 -0.1609803 -1.19838e-6 0.9869578 -0.160979 0.120035 0.6034563 0.7883097 -2.66933e-7 0.6152787 0.7883098 0.1838077 0.9240713 -0.3351222 -2.83939e-7 0.942175 -0.3351213 0.1494206 0.7511905 0.6429513 -1.45821e-6 0.7659072 0.6429513 0.1672485 0.8408173 -0.5148341 -1.24532e-6 0.8572897 -0.5148344 0.1676985 0.8430833 0.5109675 -8.79244e-7 0.8596 0.5109677 0.142476 0.7162791 -0.6831141 -1.61148e-6 0.7303116 -0.6831143 0.1797682 0.9037548 0.3884722 0.1110366 0.5582203 -0.8222293 0.2794782 0.6747199 -0.6831142 0.3526279 0.8513184 0.3884722 0.2178066 0.5258318 -0.8222295 0.3687648 0.8902777 0.2672417 0.1490041 0.359727 -0.9210833 0.3789572 0.9148832 0.139213 0.07690733 0.1856712 -0.9795977 0.3826828 0.923877 -0.002275526 0.140894 0.3401487 0.9297568 0.3776924 0.91183 -0.1609805 0.2354583 0.5684428 0.7883097 0.360554 0.8704562 -0.3351222 0.2930999 0.7076057 0.6429515 0.32807 0.7920325 -0.5148348 0.3289548 0.794167 0.5109675 0.1116532 0.1670992 -0.9795976 0.5483241 0.8206255 -0.1609799 0.2045458 0.3061258 0.929757 0.3418306 0.5115854 0.7883098 0.5234442 0.7833898 -0.3351221 0.4255149 0.6368287 0.6429513 0.4762848 0.7128098 -0.5148351 0.4775685 0.714731 0.5109677 0.4057399 0.6072316 -0.6831142 0.511936 0.7661665 0.3884721 0.3162062 0.4732363 -0.8222293 0.5353639 0.8012286 0.267242 0.2163203 0.3237459 -0.9210832 0.5501602 0.8233733 0.1392127 0.1670992 0.1116528 -0.9795977 0.3237453 0.2163204 -0.9210833 0.1856703 0.07690739 -0.9795978 0.5555692 0.8314672 -0.002275407 0.5164083 0.5164082 -0.6831142 0.4024546 0.4024543 -0.8222293 0.6813893 0.6813886 0.2672421 0.2753235 0.275323 -0.9210833 0.7002214 0.7002213 0.1392128 0.1421065 0.1421059 -0.9795977 0.7071052 0.7071047 -0.002275347 0.2603392 0.2603384 0.9297567 0.6978844 0.6978846 -0.1609799 0.4350677 0.4350673 0.7883101 0.6662184 0.6662177 -0.3351225 0.5415782 0.5415781 0.6429512 0.6061954 0.6061948 -0.514835 0.6078289 0.6078288 0.510968 0.6515707 0.6515714 0.3884719 0.5115852 0.3418306 0.7883099 0.8206257 0.5483239 -0.1609801 0.7833901 0.5234434 -0.3351224 0.6368287 0.4255148 0.6429514 0.7128103 0.4762842 -0.5148349 0.7147311 0.4775681 0.510968 0.6072321 0.4057391 -0.6831142 0.7661665 0.511936 0.388472 0.4732366 0.316206 -0.8222292 0.8012287 0.535364 0.2672417 0.8233735 0.5501599 0.139213 0.8314677 0.5555686 -0.002275586 0.3061255 0.2045461 0.929757 0.8902777 0.3687651 0.2672415 0.3597269 0.1490041 -0.9210833 0.9148834 0.3789566 0.1392129 0.3818839 0.07596135 -0.9210835 0.9238772 0.3826824 -0.002275586 0.3401483 0.1408937 0.929757 0.91183 0.3776924 -0.1609801 0.568443 0.235457 0.78831 0.8704561 0.3605542 -0.3351223 0.707606 0.2931002 0.6429511 0.7920324 0.3280699 -0.5148348 0.7941667 0.3289547 0.5109679 0.6747201 0.2794778 -0.6831141 0.8513187 0.3526273 0.3884722 0.5258325 0.2178068 -0.822229 0.9679935 0.1925462 -0.1609801 0.9240711 0.1838088 -0.3351226 0.7511906 0.1494212 0.642951 0.8408169 0.1672486 -0.5148348 0.843083 0.1676993 0.5109678 0.7162792 0.1424764 -0.6831139 0.903755 0.1797677 0.3884722 0.5582206 0.111037 -0.822229 0.9451138 0.1879945 0.2672417 0.9712349 0.1931908 0.1392127 0.9807829 0.1950895 -0.002275466 0.3610994 0.07182699 0.9297571 0.1971074 0.03920704 -0.9795976 0.603456 0.1200348 0.78831 0.3893657 0 -0.9210833 0.9636296 -2.24051e-7 0.2672418 0.9902626 2.0385e-7 0.1392126 0.2009692 0 -0.9795976 0.9999974 -5.66627e-7 -0.002275407 0.3681738 -2.28324e-7 0.9297571 0.9869577 0 -0.1609799 0.6152784 1.97194e-7 0.78831 0.9421746 -1.4197e-7 -0.3351225 0.7659073 -3.26179e-7 0.6429511 0.8572894 -1.52807e-7 -0.514835 0.8595998 -4.22852e-7 0.5109679 0.7303118 -1.53818e-7 -0.6831141 0.9214605 0 0.3884721 0.5691568 -1.66643e-7 -0.822229 0.7511904 -0.1494218 0.6429511 0.8408167 -0.1672492 -0.5148349 0.8430829 -0.1676994 0.5109679 0.7162791 -0.1424767 -0.683114 0.9037548 -0.1797683 0.3884721 0.5582207 -0.1110374 -0.8222289 0.9451137 -0.1879948 0.2672417 0.3818841 -0.07596153 -0.9210833 0.971235 -0.1931908 0.1392126 0.1971074 -0.03920704 -0.9795976 0.9807828 -0.19509 -0.002275407 0.3610993 -0.07182717 0.9297571 0.9679936 -0.1925461 -0.1609797 0.6034561 -0.1200347 0.7883098 0.924071 -0.1838094 -0.3351225 0.9148833 -0.3789573 0.1392124 0.1856707 -0.07690733 -0.9795977 0.9238772 -0.3826826 -0.002275466 0.3401483 -0.1408938 0.9297571 0.91183 -0.3776926 -0.1609797 0.5684437 -0.2354565 0.7883096 0.8704557 -0.3605549 -0.3351225 0.7076058 -0.2931004 0.6429511 0.7920321 -0.3280706 -0.5148348 0.7941669 -0.3289541 0.5109679 0.6747202 -0.279478 -0.683114 0.8513185 -0.3526275 0.3884722 0.5258324 -0.2178068 -0.822229 0.8902776 -0.3687651 0.2672417 0.3597272 -0.1490039 -0.9210832 0.7128103 -0.4762845 -0.5148347 0.7147313 -0.4775679 0.5109679 0.6072322 -0.4057392 -0.6831141 0.7661659 -0.5119368 0.3884721 0.4732367 -0.3162061 -0.8222291 0.8012284 -0.5353643 0.2672417 0.3237465 -0.2163201 -0.921083 0.8233729 -0.5501608 0.1392123 0.1670992 -0.111652 -0.9795977 0.8314672 -0.5555692 -0.002275407 0.3061255 -0.2045459 0.9297571 0.8206249 -0.548325 -0.1609798 0.511586 -0.3418301 0.7883096 0.7833895 -0.5234442 -0.3351223 0.6368289 -0.4255148 0.6429511 0.1421061 -0.1421064 -0.9795977 0.7002214 -0.7002214 0.1392125 0.7071049 -0.7071051 -0.002275466 0.2603384 -0.2603381 0.929757 0.6978846 -0.6978845 -0.1609796 0.6662182 -0.6662181 -0.335122 0.5415787 -0.5415781 0.6429509 0.6061949 -0.6061956 -0.5148347 0.6078293 -0.6078287 0.5109676 0.5164086 -0.5164083 -0.683114 0.6515706 -0.6515715 0.388472 0.4024549 -0.4024544 -0.8222291 0.6813887 -0.6813893 0.2672418 0.2753233 -0.275324 -0.921083 0.405739 -0.6072328 -0.6831137 0.4775679 -0.7147314 0.5109677 0.5119366 -0.7661661 0.3884719 0.3162062 -0.4732366 -0.8222292 0.5353643 -0.8012284 0.267242 0.2163197 -0.3237464 -0.9210831 0.5501602 -0.8233734 0.1392124 0.1116526 -0.1670995 -0.9795976 0.5555685 -0.8314678 -0.002275466 0.2045462 -0.3061255 0.9297571 0.5483241 -0.8206255 -0.1609795 0.3418297 -0.5115858 0.7883099 0.4350674 -0.4350681 0.7883097 0.5234438 -0.7833898 -0.3351224 0.4255149 -0.636829 0.642951 0.476284 -0.7128102 -0.514835 0.1408929 -0.3401484 0.9297572 0.07690769 -0.1856711 -0.9795976 0.3776918 -0.9118304 -0.1609798 0.2354579 -0.568443 0.7883097 0.3605539 -0.8704562 -0.3351221 0.2931002 -0.7076062 0.6429509 0.3280699 -0.7920323 -0.514835 0.328954 -0.7941669 0.510968 0.2794777 -0.6747205 -0.6831138 0.3526272 -0.8513187 0.3884722 0.2178066 -0.5258322 -0.8222292 0.3687644 -0.8902779 0.2672414 0.1490042 -0.3597269 -0.9210833 0.3789563 -0.9148836 0.1392124 -0.3597271 0.1490044 -0.9210832 -0.3237459 0.2163205 -0.9210832 -0.1856708 0.07690739 -0.9795977 0.3826819 -0.9238774 -0.002275526 0.1676999 -0.843083 0.5109676 0.1797674 -0.903755 0.3884721 0.1424769 -0.7162796 -0.6831135 0.1110367 -0.5582209 -0.822229 0.1879945 -0.9451138 0.2672417 0.0759629 -0.381884 -0.9210832 0.1931909 -0.9712348 0.1392129 0.03920561 -0.1971073 -0.9795977 0.1950898 -0.9807828 -0.002275466 0.07182294 -0.3611001 0.9297571 0.1925462 -0.9679936 -0.1609796 0.1200364 -0.6034559 0.7883099 0.1838098 -0.924071 -0.3351223 0.1494218 -0.7511909 0.6429507 0.1672495 -0.8408164 -0.5148353 0 -0.9869578 -0.1609794 -6.62017e-7 -0.3681735 0.9297571 1.05811e-6 -0.6152781 0.7883102 -2.26189e-7 -0.9421749 -0.3351219 2.54228e-7 -0.7659078 0.6429505 -1.46791e-7 -0.8572893 -0.5148351 0 -0.8596001 0.5109674 0 -0.7303119 -0.6831138 0 -0.9214606 0.388472 -3.53668e-7 -0.569157 -0.8222289 0 -0.9636296 0.2672421 -3.94507e-7 -0.3893661 -0.9210831 0 -0.9902625 0.1392128 3.30524e-7 -0.2009683 -0.9795978 -9.02761e-7 -0.9999974 -0.002275466 -0.142477 -0.7162794 -0.6831135 -0.1110369 -0.5582209 -0.8222289 -0.1879941 -0.9451138 0.267242 -0.07596302 -0.3818843 -0.921083 -0.1931909 -0.971235 0.1392123 -0.03920495 -0.1971073 -0.9795977 -0.195091 -0.9807825 -0.002275466 -0.0718258 -0.3610997 0.9297571 -0.1925463 -0.9679936 -0.160979 -0.1200355 -0.6034554 0.7883103 -0.1838093 -0.924071 -0.3351225 -0.1494212 -0.7511911 0.6429505 -0.1672492 -0.8408166 -0.5148352 -0.1676993 -0.8430833 0.5109673 -0.1797674 -0.9037552 0.3884719 -0.2354573 -0.5684428 0.7883101 -0.3605553 -0.8704557 -0.3351221 -0.2931014 -0.7076053 0.6429513 -0.3280701 -0.7920323 -0.5148351 -0.3289536 -0.7941673 0.5109676 -0.2794777 -0.6747207 -0.6831136 -0.3526271 -0.8513186 0.3884723 -0.2178078 -0.5258318 -0.8222292 -0.3687647 -0.8902779 0.2672414 -0.1490041 -0.359727 -0.9210833 -0.3789575 -0.9148832 0.1392118 -0.07690739 -0.1856712 -0.9795976 -0.3826829 -0.923877 -0.002275407 -0.140894 -0.3401483 0.9297571 -0.3776928 -0.91183 -0.1609791 -0.5353644 -0.8012285 0.2672414 -0.2163198 -0.323746 -0.9210832 -0.5501607 -0.8233732 0.1392119 -0.1116544 -0.1670993 -0.9795975 -0.5555689 -0.8314675 -0.002275407 -0.204546 -0.3061252 0.9297571 -0.5483244 -0.8206254 -0.1609792 -0.3418303 -0.5115857 0.7883098 -0.5234446 -0.7833894 -0.3351222 -0.4255163 -0.6368277 0.6429514 -0.4762851 -0.71281 -0.5148345 -0.4775677 -0.7147314 0.5109679 -0.4057395 -0.6072323 -0.6831138 -0.5119364 -0.7661662 0.388472 -0.3162074 -0.4732355 -0.8222293 -0.6978845 -0.6978846 -0.1609794 -0.6662179 -0.6662183 -0.3351222 -0.5415783 -0.5415783 0.6429511 -0.606195 -0.6061955 -0.5148347 -0.6078287 -0.6078289 0.5109681 -0.5164086 -0.5164086 -0.6831138 -0.651571 -0.651571 0.3884719 -0.4024545 -0.4024544 -0.8222292 -0.6813889 -0.6813893 0.2672415 -0.275323 -0.2753233 -0.9210833 -0.7002214 -0.7002214 0.1392123 -0.1421076 -0.1421061 -0.9795976 -0.7071048 -0.7071051 -0.002275466 -0.2603377 -0.260338 0.9297572 -0.4350675 -0.4350674 0.78831 -0.3237456 -0.2163203 -0.9210833 -0.8233735 -0.5501602 0.1392122 -0.1670998 -0.1116527 -0.9795976 -0.8314678 -0.5555684 -0.002275466 -0.3061246 -0.2045459 0.9297574 -0.8206255 -0.5483243 -0.1609793 -0.5115853 -0.3418306 0.7883098 -0.7833898 -0.5234443 -0.3351218 -0.6368287 -0.4255154 0.642951 -0.7128099 -0.4762849 -0.5148348 -0.714731 -0.477568 0.5109682 -0.6072322 -0.4057394 -0.683114 -0.7661663 -0.5119362 0.388472 -0.4732363 -0.3162066 -0.8222291 -0.8012287 -0.5353641 0.2672413 -0.7920323 -0.3280703 -0.5148347 -0.7941666 -0.3289544 0.5109682 -0.6747202 -0.2794779 -0.683114 -0.8513187 -0.3526274 0.388472 -0.5258325 -0.2178064 -0.8222291 -0.8902779 -0.3687648 0.2672415 -0.359727 -0.1490041 -0.9210832 -0.9148836 -0.3789569 0.139212 -0.1856708 -0.07690739 -0.9795978 -0.9238775 -0.3826817 -0.002275466 -0.340148 -0.1408933 0.9297572 -0.9118303 -0.3776922 -0.1609791 -0.5684433 -0.235457 0.7883098 -0.8704561 -0.3605542 -0.3351221 -0.7076064 -0.2930998 0.6429509 -0.3818844 -0.07596141 -0.9210832 -0.1971076 -0.03920704 -0.9795976 -0.9712351 -0.1931902 0.1392118 -0.9807828 -0.1950895 -0.002275407 -0.361099 -0.07182687 0.9297572 -0.9679937 -0.1925457 -0.160979 -0.6034562 -0.1200345 0.7883099 -0.9240713 -0.1838086 -0.3351222 -0.7511909 -0.1494211 0.6429508 -0.8408169 -0.1672486 -0.5148348 -0.8430828 -0.1676993 0.5109682 -0.7162792 -0.1424763 -0.6831139 -0.903755 -0.1797677 0.3884719 -0.5582206 -0.1110367 -0.8222291 -0.9451138 -0.1879947 0.2672415 -0.8595999 3.09053e-7 0.510968 -0.7303119 2.06693e-7 -0.6831139 -0.9214606 0 0.3884719 -0.5691566 -2.11002e-7 -0.8222292 -0.9636297 -1.67739e-7 0.2672416 -0.3893659 1.85298e-7 -0.9210832 -0.9902626 1.70274e-7 0.1392118 -0.2009693 0 -0.9795976 -0.9999975 2.23289e-7 -0.002275407 -0.3681734 -1.35303e-7 0.9297572 -0.9869579 0 -0.160979 -0.9421747 3.15221e-7 -0.3351222 -0.7659074 -2.99797e-7 0.642951 -0.8572894 0 -0.5148348 -0.971235 0.1931912 0.1392118 -0.9807827 0.1950904 -0.002275407 -0.3610993 0.07182705 0.9297571 -0.1971076 0.0392071 -0.9795976 -0.9679937 0.1925461 -0.160979 -0.6034562 0.1200349 0.7883099 -0.6152785 2.99398e-7 0.7883098 -0.924071 0.1838092 -0.3351222 -0.7511906 0.1494212 0.6429511 -0.8408169 0.1672488 -0.5148349 -0.8430827 0.1676997 0.510968 -0.7162792 0.142477 -0.6831138 -0.9037549 0.1797679 0.3884721 -0.5582207 0.1110369 -0.8222291 -0.9451137 0.1879951 0.2672415 -0.3818841 0.07596158 -0.9210833 -0.6747201 0.2794784 -0.6831139 -0.7941666 0.3289548 0.510968 -0.8513185 0.3526278 0.3884722 -0.5258322 0.2178069 -0.8222291 -0.8902778 0.3687649 0.2672415 -0.9148834 0.3789573 0.1392118 -0.9238771 0.3826828 -0.002275407 -0.3401481 0.1408939 0.9297571 -0.9118303 0.3776923 -0.1609791 -0.5684431 0.2354573 0.7883099 -0.8704559 0.3605548 -0.3351223 -0.707606 0.2931004 0.6429511 -0.7920322 0.3280708 -0.5148348 -0.3061256 0.2045472 0.9297567 -0.1670996 0.1116529 -0.9795976 -0.8206253 0.5483247 -0.1609792 -0.5115852 0.3418307 0.7883099 -0.7833895 0.5234442 -0.3351226 -0.6368283 0.4255158 0.6429511 -0.7128102 0.4762847 -0.5148346 -0.7147314 0.4775676 0.5109679 -0.6072323 0.4057392 -0.683114 -0.7661662 0.5119363 0.3884723 -0.4732361 0.3162066 -0.8222292 -0.8012286 0.535364 0.2672418 -0.8233731 0.5501607 0.1392117 -0.1490031 0.3597277 -0.9210832 -0.0759617 0.3818843 -0.9210833 -0.07690751 0.1856711 -0.9795976 -0.8314675 0.5555689 -0.002275407 -0.6515714 0.6515706 0.3884719 -0.5164082 0.5164091 -0.6831137 -0.4024538 0.4024547 -0.8222295 -0.6813889 0.6813892 0.2672418 -0.2753233 0.2753233 -0.9210832 -0.7002211 0.7002217 0.1392119 -0.1421069 0.1421067 -0.9795976 -0.7071048 0.7071052 -0.002275407 -0.2603375 0.2603388 0.9297571 -0.6978843 0.6978847 -0.1609794 -0.4350676 0.4350674 0.7883099 -0.6662181 0.6662181 -0.3351225 -0.5415777 0.5415785 0.6429513 -0.6061954 0.6061952 -0.5148347 -0.6078288 0.6078289 0.510968 -0.5483242 0.8206257 -0.1609792 -0.204545 0.3061254 0.9297574 -0.3418301 0.5115854 0.7883099 -0.5234444 0.7833892 -0.3351227 -0.425515 0.6368288 0.6429511 -0.4762839 0.7128103 -0.514835 -0.4775675 0.7147314 0.5109682 -0.4057392 0.6072323 -0.6831139 -0.5119356 0.7661668 0.3884723 -0.3162064 0.4732366 -0.8222292 -0.5353638 0.8012288 0.2672415 -0.21632 0.3237462 -0.9210832 -0.5501602 0.8233736 0.139212 -0.1116523 0.1670995 -0.9795976 -0.5555679 0.8314681 -0.002275407 -0.2794786 0.6747205 -0.6831135 -0.2178066 0.5258319 -0.8222293 -0.3687645 0.8902779 0.2672418 -0.3789569 0.9148836 0.1392119 -0.3826816 0.9238775 -0.002275407 -0.1408936 0.3401483 0.9297571 -0.3776921 0.9118303 -0.1609787 -0.2354561 0.5684434 0.7883101 -0.3605545 0.8704557 -0.3351228 -0.2931002 0.7076059 0.6429511 -0.3280705 0.792032 -0.5148351 -0.3289548 0.7941668 0.5109676 -0.3526274 0.8513185 0.3884723 -0.183809 0.9240711 -0.3351221 -0.149422 0.7511903 0.6429512 -0.1672509 0.8408161 -0.5148352 -0.1676995 0.8430831 0.5109676 -0.1424773 0.7162792 -0.6831138 -0.1797693 0.9037546 0.3884723 -0.1110378 0.5582199 -0.8222294 -0.187996 0.9451134 0.267242 -0.193192 0.9712348 0.1392118 -0.1950894 0.9807829 -0.002275764 -0.07182753 0.3610987 0.9297572 -0.03920799 0.197107 -0.9795976 -0.1925455 0.9679939 -0.1609787 -0.1200328 0.6034561 0.7883102</float_array>
          <technique_common>
            <accessor source="#Sphere_010-mesh-normals-array" count="482" stride="3">
              <param name="X" type="float"/>
              <param name="Y" type="float"/>
              <param name="Z" type="float"/>
            </accessor>
          </technique_common>
        </source>
        <source id="Sphere_010-mesh-map-0">
          <float_array id="Sphere_010-mesh-map-0-array" count="5760">0.75 0.7059251 0.71875 0.6379138 0.75 0.6379138 0.75 0.2214826 0.71875 0.1383254 0.75 0.1383253 0.75 0.6379138 0.71875 0.576893 0.75 0.576893 0.75 0.1383253 0.71875 0.05727547 0.75 0.05727541 0.7499999 0.511826 0.71875 0.576893 0.71875 0.511826 0.75 1.046069 0.734375 1.059721 0.71875 1.046069 0.734375 0.03830081 0.75 0.05727541 0.71875 0.05727547 0.7499999 0.511826 0.71875 0.4573782 0.75 0.4573782 0.75 1.046069 0.71875 0.9394773 0.75 0.9394773 0.75 0.4573782 0.71875 0.4024603 0.75 0.4024603 0.75 0.9394773 0.71875 0.8523057 0.75 0.8523057 0.75 0.4024603 0.71875 0.3458318 0.75 0.3458318 0.75 0.8523057 0.71875 0.7797126 0.75 0.7797126 0.75 0.3458318 0.71875 0.2876666 0.75 0.2876666 0.75 0.7797126 0.71875 0.7059251 0.75 0.7059251 0.75 0.2214826 0.71875 0.2876666 0.71875 0.2214826 0.71875 0.3458318 0.6875 0.2876666 0.71875 0.2876666 0.71875 0.7797126 0.6875 0.7059251 0.71875 0.7059251 0.71875 0.2876666 0.6875 0.2214826 0.71875 0.2214826 0.71875 0.7059251 0.6875 0.6379138 0.71875 0.6379138 0.71875 0.1383254 0.6875 0.2214826 0.6875 0.1383254 0.71875 0.576893 0.6875 0.6379138 0.6875 0.576893 0.71875 0.1383254 0.6875 0.05727547 0.71875 0.05727547 0.71875 0.511826 0.6875 0.576893 0.6875 0.511826 0.71875 1.046069 0.703125 1.059721 0.6875 1.046069 0.703125 0.03830081 0.71875 0.05727547 0.6875 0.05727547 0.71875 0.4573782 0.6875 0.511826 0.6875 0.4573782 0.71875 1.046069 0.6875 0.9394773 0.71875 0.9394773 0.71875 0.4024603 0.6875 0.4573782 0.6875 0.4024603 0.71875 0.9394773 0.6875 0.8523057 0.71875 0.8523057 0.71875 0.3458318 0.6875 0.4024603 0.6875 0.3458318 0.71875 0.8523057 0.6875 0.7797126 0.71875 0.7797126 0.671875 0.03830081 0.6875 0.05727547 0.65625 0.05727547 0.6875 0.511826 0.65625 0.4573782 0.6875 0.4573782 0.6875 0.9394773 0.65625 1.046069 0.65625 0.9394773 0.6875 0.4573782 0.65625 0.4024603 0.6875 0.4024603 0.6875 0.9394773 0.65625 0.8523057 0.6875 0.8523057 0.6875 0.3458318 0.65625 0.4024603 0.65625 0.3458318 0.6875 0.7797126 0.65625 0.8523057 0.65625 0.7797125 0.6875 0.3458318 0.65625 0.2876666 0.6875 0.2876666 0.6875 0.7797126 0.65625 0.7059251 0.6875 0.7059251 0.6875 0.2876666 0.65625 0.2214826 0.6875 0.2214826 0.6875 0.7059251 0.65625 0.6379138 0.6875 0.6379138 0.6875 0.1383254 0.65625 0.2214826 0.65625 0.1383254 0.6875 0.6379138 0.65625 0.576893 0.6875 0.576893 0.59375 0.05727547 0.59375 0.1383254 0.5625 0.05727547 0.6875 0.511826 0.65625 0.576893 0.65625 0.511826 0.6875 1.046069 0.671875 1.059721 0.65625 1.046069 0.65625 0.2214826 0.625 0.2876666 0.625 0.2214826 0.65625 0.7059251 0.625 0.6379138 0.65625 0.6379138 0.65625 0.2214826 0.625 0.1383254 0.65625 0.1383254 0.65625 0.6379138 0.625 0.576893 0.65625 0.576893 0.65625 0.05727547 0.625 0.1383254 0.625 0.05727547 0.65625 0.576893 0.625 0.511826 0.65625 0.511826 0.65625 1.046069 0.640625 1.059721 0.625 1.046069 0.640625 0.03830081 0.65625 0.05727547 0.625 0.05727547 0.65625 0.511826 0.625 0.4573782 0.65625 0.4573782 0.65625 1.046069 0.625 0.9394773 0.65625 0.9394773 0.65625 0.4024603 0.625 0.4573782 0.625 0.4024603 0.65625 0.9394773 0.625 0.8523057 0.65625 0.8523057 0.65625 0.3458318 0.625 0.4024603 0.625 0.3458318 0.65625 0.8523057 0.625 0.7797126 0.65625 0.7797125 0.65625 0.3458318 0.625 0.2876666 0.65625 0.2876666 0.65625 0.7797125 0.625 0.7059252 0.65625 0.7059251 0.625 1.046069 0.59375 0.9394773 0.625 0.9394773 0.625 0.4024603 0.59375 0.4573782 0.59375 0.4024603 0.625 0.9394773 0.59375 0.8523057 0.625 0.8523057 0.625 0.4024603 0.59375 0.3458318 0.625 0.3458318 0.625 0.8523057 0.59375 0.7797126 0.625 0.7797126 0.625 0.3458318 0.59375 0.2876666 0.625 0.2876666 0.625 0.7059252 0.59375 0.7797126 0.59375 0.7059251 0.625 0.2214826 0.59375 0.2876666 0.59375 0.2214826 0.625 0.6379138 0.59375 0.7059251 0.59375 0.6379138 0.625 0.1383254 0.59375 0.2214826 0.59375 0.1383254 0.625 0.6379138 0.59375 0.576893 0.625 0.576893 0.625 0.1383254 0.59375 0.05727547 0.625 0.05727547 0.625 0.511826 0.59375 0.576893 0.59375 0.511826 0.625 1.046069 0.609375 1.059721 0.59375 1.046069 0.609375 0.03830081 0.625 0.05727547 0.59375 0.05727547 0.625 0.511826 0.59375 0.4573782 0.625 0.4573782 0.59375 0.7059251 0.5625 0.6379138 0.59375 0.6379138 0.59375 0.2214826 0.5625 0.1383254 0.59375 0.1383254 0.59375 0.6379138 0.5625 0.576893 0.59375 0.576893 0.5625 0.1383254 0.53125 0.1383254 0.5625 0.05727547 0.59375 0.576893 0.5625 0.511826 0.59375 0.511826 0.59375 1.046069 0.578125 1.059721 0.5625 1.046069 0.5781249 0.03830081 0.59375 0.05727547 0.5625 0.05727547 0.59375 0.511826 0.5625 0.4573782 0.59375 0.4573782 0.59375 1.046069 0.5625 0.9394773 0.59375 0.9394773 0.59375 0.4024603 0.5625 0.4573782 0.5625 0.4024603 0.59375 0.9394773 0.5625 0.8523057 0.59375 0.8523057 0.59375 0.4024603 0.5625 0.3458318 0.59375 0.3458318 0.59375 0.8523057 0.5625 0.7797126 0.59375 0.7797126 0.59375 0.3458318 0.5625 0.2876666 0.59375 0.2876666 0.59375 0.7797126 0.5625 0.7059251 0.59375 0.7059251 0.59375 0.2214826 0.5625 0.2876666 0.5625 0.2214826 0.5625 0.4024603 0.53125 0.4573782 0.53125 0.4024603 0.5625 0.9394773 0.53125 0.8523057 0.5625 0.8523057 0.5625 0.4024603 0.53125 0.3458318 0.5625 0.3458318 0.5625 0.8523057 0.53125 0.7797126 0.5625 0.7797126 0.5625 0.3458318 0.53125 0.2876666 0.5625 0.2876666 0.5625 0.7797126 0.53125 0.7059252 0.5625 0.7059251 0.5625 0.2214826 0.53125 0.2876666 0.53125 0.2214826 0.5625 0.7059251 0.53125 0.6379138 0.5625 0.6379138 0.5625 0.1383254 0.53125 0.2214826 0.53125 0.1383254 0.5625 0.576893 0.53125 0.6379138 0.53125 0.576893 0.5625 0.511826 0.53125 0.576893 0.53125 0.511826 0.5625 1.046069 0.5468749 1.059721 0.53125 1.04607 0.5468749 0.03830081 0.5625 0.05727547 0.53125 0.05727547 0.5625 0.511826 0.53125 0.4573782 0.5625 0.4573782 0.5625 0.9394773 0.53125 1.04607 0.53125 0.9394774 0.53125 0.2214826 0.5 0.1383254 0.53125 0.1383254 0.53125 0.576893 0.5 0.6379138 0.5 0.576893 0.53125 0.1383254 0.5 0.05727547 0.53125 0.05727547 0.53125 0.576893 0.5 0.511826 0.53125 0.511826 0.53125 1.04607 0.5156249 1.059721 0.5 1.04607 0.5156249 0.03830081 0.53125 0.05727547 0.5 0.05727547 0.53125 0.511826 0.5 0.4573782 0.53125 0.4573782 0.53125 0.9394774 0.5 1.04607 0.5 0.9394774 0.53125 0.4573782 0.5 0.4024603 0.53125 0.4024603 0.53125 0.8523057 0.5 0.9394774 0.5 0.8523057 0.53125 0.4024603 0.5 0.3458318 0.53125 0.3458318 0.53125 0.8523057 0.5 0.7797126 0.53125 0.7797126 0.53125 0.3458318 0.5 0.2876666 0.53125 0.2876666 0.53125 0.7059252 0.5 0.7797126 0.5 0.7059252 0.53125 0.2214826 0.5 0.2876666 0.5 0.2214826 0.53125 0.7059252 0.5 0.6379138 0.53125 0.6379138 0.5 0.9394774 0.46875 0.8523057 0.5 0.8523057 0.5 0.4024603 0.46875 0.3458317 0.5 0.3458318 0.5 0.8523057 0.46875 0.7797126 0.5 0.7797126 0.5 0.3458318 0.46875 0.2876666 0.5 0.2876666 0.5 0.7059252 0.46875 0.7797126 0.46875 0.7059252 0.5 0.2214826 0.46875 0.2876666 0.46875 0.2214826 0.5 0.7059252 0.46875 0.6379138 0.5 0.6379138 0.5 0.2214826 0.46875 0.1383255 0.5 0.1383254 0.5 0.6379138 0.46875 0.576893 0.5 0.576893 0.5 0.1383254 0.46875 0.05727553 0.5 0.05727547 0.5 0.576893 0.46875 0.511826 0.5 0.511826 0.5 1.04607 0.4843749 1.059721 0.46875 1.04607 0.4843749 0.03830081 0.5 0.05727547 0.46875 0.05727553 0.5 0.511826 0.46875 0.4573781 0.5 0.4573782 0.5 0.9394774 0.46875 1.04607 0.46875 0.9394774 0.5 0.4573782 0.46875 0.4024602 0.5 0.4024603 0.46875 0.6379138 0.4375 0.576893 0.46875 0.576893 0.46875 0.1383255 0.4375 0.05727553 0.46875 0.05727553 0.46875 0.511826 0.4375 0.576893 0.4375 0.511826 0.46875 1.04607 0.4531249 1.059721 0.4375 1.04607 0.4531249 0.03830081 0.46875 0.05727553 0.4375 0.05727553 0.46875 0.511826 0.4375 0.4573781 0.46875 0.4573781 0.46875 0.9394774 0.4375 1.04607 0.4375 0.9394774 0.46875 0.4024602 0.4375 0.4573781 0.4375 0.4024602 0.46875 0.9394774 0.4375 0.8523058 0.46875 0.8523057 0.46875 0.4024602 0.4375 0.3458317 0.46875 0.3458317 0.46875 0.8523057 0.4375 0.7797126 0.46875 0.7797126 0.46875 0.3458317 0.4375 0.2876666 0.46875 0.2876666 0.46875 0.7797126 0.4375 0.7059252 0.46875 0.7059252 0.46875 0.2214826 0.4375 0.2876666 0.4375 0.2214826 0.46875 0.7059252 0.4375 0.6379138 0.46875 0.6379138 0.46875 0.2214826 0.4375 0.1383255 0.46875 0.1383255 0.4375 0.4024602 0.40625 0.3458317 0.4375 0.3458317 0.4375 0.8523058 0.40625 0.7797126 0.4375 0.7797126 0.4375 0.3458317 0.40625 0.2876666 0.4375 0.2876666 0.4375 0.7059252 0.40625 0.7797126 0.40625 0.7059252 0.4375 0.2214826 0.40625 0.2876666 0.40625 0.2214826 0.4375 0.7059252 0.40625 0.6379138 0.4375 0.6379138 0.4375 0.2214826 0.40625 0.1383255 0.4375 0.1383255 0.4375 0.576893 0.40625 0.6379138 0.40625 0.576893 0.4375 0.05727553 0.40625 0.1383255 0.40625 0.05727553 0.4375 0.511826 0.40625 0.576893 0.40625 0.511826 0.4375 1.04607 0.4218749 1.059721 0.40625 1.04607 0.4218749 0.03830081 0.4375 0.05727553 0.40625 0.05727553 0.4375 0.511826 0.40625 0.4573781 0.4375 0.4573781 0.4375 1.04607 0.40625 0.9394774 0.4375 0.9394774 0.4375 0.4024602 0.40625 0.4573781 0.40625 0.4024602 0.4375 0.9394774 0.40625 0.8523058 0.4375 0.8523058 0.40625 0.1383255 0.375 0.05727553 0.40625 0.05727553 0.40625 0.511826 0.375 0.576893 0.375 0.511826 0.40625 1.04607 0.3906249 1.059721 0.375 1.04607 0.3906249 0.03830081 0.40625 0.05727553 0.375 0.05727553 0.40625 0.511826 0.375 0.4573781 0.40625 0.4573781 0.40625 0.4024602 0.375 0.4573781 0.375 0.4024602 0.40625 0.9394774 0.375 0.8523057 0.40625 0.8523058 0.40625 0.4024602 0.375 0.3458317 0.40625 0.3458317 0.40625 0.7797126 0.375 0.8523057 0.375 0.7797126 0.40625 0.3458317 0.375 0.2876666 0.40625 0.2876666 0.40625 0.7797126 0.375 0.7059252 0.40625 0.7059252 0.40625 0.2214826 0.375 0.2876666 0.375 0.2214826 0.40625 0.7059252 0.375 0.6379138 0.40625 0.6379138 0.40625 0.1383255 0.375 0.2214826 0.375 0.1383255 0.40625 0.6379138 0.375 0.576893 0.40625 0.576893 0.375 0.3458317 0.34375 0.2876666 0.375 0.2876666 0.375 0.7059252 0.34375 0.7797126 0.34375 0.7059252 0.375 0.2876666 0.34375 0.2214826 0.375 0.2214826 0.375 0.7059252 0.34375 0.6379138 0.375 0.6379138 0.375 0.2214826 0.34375 0.1383255 0.375 0.1383255 0.375 0.6379138 0.34375 0.576893 0.375 0.576893 0.375 0.1383255 0.34375 0.05727553 0.375 0.05727553 0.375 0.511826 0.34375 0.576893 0.34375 0.511826 0.375 1.04607 0.359375 1.059721 0.34375 1.04607 0.359375 0.03830081 0.375 0.05727553 0.34375 0.05727553 0.375 0.511826 0.34375 0.4573781 0.375 0.4573781 0.375 1.04607 0.34375 0.9394774 0.375 0.9394773 0.375 0.4573781 0.34375 0.4024602 0.375 0.4024602 0.375 0.9394773 0.34375 0.8523057 0.375 0.8523057 0.375 0.4024602 0.34375 0.3458317 0.375 0.3458317 0.375 0.8523057 0.34375 0.7797126 0.375 0.7797126 0.34375 1.04607 0.3281249 1.059721 0.3125 1.04607 0.328125 0.03830081 0.34375 0.05727553 0.3125 0.05727553 0.34375 0.511826 0.3125 0.4573781 0.34375 0.4573781 0.34375 1.04607 0.3125 0.9394774 0.34375 0.9394774 0.34375 0.4573781 0.3125 0.4024602 0.34375 0.4024602 0.34375 0.9394774 0.3125 0.8523057 0.34375 0.8523057 0.34375 0.4024602 0.3125 0.3458317 0.34375 0.3458317 0.34375 0.8523057 0.3125 0.7797126 0.34375 0.7797126 0.34375 0.3458317 0.3125 0.2876666 0.34375 0.2876666 0.34375 0.7797126 0.3125 0.7059252 0.34375 0.7059252 0.34375 0.2214826 0.3125 0.2876666 0.3125 0.2214826 0.34375 0.7059252 0.3125 0.6379138 0.34375 0.6379138 0.34375 0.2214826 0.3125 0.1383255 0.34375 0.1383255 0.34375 0.576893 0.3125 0.6379138 0.3125 0.576893 0.9375 0.1383253 0.90625 0.1383253 0.9375001 0.05727553 0.34375 0.511826 0.3125 0.576893 0.3125 0.511826 0.3125 0.7059252 0.28125 0.7797126 0.28125 0.7059252 0.3125 0.2214826 0.28125 0.2876666 0.28125 0.2214826 0.3125 0.7059252 0.28125 0.6379138 0.3125 0.6379138 0.3125 0.2214826 0.28125 0.1383255 0.3125 0.1383255 0.3125 0.576893 0.28125 0.6379138 0.28125 0.576893 0.3125 0.05727553 0.28125 0.1383255 0.28125 0.05727553 0.3125 0.511826 0.28125 0.576893 0.28125 0.511826 0.3125 1.04607 0.296875 1.059721 0.28125 1.04607 0.296875 0.03830081 0.3125 0.05727553 0.28125 0.05727553 0.3125 0.511826 0.28125 0.4573781 0.3125 0.4573781 0.3125 1.04607 0.28125 0.9394774 0.3125 0.9394774 0.3125 0.4024602 0.28125 0.4573781 0.28125 0.4024602 0.3125 0.9394774 0.28125 0.8523057 0.3125 0.8523057 0.3125 0.4024602 0.28125 0.3458317 0.3125 0.3458317 0.3125 0.8523057 0.28125 0.7797126 0.3125 0.7797126 0.3125 0.3458317 0.28125 0.2876666 0.3125 0.2876666 0.28125 0.511826 0.25 0.4573781 0.28125 0.4573781 0.28125 0.9394774 0.25 1.04607 0.25 0.9394773 0.28125 0.4024602 0.25 0.4573781 0.25 0.4024602 0.28125 0.9394774 0.25 0.8523057 0.28125 0.8523057 0.28125 0.4024602 0.25 0.3458317 0.28125 0.3458317 0.28125 0.8523057 0.25 0.7797126 0.28125 0.7797126 0.28125 0.3458317 0.25 0.2876666 0.28125 0.2876666 0.28125 0.7059252 0.25 0.7797126 0.25 0.7059252 0.28125 0.2214826 0.25 0.2876666 0.25 0.2214826 0.28125 0.7059252 0.25 0.6379138 0.28125 0.6379138 0.28125 0.2214826 0.25 0.1383255 0.28125 0.1383255 0.28125 0.6379138 0.25 0.576893 0.28125 0.576893 0.28125 0.05727553 0.25 0.1383255 0.25 0.05727553 0.28125 0.511826 0.25 0.576893 0.25 0.511826 0.28125 1.04607 0.265625 1.059721 0.25 1.04607 0.265625 0.03830081 0.28125 0.05727553 0.25 0.05727553 0.25 0.2214826 0.21875 0.2876666 0.21875 0.2214826 0.25 0.7059252 0.21875 0.6379138 0.25 0.6379138 0.25 0.2214826 0.21875 0.1383255 0.25 0.1383255 0.25 0.576893 0.21875 0.6379138 0.21875 0.576893 0.25 0.1383255 0.21875 0.05727553 0.25 0.05727553 0.25 0.511826 0.21875 0.576893 0.21875 0.511826 0.25 1.04607 0.234375 1.059721 0.21875 1.04607 0.234375 0.03830081 0.25 0.05727553 0.21875 0.05727553 0.25 0.511826 0.21875 0.4573781 0.25 0.4573781 0.25 1.04607 0.21875 0.9394773 0.25 0.9394773 0.25 0.4024602 0.21875 0.4573781 0.21875 0.4024602 0.25 0.9394773 0.21875 0.8523057 0.25 0.8523057 0.25 0.4024602 0.21875 0.3458317 0.25 0.3458317 0.25 0.8523057 0.21875 0.7797126 0.25 0.7797126 0.25 0.3458317 0.21875 0.2876666 0.25 0.2876666 0.25 0.7797126 0.21875 0.7059252 0.25 0.7059252 0.21875 1.04607 0.1875 0.9394773 0.21875 0.9394773 0.21875 0.4573781 0.1875 0.4024602 0.21875 0.4024602 0.21875 0.9394773 0.1875 0.8523058 0.21875 0.8523057 0.21875 0.4024602 0.1875 0.3458317 0.21875 0.3458317 0.21875 0.8523057 0.1875 0.7797126 0.21875 0.7797126 0.21875 0.3458317 0.1875 0.2876666 0.21875 0.2876666 0.21875 0.7797126 0.1875 0.7059252 0.21875 0.7059252 0.21875 0.2214826 0.1875 0.2876666 0.1875 0.2214826 0.21875 0.7059252 0.1875 0.6379138 0.21875 0.6379138 0.21875 0.2214826 0.1875 0.1383255 0.21875 0.1383255 0.21875 0.576893 0.1875 0.6379138 0.1875 0.576893 0.21875 0.1383255 0.1875 0.05727553 0.21875 0.05727553 0.21875 0.511826 0.1875 0.576893 0.1875 0.511826 0.21875 1.04607 0.203125 1.059721 0.1875 1.046069 0.203125 0.03830081 0.21875 0.05727553 0.1875 0.05727553 0.21875 0.511826 0.1875 0.4573781 0.21875 0.4573781 0.1875 0.7059252 0.15625 0.6379138 0.1875 0.6379138 0.1875 0.2214826 0.15625 0.1383255 0.1875 0.1383255 0.1875 0.576893 0.15625 0.6379138 0.15625 0.576893 0.1875 0.05727553 0.15625 0.1383255 0.15625 0.05727553 0.1875 0.511826 0.15625 0.576893 0.1562499 0.511826 0.1875 1.046069 0.171875 1.059721 0.15625 1.04607 0.171875 0.03830081 0.1875 0.05727553 0.15625 0.05727553 0.1875 0.511826 0.15625 0.4573781 0.1875 0.4573781 0.1875 1.046069 0.15625 0.9394773 0.1875 0.9394773 0.1875 0.4573781 0.15625 0.4024602 0.1875 0.4024602 0.1875 0.9394773 0.15625 0.8523058 0.1875 0.8523058 0.1875 0.4024602 0.15625 0.3458317 0.1875 0.3458317 0.1875 0.8523058 0.15625 0.7797126 0.1875 0.7797126 0.1875 0.3458317 0.15625 0.2876666 0.1875 0.2876666 0.1875 0.7797126 0.15625 0.7059252 0.1875 0.7059252 0.1875 0.2214826 0.15625 0.2876666 0.15625 0.2214826 0.15625 0.4024602 0.125 0.4573781 0.125 0.4024602 0.15625 0.9394773 0.125 0.8523058 0.15625 0.8523058 0.15625 0.4024602 0.125 0.3458317 0.15625 0.3458317 0.15625 0.8523058 0.125 0.7797126 0.15625 0.7797126 0.15625 0.3458317 0.125 0.2876666 0.15625 0.2876666 0.15625 0.7059252 0.125 0.7797126 0.125 0.7059252 0.15625 0.2214826 0.125 0.2876666 0.125 0.2214826 0.15625 0.6379138 0.125 0.7059252 0.125 0.6379138 0.15625 0.2214826 0.125 0.1383255 0.15625 0.1383255 0.15625 0.576893 0.125 0.6379138 0.125 0.576893 0.15625 0.1383255 0.125 0.05727553 0.15625 0.05727553 0.1562499 0.511826 0.125 0.576893 0.125 0.511826 0.15625 1.04607 0.140625 1.059721 0.125 1.04607 0.140625 0.03830081 0.15625 0.05727553 0.125 0.05727553 0.1562499 0.511826 0.125 0.4573781 0.15625 0.4573781 0.15625 0.9394773 0.125 1.04607 0.125 0.9394774 0.125 0.2214826 0.09375 0.1383255 0.125 0.1383255 0.125 0.6379138 0.09375 0.576893 0.125 0.576893 0.125 0.1383255 0.09375005 0.05727553 0.125 0.05727553 0.125 0.511826 0.09375 0.576893 0.09374994 0.511826 0.125 1.04607 0.1093751 1.059721 0.09375005 1.04607 0.1093751 0.03830081 0.125 0.05727553 0.09375005 0.05727553 0.125 0.511826 0.09375 0.4573781 0.125 0.4573781 0.125 1.04607 0.09375 0.9394774 0.125 0.9394774 0.125 0.4024602 0.09375 0.4573781 0.09375 0.4024602 0.125 0.8523058 0.09375 0.9394774 0.09375 0.8523058 0.125 0.4024602 0.09375 0.3458317 0.125 0.3458317 0.125 0.8523058 0.09375 0.7797126 0.125 0.7797126 0.125 0.3458317 0.09375 0.2876666 0.125 0.2876666 0.125 0.7059252 0.09375 0.7797126 0.09375 0.7059252 0.125 0.2214826 0.09375 0.2876666 0.09375 0.2214826 0.125 0.6379138 0.09375 0.7059252 0.09375 0.6379138 0.09375 0.4024602 0.0625 0.3458317 0.09375 0.3458317 0.09375 0.8523058 0.0625 0.7797126 0.09375 0.7797126 0.09375 0.3458317 0.0625 0.2876666 0.09375 0.2876666 0.09375 0.7797126 0.0625 0.7059252 0.09375 0.7059252 0.09375 0.2214826 0.0625 0.2876666 0.0625 0.2214826 0.09375 0.7059252 0.0625 0.6379138 0.09375 0.6379138 0.09375 0.2214826 0.0625 0.1383253 0.09375 0.1383255 0.09375 0.6379138 0.0625 0.576893 0.09375 0.576893 0.09375 0.1383255 0.06250005 0.05727553 0.09375005 0.05727553 0.09374994 0.511826 0.0625 0.576893 0.06249994 0.511826 0.09375005 1.04607 0.07812511 1.059721 0.06250005 1.04607 0.07812511 0.03830081 0.09375005 0.05727553 0.06250005 0.05727553 0.09374994 0.511826 0.0625 0.4573781 0.09375 0.4573781 0.09375005 1.04607 0.0625 0.9394774 0.09375 0.9394774 0.09375 0.4024602 0.0625 0.4573781 0.0625 0.4024602 0.09375 0.9394774 0.0625 0.8523058 0.09375 0.8523058 0.06250005 0.05727553 0.03125005 0.1383253 0.03125005 0.05727553 0.06249994 0.511826 0.03125 0.576893 0.03124994 0.511826 0.06250005 1.04607 0.04687505 1.059721 0.03125005 1.04607 0.04687505 0.03830081 0.06250005 0.05727553 0.03125005 0.05727553 0.06249994 0.511826 0.03125 0.4573781 0.0625 0.4573781 0.06250005 1.04607 0.03125005 0.9394774 0.0625 0.9394774 0.0625 0.4024602 0.03125 0.4573781 0.03125 0.4024602 0.0625 0.9394774 0.03125 0.8523058 0.0625 0.8523058 0.0625 0.4024602 0.03125 0.3458317 0.0625 0.3458317 0.0625 0.8523058 0.03125005 0.7797126 0.0625 0.7797126 0.0625 0.2876666 0.03125 0.3458317 0.03125005 0.2876666 0.0625 0.7059252 0.03125005 0.7797126 0.03125 0.7059252 0.0625 0.2214826 0.03125005 0.2876666 0.03125 0.2214826 0.0625 0.6379138 0.03125 0.7059252 0.03125 0.6379138 0.0625 0.2214826 0.03125005 0.1383253 0.0625 0.1383253 0.0625 0.576893 0.03125 0.6379138 0.03125 0.576893 0.03125 0.8523058 0 0.7797126 0.03125005 0.7797126 0.03125 0.3458317 0 0.2876666 0.03125005 0.2876666 0.03125005 0.7797126 0 0.7059252 0.03125 0.7059252 0.03125 0.2214826 0 0.2876666 0 0.2214826 0.03125 0.6379138 0 0.7059252 0 0.6379138 0.03125 0.2214826 0 0.1383253 0.03125005 0.1383253 0.03125 0.6379138 0 0.576893 0.03125 0.576893 0.03125005 0.05727553 0 0.1383253 0 0.05727553 0.03124994 0.511826 0 0.576893 0 0.511826 0.03125005 1.04607 0.01562511 1.059721 0 1.046069 0.01562511 0.03830081 0.03125005 0.05727553 0 0.05727553 0.03124994 0.511826 0 0.4573781 0.03125 0.4573781 0.375 1.04607 0.40625 0.9394774 0.40625 1.04607 0.03125 0.4024602 0 0.4573781 0 0.4024602 0.03125005 0.9394774 0 0.8523058 0.03125 0.8523058 0.03125 0.4024602 0 0.3458317 0.03125 0.3458317 1 0.511826 0.96875 0.576893 0.9687499 0.511826 1 1.046069 0.9843751 1.059721 0.96875 1.04607 0.9843751 0.03830081 1 0.05727553 0.96875 0.05727553 1 0.511826 0.96875 0.4573781 1 0.4573781 1 1.046069 0.96875 0.9394774 1 0.9394774 1 0.4024602 0.96875 0.4573781 0.96875 0.4024602 1 0.9394774 0.96875 0.8523058 1 0.8523058 1 0.4024602 0.96875 0.3458317 1 0.3458317 1 0.8523058 0.96875 0.7797126 1 0.7797126 1 0.3458317 0.96875 0.2876666 1 0.2876666 1 0.7797126 0.96875 0.7059253 1 0.7059252 1 0.2214826 0.96875 0.2876666 0.96875 0.2214826 1 0.7059252 0.96875 0.6379138 1 0.6379138 1 0.2214826 0.96875 0.1383253 1 0.1383253 1 0.6379138 0.96875 0.576893 1 0.576893 1 0.05727553 0.96875 0.1383253 0.96875 0.05727553 0.96875 0.3458317 0.9375 0.2876666 0.96875 0.2876666 0.96875 0.7059253 0.9375 0.7797126 0.9375 0.7059253 0.96875 0.2214826 0.9375 0.2876666 0.9375 0.2214826 0.96875 0.6379138 0.9375 0.7059253 0.9375 0.6379138 0.96875 0.2214826 0.9375 0.1383253 0.96875 0.1383253 0.96875 0.6379138 0.9375 0.576893 0.96875 0.576893 0.96875 0.1383253 0.9375001 0.05727553 0.96875 0.05727553 0.9687499 0.511826 0.9375 0.576893 0.9375 0.511826 0.96875 1.04607 0.9531251 1.059721 0.9375001 1.04607 0.9531251 0.03830081 0.96875 0.05727553 0.9375001 0.05727553 0.9687499 0.511826 0.9375 0.4573781 0.96875 0.4573781 0.96875 1.04607 0.9375 0.9394774 0.96875 0.9394774 0.96875 0.4024602 0.9375 0.4573781 0.9375 0.4024602 0.96875 0.9394774 0.9375 0.8523058 0.96875 0.8523058 0.96875 0.4024602 0.9375 0.3458317 0.96875 0.3458317 0.96875 0.8523058 0.9375 0.7797126 0.96875 0.7797126 0.9375001 1.04607 0.9218751 1.059721 0.90625 1.04607 0.9218751 0.03830081 0.9375001 0.05727553 0.90625 0.05727553 0.9375 0.511826 0.90625 0.4573781 0.9375 0.4573781 0.9375001 1.04607 0.90625 0.9394774 0.9375 0.9394774 0.9375 0.4024602 0.90625 0.4573781 0.90625 0.4024602 0.9375 0.9394774 0.90625 0.8523058 0.9375 0.8523058 0.9375 0.4024602 0.90625 0.3458317 0.9375 0.3458317 0.9375 0.8523058 0.90625 0.7797126 0.9375 0.7797126 0.9375 0.3458317 0.90625 0.2876666 0.9375 0.2876666 0.9375 0.7059253 0.90625 0.7797126 0.90625 0.7059253 0.9375 0.2876666 0.90625 0.2214826 0.9375 0.2214826 0.9375 0.7059253 0.90625 0.6379138 0.9375 0.6379138 0.9375 0.2214826 0.90625 0.1383253 0.9375 0.1383253 0.9375 0.6379138 0.90625 0.576893 0.9375 0.576893 0.8125 0.1383254 0.78125 0.1383254 0.8125 0.05727553 0.9375 0.511826 0.90625 0.576893 0.90625 0.511826 0.90625 0.7797126 0.875 0.7059253 0.90625 0.7059253 0.90625 0.2214826 0.875 0.2876666 0.875 0.2214826 0.90625 0.7059253 0.875 0.6379138 0.90625 0.6379138 0.90625 0.1383253 0.875 0.2214826 0.875 0.1383253 0.90625 0.576893 0.875 0.6379138 0.875 0.576893 0.90625 0.05727553 0.875 0.1383253 0.875 0.05727553 0.90625 0.511826 0.875 0.576893 0.8749999 0.511826 0.90625 1.04607 0.8906251 1.059721 0.875 1.04607 0.890625 0.03830081 0.90625 0.05727553 0.875 0.05727553 0.90625 0.511826 0.875 0.4573781 0.90625 0.4573781 0.90625 1.04607 0.875 0.9394774 0.90625 0.9394774 0.90625 0.4573781 0.875 0.4024602 0.90625 0.4024602 0.90625 0.9394774 0.875 0.8523058 0.90625 0.8523058 0.90625 0.4024602 0.875 0.3458317 0.90625 0.3458317 0.90625 0.8523058 0.875 0.7797126 0.90625 0.7797126 0.90625 0.3458317 0.875 0.2876666 0.90625 0.2876666 0.8749999 0.511826 0.84375 0.4573781 0.875 0.4573781 0.875 0.9394774 0.84375 1.04607 0.84375 0.9394774 0.875 0.4573781 0.84375 0.4024602 0.875 0.4024602 0.875 0.9394774 0.84375 0.8523058 0.875 0.8523058 0.875 0.4024602 0.84375 0.3458317 0.875 0.3458317 0.875 0.8523058 0.84375 0.7797127 0.875 0.7797126 0.875 0.3458317 0.84375 0.2876666 0.875 0.2876666 0.875 0.7797126 0.84375 0.7059253 0.875 0.7059253 0.875 0.2214826 0.84375 0.2876666 0.84375 0.2214824 0.875 0.6379138 0.84375 0.7059253 0.84375 0.6379138 0.875 0.2214826 0.84375 0.1383254 0.875 0.1383253 0.875 0.576893 0.84375 0.6379138 0.84375 0.576893 0.875 0.05727553 0.84375 0.1383254 0.84375 0.05727553 0.8749999 0.511826 0.84375 0.576893 0.8437499 0.511826 0.875 1.04607 0.8593751 1.059721 0.84375 1.04607 0.859375 0.03830081 0.875 0.05727553 0.84375 0.05727553 0.84375 0.2214824 0.8125 0.2876666 0.8125 0.2214824 0.84375 0.7059253 0.8125 0.6379138 0.84375 0.6379138 0.84375 0.2214824 0.8125 0.1383254 0.84375 0.1383254 0.84375 0.6379138 0.8125 0.576893 0.84375 0.576893 0.84375 0.1383254 0.8125 0.05727553 0.84375 0.05727553 0.8437499 0.511826 0.8125 0.576893 0.8124999 0.511826 0.84375 1.04607 0.8281251 1.059721 0.8125 1.046069 0.828125 0.03830081 0.84375 0.05727553 0.8125 0.05727553 0.8437499 0.511826 0.8125 0.4573781 0.84375 0.4573781 0.84375 0.9394774 0.8125 1.046069 0.8125 0.9394774 0.84375 0.4573781 0.8125 0.4024602 0.84375 0.4024602 0.84375 0.9394774 0.8125 0.8523058 0.84375 0.8523058 0.84375 0.4024602 0.8125 0.3458316 0.84375 0.3458317 0.84375 0.8523058 0.8125 0.7797127 0.84375 0.7797127 0.84375 0.2876666 0.8125 0.3458316 0.8125 0.2876666 0.84375 0.7797127 0.8125 0.7059253 0.84375 0.7059253 0.8125 0.4573781 0.78125 0.4024602 0.8125 0.4024602 0.8125 0.9394774 0.78125 0.8523058 0.8125 0.8523058 0.8125 0.4024602 0.78125 0.3458316 0.8125 0.3458316 0.8125 0.7797127 0.78125 0.8523058 0.78125 0.7797126 0.8125 0.3458316 0.78125 0.2876666 0.8125 0.2876666 0.8125 0.7059253 0.78125 0.7797126 0.78125 0.7059253 0.8125 0.2214824 0.78125 0.2876666 0.78125 0.2214824 0.8125 0.7059253 0.78125 0.6379138 0.8125 0.6379138 0.8125 0.2214824 0.78125 0.1383254 0.8125 0.1383254 0.8125 0.576893 0.78125 0.6379138 0.78125 0.576893 0.6875 0.1383254 0.65625 0.1383254 0.6875 0.05727547 0.8124999 0.511826 0.78125 0.576893 0.7812499 0.511826 0.8125 1.046069 0.796875 1.059721 0.78125 1.046069 0.796875 0.03830081 0.8125 0.05727553 0.78125 0.05727547 0.8124999 0.511826 0.78125 0.4573781 0.8125 0.4573781 0.8125 0.9394774 0.78125 1.046069 0.78125 0.9394774 0.78125 0.2214824 0.75 0.1383253 0.78125 0.1383254 0.78125 0.576893 0.75 0.6379138 0.75 0.576893 0.78125 0.1383254 0.75 0.05727541 0.78125 0.05727547 0.7812499 0.511826 0.75 0.576893 0.7499999 0.511826 0.78125 1.046069 0.765625 1.059721 0.75 1.046069 0.765625 0.03830081 0.78125 0.05727547 0.75 0.05727541 0.7812499 0.511826 0.75 0.4573782 0.78125 0.4573781 0.78125 0.9394774 0.75 1.046069 0.75 0.9394773 0.78125 0.4573781 0.75 0.4024603 0.78125 0.4024602 0.78125 0.8523058 0.75 0.9394773 0.75 0.8523057 0.78125 0.4024602 0.75 0.3458318 0.78125 0.3458316 0.78125 0.7797126 0.75 0.8523057 0.75 0.7797126 0.78125 0.3458316 0.75 0.2876666 0.78125 0.2876666 0.78125 0.7059253 0.75 0.7797126 0.75 0.7059251 0.78125 0.2876666 0.75 0.2214826 0.78125 0.2214824 0.78125 0.6379138 0.75 0.7059251 0.75 0.6379138 0.75 0.7059251 0.71875 0.7059251 0.71875 0.6379138 0.75 0.2214826 0.71875 0.2214826 0.71875 0.1383254 0.75 0.6379138 0.71875 0.6379138 0.71875 0.576893 0.75 0.1383253 0.71875 0.1383254 0.71875 0.05727547 0.7499999 0.511826 0.75 0.576893 0.71875 0.576893 0.7499999 0.511826 0.71875 0.511826 0.71875 0.4573782 0.75 1.046069 0.71875 1.046069 0.71875 0.9394773 0.75 0.4573782 0.71875 0.4573782 0.71875 0.4024603 0.75 0.9394773 0.71875 0.9394773 0.71875 0.8523057 0.75 0.4024603 0.71875 0.4024603 0.71875 0.3458318 0.75 0.8523057 0.71875 0.8523057 0.71875 0.7797126 0.75 0.3458318 0.71875 0.3458318 0.71875 0.2876666 0.75 0.7797126 0.71875 0.7797126 0.71875 0.7059251 0.75 0.2214826 0.75 0.2876666 0.71875 0.2876666 0.71875 0.3458318 0.6875 0.3458318 0.6875 0.2876666 0.71875 0.7797126 0.6875 0.7797126 0.6875 0.7059251 0.71875 0.2876666 0.6875 0.2876666 0.6875 0.2214826 0.71875 0.7059251 0.6875 0.7059251 0.6875 0.6379138 0.71875 0.1383254 0.71875 0.2214826 0.6875 0.2214826 0.71875 0.576893 0.71875 0.6379138 0.6875 0.6379138 0.71875 0.1383254 0.6875 0.1383254 0.6875 0.05727547 0.71875 0.511826 0.71875 0.576893 0.6875 0.576893 0.71875 0.4573782 0.71875 0.511826 0.6875 0.511826 0.71875 1.046069 0.6875 1.046069 0.6875 0.9394773 0.71875 0.4024603 0.71875 0.4573782 0.6875 0.4573782 0.71875 0.9394773 0.6875 0.9394773 0.6875 0.8523057 0.71875 0.3458318 0.71875 0.4024603 0.6875 0.4024603 0.71875 0.8523057 0.6875 0.8523057 0.6875 0.7797126 0.6875 0.511826 0.65625 0.511826 0.65625 0.4573782 0.6875 0.9394773 0.6875 1.046069 0.65625 1.046069 0.6875 0.4573782 0.65625 0.4573782 0.65625 0.4024603 0.6875 0.9394773 0.65625 0.9394773 0.65625 0.8523057 0.6875 0.3458318 0.6875 0.4024603 0.65625 0.4024603 0.6875 0.7797126 0.6875 0.8523057 0.65625 0.8523057 0.6875 0.3458318 0.65625 0.3458318 0.65625 0.2876666 0.6875 0.7797126 0.65625 0.7797125 0.65625 0.7059251 0.6875 0.2876666 0.65625 0.2876666 0.65625 0.2214826 0.6875 0.7059251 0.65625 0.7059251 0.65625 0.6379138 0.6875 0.1383254 0.6875 0.2214826 0.65625 0.2214826 0.6875 0.6379138 0.65625 0.6379138 0.65625 0.576893 0.6875 0.05727547 0.65625 0.1383254 0.65625 0.05727547 0.6875 0.511826 0.6875 0.576893 0.65625 0.576893 0.65625 0.2214826 0.65625 0.2876666 0.625 0.2876666 0.65625 0.7059251 0.625 0.7059252 0.625 0.6379138 0.65625 0.2214826 0.625 0.2214826 0.625 0.1383254 0.65625 0.6379138 0.625 0.6379138 0.625 0.576893 0.65625 0.05727547 0.65625 0.1383254 0.625 0.1383254 0.65625 0.576893 0.625 0.576893 0.625 0.511826 0.65625 0.511826 0.625 0.511826 0.625 0.4573782 0.65625 1.046069 0.625 1.046069 0.625 0.9394773 0.65625 0.4024603 0.65625 0.4573782 0.625 0.4573782 0.65625 0.9394773 0.625 0.9394773 0.625 0.8523057 0.65625 0.3458318 0.65625 0.4024603 0.625 0.4024603 0.65625 0.8523057 0.625 0.8523057 0.625 0.7797126 0.65625 0.3458318 0.625 0.3458318 0.625 0.2876666 0.65625 0.7797125 0.625 0.7797126 0.625 0.7059252 0.625 1.046069 0.59375 1.046069 0.59375 0.9394773 0.625 0.4024603 0.625 0.4573782 0.59375 0.4573782 0.625 0.9394773 0.59375 0.9394773 0.59375 0.8523057 0.625 0.4024603 0.59375 0.4024603 0.59375 0.3458318 0.625 0.8523057 0.59375 0.8523057 0.59375 0.7797126 0.625 0.3458318 0.59375 0.3458318 0.59375 0.2876666 0.625 0.7059252 0.625 0.7797126 0.59375 0.7797126 0.625 0.2214826 0.625 0.2876666 0.59375 0.2876666 0.625 0.6379138 0.625 0.7059252 0.59375 0.7059251 0.625 0.1383254 0.625 0.2214826 0.59375 0.2214826 0.625 0.6379138 0.59375 0.6379138 0.59375 0.576893 0.625 0.1383254 0.59375 0.1383254 0.59375 0.05727547 0.625 0.511826 0.625 0.576893 0.59375 0.576893 0.625 0.511826 0.59375 0.511826 0.59375 0.4573782 0.59375 0.7059251 0.5625 0.7059251 0.5625 0.6379138 0.59375 0.2214826 0.5625 0.2214826 0.5625 0.1383254 0.59375 0.6379138 0.5625 0.6379138 0.5625 0.576893 0.5625 0.05727547 0.59375 0.1383254 0.5625 0.1383254 0.59375 0.576893 0.5625 0.576893 0.5625 0.511826 0.59375 0.511826 0.5625 0.511826 0.5625 0.4573782 0.59375 1.046069 0.5625 1.046069 0.5625 0.9394773 0.59375 0.4024603 0.59375 0.4573782 0.5625 0.4573782 0.59375 0.9394773 0.5625 0.9394773 0.5625 0.8523057 0.59375 0.4024603 0.5625 0.4024603 0.5625 0.3458318 0.59375 0.8523057 0.5625 0.8523057 0.5625 0.7797126 0.59375 0.3458318 0.5625 0.3458318 0.5625 0.2876666 0.59375 0.7797126 0.5625 0.7797126 0.5625 0.7059251 0.59375 0.2214826 0.59375 0.2876666 0.5625 0.2876666 0.5625 0.4024603 0.5625 0.4573782 0.53125 0.4573782 0.5625 0.9394773 0.53125 0.9394774 0.53125 0.8523057 0.5625 0.4024603 0.53125 0.4024603 0.53125 0.3458318 0.5625 0.8523057 0.53125 0.8523057 0.53125 0.7797126 0.5625 0.3458318 0.53125 0.3458318 0.53125 0.2876666 0.5625 0.7797126 0.53125 0.7797126 0.53125 0.7059252 0.5625 0.2214826 0.5625 0.2876666 0.53125 0.2876666 0.5625 0.7059251 0.53125 0.7059252 0.53125 0.6379138 0.5625 0.1383254 0.5625 0.2214826 0.53125 0.2214826 0.5625 0.576893 0.5625 0.6379138 0.53125 0.6379138 0.5625 0.05727547 0.53125 0.1383254 0.53125 0.05727547 0.5625 0.511826 0.5625 0.576893 0.53125 0.576893 0.5625 0.511826 0.53125 0.511826 0.53125 0.4573782 0.5625 0.9394773 0.5625 1.046069 0.53125 1.04607 0.53125 0.2214826 0.5 0.2214826 0.5 0.1383254 0.53125 0.576893 0.53125 0.6379138 0.5 0.6379138 0.53125 0.1383254 0.5 0.1383254 0.5 0.05727547 0.53125 0.576893 0.5 0.576893 0.5 0.511826 0.53125 0.511826 0.5 0.511826 0.5 0.4573782 0.53125 0.9394774 0.53125 1.04607 0.5 1.04607 0.53125 0.4573782 0.5 0.4573782 0.5 0.4024603 0.53125 0.8523057 0.53125 0.9394774 0.5 0.9394774 0.53125 0.4024603 0.5 0.4024603 0.5 0.3458318 0.53125 0.8523057 0.5 0.8523057 0.5 0.7797126 0.53125 0.3458318 0.5 0.3458318 0.5 0.2876666 0.53125 0.7059252 0.53125 0.7797126 0.5 0.7797126 0.53125 0.2214826 0.53125 0.2876666 0.5 0.2876666 0.53125 0.7059252 0.5 0.7059252 0.5 0.6379138 0.5 0.9394774 0.46875 0.9394774 0.46875 0.8523057 0.5 0.4024603 0.46875 0.4024602 0.46875 0.3458317 0.5 0.8523057 0.46875 0.8523057 0.46875 0.7797126 0.5 0.3458318 0.46875 0.3458317 0.46875 0.2876666 0.5 0.7059252 0.5 0.7797126 0.46875 0.7797126 0.5 0.2214826 0.5 0.2876666 0.46875 0.2876666 0.5 0.7059252 0.46875 0.7059252 0.46875 0.6379138 0.5 0.2214826 0.46875 0.2214826 0.46875 0.1383255 0.5 0.6379138 0.46875 0.6379138 0.46875 0.576893 0.5 0.1383254 0.46875 0.1383255 0.46875 0.05727553 0.5 0.576893 0.46875 0.576893 0.46875 0.511826 0.5 0.511826 0.46875 0.511826 0.46875 0.4573781 0.5 0.9394774 0.5 1.04607 0.46875 1.04607 0.5 0.4573782 0.46875 0.4573781 0.46875 0.4024602 0.46875 0.6379138 0.4375 0.6379138 0.4375 0.576893 0.46875 0.1383255 0.4375 0.1383255 0.4375 0.05727553 0.46875 0.511826 0.46875 0.576893 0.4375 0.576893 0.46875 0.511826 0.4375 0.511826 0.4375 0.4573781 0.46875 0.9394774 0.46875 1.04607 0.4375 1.04607 0.46875 0.4024602 0.46875 0.4573781 0.4375 0.4573781 0.46875 0.9394774 0.4375 0.9394774 0.4375 0.8523058 0.46875 0.4024602 0.4375 0.4024602 0.4375 0.3458317 0.46875 0.8523057 0.4375 0.8523058 0.4375 0.7797126 0.46875 0.3458317 0.4375 0.3458317 0.4375 0.2876666 0.46875 0.7797126 0.4375 0.7797126 0.4375 0.7059252 0.46875 0.2214826 0.46875 0.2876666 0.4375 0.2876666 0.46875 0.7059252 0.4375 0.7059252 0.4375 0.6379138 0.46875 0.2214826 0.4375 0.2214826 0.4375 0.1383255 0.4375 0.4024602 0.40625 0.4024602 0.40625 0.3458317 0.4375 0.8523058 0.40625 0.8523058 0.40625 0.7797126 0.4375 0.3458317 0.40625 0.3458317 0.40625 0.2876666 0.4375 0.7059252 0.4375 0.7797126 0.40625 0.7797126 0.4375 0.2214826 0.4375 0.2876666 0.40625 0.2876666 0.4375 0.7059252 0.40625 0.7059252 0.40625 0.6379138 0.4375 0.2214826 0.40625 0.2214826 0.40625 0.1383255 0.4375 0.576893 0.4375 0.6379138 0.40625 0.6379138 0.4375 0.05727553 0.4375 0.1383255 0.40625 0.1383255 0.4375 0.511826 0.4375 0.576893 0.40625 0.576893 0.4375 0.511826 0.40625 0.511826 0.40625 0.4573781 0.4375 1.04607 0.40625 1.04607 0.40625 0.9394774 0.4375 0.4024602 0.4375 0.4573781 0.40625 0.4573781 0.4375 0.9394774 0.40625 0.9394774 0.40625 0.8523058 0.40625 0.1383255 0.375 0.1383255 0.375 0.05727553 0.40625 0.511826 0.40625 0.576893 0.375 0.576893 0.40625 0.511826 0.375 0.511826 0.375 0.4573781 0.40625 0.4024602 0.40625 0.4573781 0.375 0.4573781 0.40625 0.9394774 0.375 0.9394773 0.375 0.8523057 0.40625 0.4024602 0.375 0.4024602 0.375 0.3458317 0.40625 0.7797126 0.40625 0.8523058 0.375 0.8523057 0.40625 0.3458317 0.375 0.3458317 0.375 0.2876666 0.40625 0.7797126 0.375 0.7797126 0.375 0.7059252 0.40625 0.2214826 0.40625 0.2876666 0.375 0.2876666 0.40625 0.7059252 0.375 0.7059252 0.375 0.6379138 0.40625 0.1383255 0.40625 0.2214826 0.375 0.2214826 0.40625 0.6379138 0.375 0.6379138 0.375 0.576893 0.375 0.3458317 0.34375 0.3458317 0.34375 0.2876666 0.375 0.7059252 0.375 0.7797126 0.34375 0.7797126 0.375 0.2876666 0.34375 0.2876666 0.34375 0.2214826 0.375 0.7059252 0.34375 0.7059252 0.34375 0.6379138 0.375 0.2214826 0.34375 0.2214826 0.34375 0.1383255 0.375 0.6379138 0.34375 0.6379138 0.34375 0.576893 0.375 0.1383255 0.34375 0.1383255 0.34375 0.05727553 0.375 0.511826 0.375 0.576893 0.34375 0.576893 0.375 0.511826 0.34375 0.511826 0.34375 0.4573781 0.375 1.04607 0.34375 1.04607 0.34375 0.9394774 0.375 0.4573781 0.34375 0.4573781 0.34375 0.4024602 0.375 0.9394773 0.34375 0.9394774 0.34375 0.8523057 0.375 0.4024602 0.34375 0.4024602 0.34375 0.3458317 0.375 0.8523057 0.34375 0.8523057 0.34375 0.7797126 0.34375 0.511826 0.3125 0.511826 0.3125 0.4573781 0.34375 1.04607 0.3125 1.04607 0.3125 0.9394774 0.34375 0.4573781 0.3125 0.4573781 0.3125 0.4024602 0.34375 0.9394774 0.3125 0.9394774 0.3125 0.8523057 0.34375 0.4024602 0.3125 0.4024602 0.3125 0.3458317 0.34375 0.8523057 0.3125 0.8523057 0.3125 0.7797126 0.34375 0.3458317 0.3125 0.3458317 0.3125 0.2876666 0.34375 0.7797126 0.3125 0.7797126 0.3125 0.7059252 0.34375 0.2214826 0.34375 0.2876666 0.3125 0.2876666 0.34375 0.7059252 0.3125 0.7059252 0.3125 0.6379138 0.34375 0.2214826 0.3125 0.2214826 0.3125 0.1383255 0.34375 0.576893 0.34375 0.6379138 0.3125 0.6379138 0.3125 0.05727553 0.34375 0.1383255 0.3125 0.1383255 0.34375 0.511826 0.34375 0.576893 0.3125 0.576893 0.3125 0.7059252 0.3125 0.7797126 0.28125 0.7797126 0.3125 0.2214826 0.3125 0.2876666 0.28125 0.2876666 0.3125 0.7059252 0.28125 0.7059252 0.28125 0.6379138 0.3125 0.2214826 0.28125 0.2214826 0.28125 0.1383255 0.3125 0.576893 0.3125 0.6379138 0.28125 0.6379138 0.3125 0.05727553 0.3125 0.1383255 0.28125 0.1383255 0.3125 0.511826 0.3125 0.576893 0.28125 0.576893 0.3125 0.511826 0.28125 0.511826 0.28125 0.4573781 0.3125 1.04607 0.28125 1.04607 0.28125 0.9394774 0.3125 0.4024602 0.3125 0.4573781 0.28125 0.4573781 0.3125 0.9394774 0.28125 0.9394774 0.28125 0.8523057 0.3125 0.4024602 0.28125 0.4024602 0.28125 0.3458317 0.3125 0.8523057 0.28125 0.8523057 0.28125 0.7797126 0.3125 0.3458317 0.28125 0.3458317 0.28125 0.2876666 0.28125 0.511826 0.25 0.511826 0.25 0.4573781 0.28125 0.9394774 0.28125 1.04607 0.25 1.04607 0.28125 0.4024602 0.28125 0.4573781 0.25 0.4573781 0.28125 0.9394774 0.25 0.9394773 0.25 0.8523057 0.28125 0.4024602 0.25 0.4024602 0.25 0.3458317 0.28125 0.8523057 0.25 0.8523057 0.25 0.7797126 0.28125 0.3458317 0.25 0.3458317 0.25 0.2876666 0.28125 0.7059252 0.28125 0.7797126 0.25 0.7797126 0.28125 0.2214826 0.28125 0.2876666 0.25 0.2876666 0.28125 0.7059252 0.25 0.7059252 0.25 0.6379138 0.28125 0.2214826 0.25 0.2214826 0.25 0.1383255 0.28125 0.6379138 0.25 0.6379138 0.25 0.576893 0.28125 0.05727553 0.28125 0.1383255 0.25 0.1383255 0.28125 0.511826 0.28125 0.576893 0.25 0.576893 0.25 0.2214826 0.25 0.2876666 0.21875 0.2876666 0.25 0.7059252 0.21875 0.7059252 0.21875 0.6379138 0.25 0.2214826 0.21875 0.2214826 0.21875 0.1383255 0.25 0.576893 0.25 0.6379138 0.21875 0.6379138 0.25 0.1383255 0.21875 0.1383255 0.21875 0.05727553 0.25 0.511826 0.25 0.576893 0.21875 0.576893 0.25 0.511826 0.21875 0.511826 0.21875 0.4573781 0.25 1.04607 0.21875 1.04607 0.21875 0.9394773 0.25 0.4024602 0.25 0.4573781 0.21875 0.4573781 0.25 0.9394773 0.21875 0.9394773 0.21875 0.8523057 0.25 0.4024602 0.21875 0.4024602 0.21875 0.3458317 0.25 0.8523057 0.21875 0.8523057 0.21875 0.7797126 0.25 0.3458317 0.21875 0.3458317 0.21875 0.2876666 0.25 0.7797126 0.21875 0.7797126 0.21875 0.7059252 0.21875 1.04607 0.1875 1.046069 0.1875 0.9394773 0.21875 0.4573781 0.1875 0.4573781 0.1875 0.4024602 0.21875 0.9394773 0.1875 0.9394773 0.1875 0.8523058 0.21875 0.4024602 0.1875 0.4024602 0.1875 0.3458317 0.21875 0.8523057 0.1875 0.8523058 0.1875 0.7797126 0.21875 0.3458317 0.1875 0.3458317 0.1875 0.2876666 0.21875 0.7797126 0.1875 0.7797126 0.1875 0.7059252 0.21875 0.2214826 0.21875 0.2876666 0.1875 0.2876666 0.21875 0.7059252 0.1875 0.7059252 0.1875 0.6379138 0.21875 0.2214826 0.1875 0.2214826 0.1875 0.1383255 0.21875 0.576893 0.21875 0.6379138 0.1875 0.6379138 0.21875 0.1383255 0.1875 0.1383255 0.1875 0.05727553 0.21875 0.511826 0.21875 0.576893 0.1875 0.576893 0.21875 0.511826 0.1875 0.511826 0.1875 0.4573781 0.1875 0.7059252 0.15625 0.7059252 0.15625 0.6379138 0.1875 0.2214826 0.15625 0.2214826 0.15625 0.1383255 0.1875 0.576893 0.1875 0.6379138 0.15625 0.6379138 0.1875 0.05727553 0.1875 0.1383255 0.15625 0.1383255 0.1875 0.511826 0.1875 0.576893 0.15625 0.576893 0.1875 0.511826 0.1562499 0.511826 0.15625 0.4573781 0.1875 1.046069 0.15625 1.04607 0.15625 0.9394773 0.1875 0.4573781 0.15625 0.4573781 0.15625 0.4024602 0.1875 0.9394773 0.15625 0.9394773 0.15625 0.8523058 0.1875 0.4024602 0.15625 0.4024602 0.15625 0.3458317 0.1875 0.8523058 0.15625 0.8523058 0.15625 0.7797126 0.1875 0.3458317 0.15625 0.3458317 0.15625 0.2876666 0.1875 0.7797126 0.15625 0.7797126 0.15625 0.7059252 0.1875 0.2214826 0.1875 0.2876666 0.15625 0.2876666 0.15625 0.4024602 0.15625 0.4573781 0.125 0.4573781 0.15625 0.9394773 0.125 0.9394774 0.125 0.8523058 0.15625 0.4024602 0.125 0.4024602 0.125 0.3458317 0.15625 0.8523058 0.125 0.8523058 0.125 0.7797126 0.15625 0.3458317 0.125 0.3458317 0.125 0.2876666 0.15625 0.7059252 0.15625 0.7797126 0.125 0.7797126 0.15625 0.2214826 0.15625 0.2876666 0.125 0.2876666 0.15625 0.6379138 0.15625 0.7059252 0.125 0.7059252 0.15625 0.2214826 0.125 0.2214826 0.125 0.1383255 0.15625 0.576893 0.15625 0.6379138 0.125 0.6379138 0.15625 0.1383255 0.125 0.1383255 0.125 0.05727553 0.1562499 0.511826 0.15625 0.576893 0.125 0.576893 0.1562499 0.511826 0.125 0.511826 0.125 0.4573781 0.15625 0.9394773 0.15625 1.04607 0.125 1.04607 0.125 0.2214826 0.09375 0.2214826 0.09375 0.1383255 0.125 0.6379138 0.09375 0.6379138 0.09375 0.576893 0.125 0.1383255 0.09375 0.1383255 0.09375005 0.05727553 0.125 0.511826 0.125 0.576893 0.09375 0.576893 0.125 0.511826 0.09374994 0.511826 0.09375 0.4573781 0.125 1.04607 0.09375005 1.04607 0.09375 0.9394774 0.125 0.4024602 0.125 0.4573781 0.09375 0.4573781 0.125 0.8523058 0.125 0.9394774 0.09375 0.9394774 0.125 0.4024602 0.09375 0.4024602 0.09375 0.3458317 0.125 0.8523058 0.09375 0.8523058 0.09375 0.7797126 0.125 0.3458317 0.09375 0.3458317 0.09375 0.2876666 0.125 0.7059252 0.125 0.7797126 0.09375 0.7797126 0.125 0.2214826 0.125 0.2876666 0.09375 0.2876666 0.125 0.6379138 0.125 0.7059252 0.09375 0.7059252 0.09375 0.4024602 0.0625 0.4024602 0.0625 0.3458317 0.09375 0.8523058 0.0625 0.8523058 0.0625 0.7797126 0.09375 0.3458317 0.0625 0.3458317 0.0625 0.2876666 0.09375 0.7797126 0.0625 0.7797126 0.0625 0.7059252 0.09375 0.2214826 0.09375 0.2876666 0.0625 0.2876666 0.09375 0.7059252 0.0625 0.7059252 0.0625 0.6379138 0.09375 0.2214826 0.0625 0.2214826 0.0625 0.1383253 0.09375 0.6379138 0.0625 0.6379138 0.0625 0.576893 0.09375 0.1383255 0.0625 0.1383253 0.06250005 0.05727553 0.09374994 0.511826 0.09375 0.576893 0.0625 0.576893 0.09374994 0.511826 0.06249994 0.511826 0.0625 0.4573781 0.09375005 1.04607 0.06250005 1.04607 0.0625 0.9394774 0.09375 0.4024602 0.09375 0.4573781 0.0625 0.4573781 0.09375 0.9394774 0.0625 0.9394774 0.0625 0.8523058 0.06250005 0.05727553 0.0625 0.1383253 0.03125005 0.1383253 0.06249994 0.511826 0.0625 0.576893 0.03125 0.576893 0.06249994 0.511826 0.03124994 0.511826 0.03125 0.4573781 0.06250005 1.04607 0.03125005 1.04607 0.03125005 0.9394774 0.0625 0.4024602 0.0625 0.4573781 0.03125 0.4573781 0.0625 0.9394774 0.03125005 0.9394774 0.03125 0.8523058 0.0625 0.4024602 0.03125 0.4024602 0.03125 0.3458317 0.0625 0.8523058 0.03125 0.8523058 0.03125005 0.7797126 0.0625 0.2876666 0.0625 0.3458317 0.03125 0.3458317 0.0625 0.7059252 0.0625 0.7797126 0.03125005 0.7797126 0.0625 0.2214826 0.0625 0.2876666 0.03125005 0.2876666 0.0625 0.6379138 0.0625 0.7059252 0.03125 0.7059252 0.0625 0.2214826 0.03125 0.2214826 0.03125005 0.1383253 0.0625 0.576893 0.0625 0.6379138 0.03125 0.6379138 0.03125 0.8523058 0 0.8523058 0 0.7797126 0.03125 0.3458317 0 0.3458317 0 0.2876666 0.03125005 0.7797126 0 0.7797126 0 0.7059252 0.03125 0.2214826 0.03125005 0.2876666 0 0.2876666 0.03125 0.6379138 0.03125 0.7059252 0 0.7059252 0.03125 0.2214826 0 0.2214826 0 0.1383253 0.03125 0.6379138 0 0.6379138 0 0.576893 0.03125005 0.05727553 0.03125005 0.1383253 0 0.1383253 0.03124994 0.511826 0.03125 0.576893 0 0.576893 0.03124994 0.511826 0 0.511826 0 0.4573781 0.03125005 0.9394774 0 1.046069 0 0.9394773 0.03125 0.4024602 0.03125 0.4573781 0 0.4573781 0.03125005 0.9394774 0 0.9394773 0 0.8523058 0.03125 0.4024602 0 0.4024602 0 0.3458317 1 0.511826 1 0.576893 0.96875 0.576893 1 0.511826 0.9687499 0.511826 0.96875 0.4573781 1 1.046069 0.96875 1.04607 0.96875 0.9394774 1 0.4024602 1 0.4573781 0.96875 0.4573781 1 0.9394774 0.96875 0.9394774 0.96875 0.8523058 1 0.4024602 0.96875 0.4024602 0.96875 0.3458317 1 0.8523058 0.96875 0.8523058 0.96875 0.7797126 1 0.3458317 0.96875 0.3458317 0.96875 0.2876666 1 0.7797126 0.96875 0.7797126 0.96875 0.7059253 1 0.2214826 1 0.2876666 0.96875 0.2876666 1 0.7059252 0.96875 0.7059253 0.96875 0.6379138 1 0.2214826 0.96875 0.2214826 0.96875 0.1383253 1 0.6379138 0.96875 0.6379138 0.96875 0.576893 1 0.05727553 1 0.1383253 0.96875 0.1383253 0.96875 0.3458317 0.9375 0.3458317 0.9375 0.2876666 0.96875 0.7059253 0.96875 0.7797126 0.9375 0.7797126 0.96875 0.2214826 0.96875 0.2876666 0.9375 0.2876666 0.96875 0.6379138 0.96875 0.7059253 0.9375 0.7059253 0.96875 0.2214826 0.9375 0.2214826 0.9375 0.1383253 0.96875 0.6379138 0.9375 0.6379138 0.9375 0.576893 0.96875 0.1383253 0.9375 0.1383253 0.9375001 0.05727553 0.9687499 0.511826 0.96875 0.576893 0.9375 0.576893 0.9687499 0.511826 0.9375 0.511826 0.9375 0.4573781 0.96875 1.04607 0.9375001 1.04607 0.9375 0.9394774 0.96875 0.4024602 0.96875 0.4573781 0.9375 0.4573781 0.96875 0.9394774 0.9375 0.9394774 0.9375 0.8523058 0.96875 0.4024602 0.9375 0.4024602 0.9375 0.3458317 0.96875 0.8523058 0.9375 0.8523058 0.9375 0.7797126 0.9375 0.511826 0.90625 0.511826 0.90625 0.4573781 0.9375001 1.04607 0.90625 1.04607 0.90625 0.9394774 0.9375 0.4024602 0.9375 0.4573781 0.90625 0.4573781 0.9375 0.9394774 0.90625 0.9394774 0.90625 0.8523058 0.9375 0.4024602 0.90625 0.4024602 0.90625 0.3458317 0.9375 0.8523058 0.90625 0.8523058 0.90625 0.7797126 0.9375 0.3458317 0.90625 0.3458317 0.90625 0.2876666 0.9375 0.7059253 0.9375 0.7797126 0.90625 0.7797126 0.9375 0.2876666 0.90625 0.2876666 0.90625 0.2214826 0.9375 0.7059253 0.90625 0.7059253 0.90625 0.6379138 0.9375 0.2214826 0.90625 0.2214826 0.90625 0.1383253 0.9375 0.6379138 0.90625 0.6379138 0.90625 0.576893 0.9375001 0.05727553 0.90625 0.1383253 0.90625 0.05727553 0.9375 0.511826 0.9375 0.576893 0.90625 0.576893 0.90625 0.7797126 0.875 0.7797126 0.875 0.7059253 0.90625 0.2214826 0.90625 0.2876666 0.875 0.2876666 0.90625 0.7059253 0.875 0.7059253 0.875 0.6379138 0.90625 0.1383253 0.90625 0.2214826 0.875 0.2214826 0.90625 0.576893 0.90625 0.6379138 0.875 0.6379138 0.90625 0.05727553 0.90625 0.1383253 0.875 0.1383253 0.90625 0.511826 0.90625 0.576893 0.875 0.576893 0.90625 0.511826 0.8749999 0.511826 0.875 0.4573781 0.90625 1.04607 0.875 1.04607 0.875 0.9394774 0.90625 0.4573781 0.875 0.4573781 0.875 0.4024602 0.90625 0.9394774 0.875 0.9394774 0.875 0.8523058 0.90625 0.4024602 0.875 0.4024602 0.875 0.3458317 0.90625 0.8523058 0.875 0.8523058 0.875 0.7797126 0.90625 0.3458317 0.875 0.3458317 0.875 0.2876666 0.8749999 0.511826 0.8437499 0.511826 0.84375 0.4573781 0.875 0.9394774 0.875 1.04607 0.84375 1.04607 0.875 0.4573781 0.84375 0.4573781 0.84375 0.4024602 0.875 0.9394774 0.84375 0.9394774 0.84375 0.8523058 0.875 0.4024602 0.84375 0.4024602 0.84375 0.3458317 0.875 0.8523058 0.84375 0.8523058 0.84375 0.7797127 0.875 0.3458317 0.84375 0.3458317 0.84375 0.2876666 0.875 0.7797126 0.84375 0.7797127 0.84375 0.7059253 0.875 0.2214826 0.875 0.2876666 0.84375 0.2876666 0.875 0.6379138 0.875 0.7059253 0.84375 0.7059253 0.875 0.2214826 0.84375 0.2214824 0.84375 0.1383254 0.875 0.576893 0.875 0.6379138 0.84375 0.6379138 0.875 0.05727553 0.875 0.1383253 0.84375 0.1383254 0.8749999 0.511826 0.875 0.576893 0.84375 0.576893 0.84375 0.2214824 0.84375 0.2876666 0.8125 0.2876666 0.84375 0.7059253 0.8125 0.7059253 0.8125 0.6379138 0.84375 0.2214824 0.8125 0.2214824 0.8125 0.1383254 0.84375 0.6379138 0.8125 0.6379138 0.8125 0.576893 0.84375 0.1383254 0.8125 0.1383254 0.8125 0.05727553 0.8437499 0.511826 0.84375 0.576893 0.8125 0.576893 0.8437499 0.511826 0.8124999 0.511826 0.8125 0.4573781 0.84375 0.9394774 0.84375 1.04607 0.8125 1.046069 0.84375 0.4573781 0.8125 0.4573781 0.8125 0.4024602 0.84375 0.9394774 0.8125 0.9394774 0.8125 0.8523058 0.84375 0.4024602 0.8125 0.4024602 0.8125 0.3458316 0.84375 0.8523058 0.8125 0.8523058 0.8125 0.7797127 0.84375 0.2876666 0.84375 0.3458317 0.8125 0.3458316 0.84375 0.7797127 0.8125 0.7797127 0.8125 0.7059253 0.8125 0.4573781 0.78125 0.4573781 0.78125 0.4024602 0.8125 0.9394774 0.78125 0.9394774 0.78125 0.8523058 0.8125 0.4024602 0.78125 0.4024602 0.78125 0.3458316 0.8125 0.7797127 0.8125 0.8523058 0.78125 0.8523058 0.8125 0.3458316 0.78125 0.3458316 0.78125 0.2876666 0.8125 0.7059253 0.8125 0.7797127 0.78125 0.7797126 0.8125 0.2214824 0.8125 0.2876666 0.78125 0.2876666 0.8125 0.7059253 0.78125 0.7059253 0.78125 0.6379138 0.8125 0.2214824 0.78125 0.2214824 0.78125 0.1383254 0.8125 0.576893 0.8125 0.6379138 0.78125 0.6379138 0.8125 0.05727553 0.78125 0.1383254 0.78125 0.05727547 0.8124999 0.511826 0.8125 0.576893 0.78125 0.576893 0.8124999 0.511826 0.7812499 0.511826 0.78125 0.4573781 0.8125 0.9394774 0.8125 1.046069 0.78125 1.046069 0.78125 0.2214824 0.75 0.2214826 0.75 0.1383253 0.78125 0.576893 0.78125 0.6379138 0.75 0.6379138 0.78125 0.1383254 0.75 0.1383253 0.75 0.05727541 0.7812499 0.511826 0.78125 0.576893 0.75 0.576893 0.7812499 0.511826 0.7499999 0.511826 0.75 0.4573782 0.78125 0.9394774 0.78125 1.046069 0.75 1.046069 0.78125 0.4573781 0.75 0.4573782 0.75 0.4024603 0.78125 0.8523058 0.78125 0.9394774 0.75 0.9394773 0.78125 0.4024602 0.75 0.4024603 0.75 0.3458318 0.78125 0.7797126 0.78125 0.8523058 0.75 0.8523057 0.78125 0.3458316 0.75 0.3458318 0.75 0.2876666 0.78125 0.7059253 0.78125 0.7797126 0.75 0.7797126 0.78125 0.2876666 0.75 0.2876666 0.75 0.2214826 0.78125 0.6379138 0.78125 0.7059253 0.75 0.7059251 0.03125005 1.04607 0 1.046069 0.03125005 0.9394774 0.34375 0.05727553 0.34375 0.1383255 0.3125 0.05727553 0.375 1.04607 0.375 0.9394773 0.40625 0.9394774</float_array>
          <technique_common>
            <accessor source="#Sphere_010-mesh-map-0-array" count="2880" stride="2">
              <param name="S" type="float"/>
              <param name="T" type="float"/>
            </accessor>
          </technique_common>
        </source>
        <source id="Sphere_010-mesh-colors-Col" name="Col">
          <float_array id="Sphere_010-mesh-colors-Col-array" count="11520">1 1 1 1 1 1 1 1 1 1 1 1 1 1 1 1 1 1 1 1 1 1 1 1 1 1 1 1 1 1 1 1 1 1 1 1 1 1 1 1 1 1 1 1 1 1 1 1 1 1 1 1 1 1 1 1 1 1 1 1 1 1 1 1 1 1 1 1 1 1 1 1 1 1 1 1 1 1 1 1 1 1 1 1 1 1 1 1 1 1 1 1 1 1 1 1 1 1 1 1 1 1 1 1 1 1 1 1 1 1 1 1 1 1 1 1 1 1 1 1 1 1 1 1 1 1 1 1 1 1 1 1 1 1 1 1 1 1 1 1 1 1 1 1 1 1 1 1 1 1 1 1 1 1 1 1 1 1 1 1 1 1 1 1 1 1 1 1 1 1 1 1 1 1 1 1 1 1 1 1 1 1 1 1 1 1 1 1 1 1 1 1 1 1 1 1 1 1 1 1 1 1 1 1 1 1 1 1 1 1 1 1 1 1 1 1 1 1 1 1 1 1 1 1 1 1 1 1 1 1 1 1 1 1 1 1 1 1 1 1 1 1 1 1 1 1 1 1 1 1 1 1 1 1 1 1 1 1 1 1 1 1 1 1 1 1 1 1 1 1 1 1 1 1 1 1 1 1 1 1 1 1 1 1 1 1 1 1 1 1 1 1 1 1 1 1 1 1 1 1 1 1 1 1 1 1 1 1 1 1 1 1 1 1 1 1 1 1 1 1 1 1 1 1 1 1 1 1 1 1 1 1 1 1 1 1 1 1 1 1 1 1 1 1 1 1 1 1 1 1 1 1 1 1 1 1 1 1 1 1 1 1 1 1 1 1 1 1 1 1 1 1 1 1 1 1 1 1 1 1 1 1 1 1 1 1 1 1 1 1 1 1 1 1 1 1 1 1 1 1 1 1 1 1 1 1 1 1 1 1 1 1 1 1 1 1 1 1 1 1 1 1 1 1 1 1 1 1 1 1 1 1 1 1 1 1 1 1 1 1 1 1 1 1 1 1 1 1 1 1 1 1 1 1 1 1 1 1 1 1 1 1 1 1 1 1 1 1 1 1 1 1 1 1 1 1 1 1 1 1 1 1 1 1 1 1 1 1 1 1 1 1 1 1 1 1 1 1 1 1 1 1 1 1 1 1 1 1 1 1 1 1 1 1 1 1 1 1 1 1 1 1 1 1 1 1 1 1 1 1 1 1 1 1 1 1 1 1 1 1 1 1 1 1 1 1 1 1 1 1 1 1 1 1 1 1 1 1 1 1 1 1 1 1 1 1 1 1 1 1 1 1 1 1 1 1 1 1 1 1 1 1 1 1 1 1 1 1 1 1 1 1 1 1 1 1 1 1 1 1 1 1 1 1 1 1 1 1 1 1 1 1 1 1 1 1 1 1 1 1 1 1 1 1 1 1 1 1 1 1 1 1 1 1 1 1 1 1 1 1 1 1 1 1 1 1 1 1 1 1 1 1 1 1 1 1 1 1 1 1 1 1 1 1 1 1 1 1 1 1 1 1 1 1 1 1 1 1 1 1 1 1 1 1 1 1 1 1 1 1 1 1 1 1 1 1 1 1 1 1 1 1 1 1 1 1 1 1 1 1 1 1 1 1 1 1 1 1 1 1 1 1 1 1 1 1 1 1 1 1 1 1 1 1 1 1 1 1 1 1 1 1 1 1 1 1 1 1 1 1 1 1 1 1 1 1 1 1 1 1 1 1 1 1 1 1 1 1 1 1 1 1 1 1 1 1 1 1 1 1 1 1 1 1 1 1 1 1 1 1 1 1 1 1 1 1 1 1 1 1 1 1 1 1 1 1 1 1 1 1 1 1 1 1 1 1 1 1 1 1 1 1 1 1 1 1 1 1 1 1 1 1 1 1 1 1 1 1 1 1 1 1 1 1 1 1 1 1 1 1 1 1 1 1 1 1 1 1 1 1 1 1 1 1 1 1 1 1 1 1 1 1 1 1 1 1 1 1 1 1 1 1 1 1 1 1 1 1 1 1 1 1 1 1 1 1 1 1 1 1 1 1 1 1 1 1 1 1 1 1 1 1 1 1 1 1 1 1 1 1 1 1 1 1 1 1 1 1 1 1 1 1 1 1 1 1 1 1 1 1 1 1 1 1 1 1 1 1 1 1 1 1 1 1 1 1 1 1 1 1 1 1 1 1 1 1 1 1 1 1 1 1 1 1 1 1 1 1 1 1 1 1 1 1 1 1 1 1 1 1 1 1 1 1 1 1 1 1 1 1 1 1 1 1 1 1 1 1 1 1 1 1 1 1 1 1 1 1 1 1 1 1 1 1 1 1 1 1 1 1 1 1 1 1 1 1 1 1 1 1 1 1 1 1 1 1 1 1 1 1 1 1 1 1 1 1 1 1 1 1 1 1 1 1 1 1 1 1 1 1 1 1 1 1 1 1 1 1 1 1 1 1 1 1 1 1 1 1 1 1 1 1 1 1 1 1 1 1 1 1 1 1 1 1 1 1 1 1 1 1 1 1 1 1 1 1 1 1 1 1 1 1 1 1 1 1 1 1 1 1 1 1 1 1 1 1 1 1 1 1 1 1 1 1 1 1 1 1 1 1 1 1 1 1 1 1 1 1 1 1 1 1 1 1 1 1 1 1 1 1 1 1 1 1 1 1 1 1 1 1 1 1 1 1 1 1 1 1 1 1 1 1 1 1 1 1 1 1 1 1 1 1 1 1 1 1 1 1 1 1 1 1 1 1 1 1 1 1 1 1 1 1 1 1 1 1 1 1 1 1 1 1 1 1 1 1 1 1 1 1 1 1 1 1 1 1 1 1 1 1 1 1 1 1 1 1 1 1 1 1 1 1 1 1 1 1 1 1 1 1 1 1 1 1 1 1 1 1 1 1 1 1 1 1 1 1 1 1 1 1 1 1 1 1 1 1 1 1 1 1 1 1 1 1 1 1 1 1 1 1 1 1 1 1 1 1 1 1 1 1 1 1 1 1 1 1 1 1 1 1 1 1 1 1 1 1 1 1 1 1 1 1 1 1 1 1 1 1 1 1 1 1 1 1 1 1 1 1 1 1 1 1 1 1 1 1 1 1 1 1 1 1 1 1 1 1 1 1 1 1 1 1 1 1 1 1 1 1 1 1 1 1 1 1 1 1 1 1 1 1 1 1 1 1 1 1 1 1 1 1 1 1 1 1 1 1 1 1 1 1 1 1 1 1 1 1 1 1 1 1 1 1 1 1 1 1 1 1 1 1 1 1 1 1 1 1 1 1 1 1 1 1 1 1 1 1 1 1 1 1 1 1 1 1 1 1 1 1 1 1 1 1 1 1 1 1 1 1 1 1 1 1 1 1 1 1 1 1 1 1 1 1 1 1 1 1 1 1 1 1 1 1 1 1 1 1 1 1 1 1 1 1 1 1 1 1 1 1 1 1 1 1 1 1 1 1 1 1 1 1 1 1 1 1 1 1 1 1 1 1 1 1 1 1 1 1 1 1 1 1 1 1 1 1 1 1 1 1 1 1 1 1 1 1 1 1 1 1 1 1 1 1 1 1 1 1 1 1 1 1 1 1 1 1 1 1 1 1 1 1 1 1 1 1 1 1 1 1 1 1 1 1 1 1 1 1 1 1 1 1 1 1 1 1 1 1 1 1 1 1 1 1 1 1 1 1 1 1 1 1 1 1 1 1 1 1 1 1 1 1 1 1 1 1 1 1 1 1 1 1 1 1 1 1 1 1 1 1 1 1 1 1 1 1 1 1 1 1 1 1 1 1 1 1 1 1 1 1 1 1 1 1 1 1 1 1 1 1 1 1 1 1 1 1 1 1 1 1 1 1 1 1 1 1 1 1 1 1 1 1 1 1 1 1 1 1 1 1 1 1 1 1 1 1 1 1 1 1 1 1 1 1 1 1 1 1 1 1 1 1 1 1 1 1 1 1 1 1 1 1 1 1 1 1 1 1 1 1 1 1 1 1 1 1 1 1 1 1 1 1 1 1 1 1 1 1 1 1 1 1 1 1 1 1 1 1 1 1 1 1 1 1 1 1 1 1 1 1 1 1 1 1 1 1 1 1 1 1 1 1 1 1 1 1 1 1 1 1 1 1 1 1 1 1 1 1 1 1 1 1 1 1 1 1 1 1 1 1 1 1 1 1 1 1 1 1 1 1 1 1 1 1 1 1 1 1 1 1 1 1 1 1 1 1 1 1 1 1 1 1 1 1 1 1 1 1 1 1 1 1 1 1 1 1 1 1 1 1 1 1 1 1 1 1 1 1 1 1 1 1 1 1 1 1 1 1 1 1 1 1 1 1 1 1 1 1 1 1 1 1 1 1 1 1 1 1 1 1 1 1 1 1 1 1 1 1 1 1 1 1 1 1 1 1 1 1 1 1 1 1 1 1 1 1 1 1 1 1 1 1 1 1 1 1 1 1 1 1 1 1 1 1 1 1 1 1 1 1 1 1 1 1 1 1 1 1 1 1 1 1 1 1 1 1 1 1 1 1 1 1 1 1 1 1 1 1 1 1 1 1 1 1 1 1 1 1 1 1 1 1 1 1 1 1 1 1 1 1 1 1 1 1 1 1 1 1 1 1 1 1 1 1 1 1 1 1 1 1 1 1 1 1 1 1 1 1 1 1 1 1 1 1 1 1 1 1 1 1 1 1 1 1 1 1 1 1 1 1 1 1 1 1 1 1 1 1 1 1 1 1 1 1 1 1 1 1 1 1 1 1 1 1 1 1 1 1 1 1 1 1 1 1 1 1 1 1 1 1 1 1 1 1 1 1 1 1 1 1 1 1 1 1 1 1 1 1 1 1 1 1 1 1 1 1 1 1 1 1 1 1 1 1 1 1 1 1 1 1 1 1 1 1 1 1 1 1 1 1 1 1 1 1 1 1 1 1 1 1 1 1 1 1 1 1 1 1 1 1 1 1 1 1 1 1 1 1 1 1 1 1 1 1 1 1 1 1 1 1 1 1 1 1 1 1 1 1 1 1 1 1 1 1 1 1 1 1 1 1 1 1 1 1 1 1 1 1 1 1 1 1 1 1 1 1 1 1 1 1 1 1 1 1 1 1 1 1 1 1 1 1 1 1 1 1 1 1 1 1 1 1 1 1 1 1 1 1 1 1 1 1 1 1 1 1 1 1 1 1 1 1 1 1 1 1 1 1 1 1 1 1 1 1 1 1 1 1 1 1 1 1 1 1 1 1 1 1 1 1 1 1 1 1 1 1 1 1 1 1 1 1 1 1 1 1 1 1 1 1 1 1 1 1 1 1 1 1 1 1 1 1 1 1 1 1 1 1 1 1 1 1 1 1 1 1 1 1 1 1 1 1 1 1 1 1 1 1 1 1 1 1 1 1 1 1 1 1 1 1 1 1 1 1 1 1 1 1 1 1 1 1 1 1 1 1 1 1 1 1 1 1 1 1 1 1 1 1 1 1 1 1 1 1 1 1 1 1 1 1 1 1 1 1 1 1 1 1 1 1 1 1 1 1 1 1 1 1 1 1 1 1 1 1 1 1 1 1 1 1 1 1 1 1 1 1 1 1 1 1 1 1 1 1 1 1 1 1 1 1 1 1 1 1 1 1 1 1 1 1 1 1 1 1 1 1 1 1 1 1 1 1 1 1 1 1 1 1 1 1 1 1 1 1 1 1 1 1 1 1 1 1 1 1 1 1 1 1 1 1 1 1 1 1 1 1 1 1 1 1 1 1 1 1 1 1 1 1 1 1 1 1 1 1 1 1 1 1 1 1 1 1 1 1 1 1 1 1 1 1 1 1 1 1 1 1 1 1 1 1 1 1 1 1 1 1 1 1 1 1 1 1 1 1 1 1 1 1 1 1 1 1 1 1 1 1 1 1 1 1 1 1 1 1 1 1 1 1 1 1 1 1 1 1 1 1 1 1 1 1 1 1 1 1 1 1 1 1 1 1 1 1 1 1 1 1 1 1 1 1 1 1 1 1 1 1 1 1 1 1 1 1 1 1 1 1 1 1 1 1 1 1 1 1 1 1 1 1 1 1 1 1 1 1 1 1 1 1 1 1 1 1 1 1 1 1 1 1 1 1 1 1 1 1 1 1 1 1 1 1 1 1 1 1 1 1 1 1 1 1 1 1 1 1 1 1 1 1 1 1 1 1 1 1 1 1 1 1 1 1 1 1 1 1 1 1 1 1 1 1 1 1 1 1 1 1 1 1 1 1 1 1 1 1 1 1 1 1 1 1 1 1 1 1 1 1 1 1 1 1 1 1 1 1 1 1 1 1 1 1 1 1 1 1 1 1 1 1 1 1 1 1 1 1 1 1 1 1 1 1 1 1 1 1 1 1 1 1 1 1 1 1 1 1 1 1 1 1 1 1 1 1 1 1 1 1 1 1 1 1 1 1 1 1 1 1 1 1 1 1 1 1 1 1 1 1 1 1 1 1 1 1 1 1 1 1 1 1 1 1 1 1 1 1 1 1 1 1 1 1 1 1 1 1 1 1 1 1 1 1 1 1 1 1 1 1 1 1 1 1 1 1 1 1 1 1 1 1 1 1 1 1 1 1 1 1 1 1 1 1 1 1 1 1 1 1 1 1 1 1 1 1 1 1 1 1 1 1 1 1 1 1 1 1 1 1 1 1 1 1 1 1 1 1 1 1 1 1 1 1 1 1 1 1 1 1 1 1 1 1 1 1 1 1 1 1 1 1 1 1 1 1 1 1 1 1 1 1 1 1 1 1 1 1 1 1 1 1 1 1 1 1 1 1 1 1 1 1 1 1 1 1 1 1 1 1 1 1 1 1 1 1 1 1 1 1 1 1 1 1 1 1 1 1 1 1 1 1 1 1 1 1 1 1 1 1 1 1 1 1 1 1 1 1 1 1 1 1 1 1 1 1 1 1 1 1 1 1 1 1 1 1 1 1 1 1 1 1 1 1 1 1 1 1 1 1 1 1 1 1 1 1 1 1 1 1 1 1 1 1 1 1 1 1 1 1 1 1 1 1 1 1 1 1 1 1 1 1 1 1 1 1 1 1 1 1 1 1 1 1 1 1 1 1 1 1 1 1 1 1 1 1 1 1 1 1 1 1 1 1 1 1 1 1 1 1 1 1 1 1 1 1 1 1 1 1 1 1 1 1 1 1 1 1 1 1 1 1 1 1 1 1 1 1 1 1 1 1 1 1 1 1 1 1 1 1 1 1 1 1 1 1 1 1 1 1 1 1 1 1 1 1 1 1 1 1 1 1 1 1 1 1 1 1 1 1 1 1 1 1 1 1 1 1 1 1 1 1 1 1 1 1 1 1 1 1 1 1 1 1 1 1 1 1 1 1 1 1 1 1 1 1 1 1 1 1 1 1 1 1 1 1 1 1 1 1 1 1 1 1 1 1 1 1 1 1 1 1 1 1 1 1 1 1 1 1 1 1 1 1 1 1 1 1 1 1 1 1 1 1 1 1 1 1 1 1 1 1 1 1 1 1 1 1 1 1 1 1 1 1 1 1 1 1 1 1 1 1 1 1 1 1 1 1 1 1 1 1 1 1 1 1 1 1 1 1 1 1 1 1 1 1 1 1 1 1 1 1 1 1 1 1 1 1 1 1 1 1 1 1 1 1 1 1 1 1 1 1 1 1 1 1 1 1 1 1 1 1 1 1 1 1 1 1 1 1 1 1 1 1 1 1 1 1 1 1 1 1 1 1 1 1 1 1 1 1 1 1 1 1 1 1 1 1 1 1 1 1 1 1 1 1 1 1 1 1 1 1 1 1 1 1 1 1 1 1 1 1 1 1 1 1 1 1 1 1 1 1 1 1 1 1 1 1 1 1 1 1 1 1 1 1 1 1 1 1 1 1 1 1 1 1 1 1 1 1 1 1 1 1 1 1 1 1 1 1 1 1 1 1 1 1 1 1 1 1 1 1 1 1 1 1 1 1 1 1 1 1 1 1 1 1 1 1 1 1 1 1 1 1 1 1 1 1 1 1 1 1 1 1 1 1 1 1 1 1 1 1 1 1 1 1 1 1 1 1 1 1 1 1 1 1 1 1 1 1 1 1 1 1 1 1 1 1 1 1 1 1 1 1 1 1 1 1 1 1 1 1 1 1 1 1 1 1 1 1 1 1 1 1 1 1 1 1 1 1 1 1 1 1 1 1 1 1 1 1 1 1 1 1 1 1 1 1 1 1 1 1 1 1 1 1 1 1 1 1 1 1 1 1 1 1 1 1 1 1 1 1 1 1 1 1 1 1 1 1 1 1 1 1 1 1 1 1 1 1 1 1 1 1 1 1 1 1 1 1 1 1 1 1 1 1 1 1 1 1 1 1 1 1 1 1 1 1 1 1 1 1 1 1 1 1 1 1 1 1 1 1 1 1 1 1 1 1 1 1 1 1 1 1 1 1 1 1 1 1 1 1 1 1 1 1 1 1 1 1 1 1 1 1 1 1 1 1 1 1 1 1 1 1 1 1 1 1 1 1 1 1 1 1 1 1 1 1 1 1 1 1 1 1 1 1 1 1 1 1 1 1 1 1 1 1 1 1 1 1 1 1 1 1 1 1 1 1 1 1 1 1 1 1 1 1 1 1 1 1 1 1 1 1 1 1 1 1 1 1 1 1 1 1 1 1 1 1 1 1 1 1 1 1 1 1 1 1 1 1 1 1 1 1 1 1 1 1 1 1 1 1 1 1 1 1 1 1 1 1 1 1 1 1 1 1 1 1 1 1 1 1 1 1 1 1 1 1 1 1 1 1 1 1 1 1 1 1 1 1 1 1 1 1 1 1 1 1 1 1 1 1 1 1 1 1 1 1 1 1 1 1 1 1 1 1 1 1 1 1 1 1 1 1 1 1 1 1 1 1 1 1 1 1 1 1 1 1 1 1 1 1 1 1 1 1 1 1 1 1 1 1 1 1 1 1 1 1 1 1 1 1 1 1 1 1 1 1 1 1 1 1 1 1 1 1 1 1 1 1 1 1 1 1 1 1 1 1 1 1 1 1 1 1 1 1 1 1 1 1 1 1 1 1 1 1 1 1 1 1 1 1 1 1 1 1 1 1 1 1 1 1 1 1 1 1 1 1 1 1 1 1 1 1 1 1 1 1 1 1 1 1 1 1 1 1 1 1 1 1 1 1 1 1 1 1 1 1 1 1 1 1 1 1 1 1 1 1 1 1 1 1 1 1 1 1 1 1 1 1 1 1 1 1 1 1 1 1 1 1 1 1 1 1 1 1 1 1 1 1 1 1 1 1 1 1 1 1 1 1 1 1 1 1 1 1 1 1 1 1 1 1 1 1 1 1 1 1 1 1 1 1 1 1 1 1 1 1 1 1 1 1 1 1 1 1 1 1 1 1 1 1 1 1 1 1 1 1 1 1 1 1 1 1 1 1 1 1 1 1 1 1 1 1 1 1 1 1 1 1 1 1 1 1 1 1 1 1 1 1 1 1 1 1 1 1 1 1 1 1 1 1 1 1 1 1 1 1 1 1 1 1 1 1 1 1 1 1 1 1 1 1 1 1 1 1 1 1 1 1 1 1 1 1 1 1 1 1 1 1 1 1 1 1 1 1 1 1 1 1 1 1 1 1 1 1 1 1 1 1 1 1 1 1 1 1 1 1 1 1 1 1 1 1 1 1 1 1 1 1 1 1 1 1 1 1 1 1 1 1 1 1 1 1 1 1 1 1 1 1 1 1 1 1 1 1 1 1 1 1 1 1 1 1 1 1 1 1 1 1 1 1 1 1 1 1 1 1 1 1 1 1 1 1 1 1 1 1 1 1 1 1 1 1 1 1 1 1 1 1 1 1 1 1 1 1 1 1 1 1 1 1 1 1 1 1 1 1 1 1 1 1 1 1 1 1 1 1 1 1 1 1 1 1 1 1 1 1 1 1 1 1 1 1 1 1 1 1 1 1 1 1 1 1 1 1 1 1 1 1 1 1 1 1 1 1 1 1 1 1 1 1 1 1 1 1 1 1 1 1 1 1 1 1 1 1 1 1 1 1 1 1 1 1 1 1 1 1 1 1 1 1 1 1 1 1 1 1 1 1 1 1 1 1 1 1 1 1 1 1 1 1 1 1 1 1 1 1 1 1 1 1 1 1 1 1 1 1 1 1 1 1 1 1 1 1 1 1 1 1 1 1 1 1 1 1 1 1 1 1 1 1 1 1 1 1 1 1 1 1 1 1 1 1 1 1 1 1 1 1 1 1 1 1 1 1 1 1 1 1 1 1 1 1 1 1 1 1 1 1 1 1 1 1 1 1 1 1 1 1 1 1 1 1 1 1 1 1 1 1 1 1 1 1 1 1 1 1 1 1 1 1 1 1 1 1 1 1 1 1 1 1 1 1 1 1 1 1 1 1 1 1 1 1 1 1 1 1 1 1 1 1 1 1 1 1 1 1 1 1 1 1 1 1 1 1 1 1 1 1 1 1 1 1 1 1 1 1 1 1 1 1 1 1 1 1 1 1 1 1 1 1 1 1 1 1 1 1 1 1 1 1 1 1 1 1 1 1 1 1 1 1 1 1 1 1 1 1 1 1 1 1 1 1 1 1 1 1 1 1 1 1 1 1 1 1 1 1 1 1 1 1 1 1 1 1 1 1 1 1 1 1 1 1 1 1 1 1 1 1 1 1 1 1 1 1 1 1 1 1 1 1 1 1 1 1 1 1 1 1 1 1 1 1 1 1 1 1 1 1 1 1 1 1 1 1 1 1 1 1 1 1 1 1 1 1 1 1 1 1 1 1 1 1 1 1 1 1 1 1 1 1 1 1 1 1 1 1 1 1 1 1 1 1 1 1 1 1 1 1 1 1 1 1 1 1 1 1 1 1 1 1 1 1 1 1 1 1 1 1 1 1 1 1 1 1 1 1 1 1 1 1 1 1 1 1 1 1 1 1 1 1 1 1 1 1 1 1 1 1 1 1 1 1 1 1 1 1 1 1 1 1 1 1 1 1 1 1 1 1 1 1 1 1 1 1 1 1 1 1 1 1 1 1 1 1 1 1 1 1 1 1 1 1 1 1 1 1 1 1 1 1 1 1 1 1 1 1 1 1 1 1 1 1 1 1 1 1 1 1 1 1 1 1 1 1 1 1 1 1 1 1 1 1 1 1 1 1 1 1 1 1 1 1 1 1 1 1 1 1 1 1 1 1 1 1 1 1 1 1 1 1 1 1 1 1 1 1 1 1 1 1 1 1 1 1 1 1 1 1 1 1 1 1 1 1 1 1 1 1 1 1 1 1 1 1 1 1 1 1 1 1 1 1 1 1 1 1 1 1 1 1 1 1 1 1 1 1 1 1 1 1 1 1 1 1 1 1 1 1 1 1 1 1 1 1 1 1 1 1 1 1 1 1 1 1 1 1 1 1 1 1 1 1 1 1 1 1 1 1 1 1 1 1 1 1 1 1 1 1 1 1 1 1 1 1 1 1 1 1 1 1 1 1 1 1 1 1 1 1 1 1 1 1 1 1 1 1 1 1 1 1 1 1 1 1 1 1 1 1 1 1 1 1 1 1 1 1 1 1 1 1 1 1 1 1 1 1 1 1 1 1 1 1 1 1 1 1 1 1 1 1 1 1 1 1 1 1 1 1 1 1 1 1 1 1 1 1 1 1 1 1 1 1 1 1 1 1 1 1 1 1 1 1 1 1 1 1 1 1 1 1 1 1 1 1 1 1 1 1 1 1 1 1 1 1 1 1 1 1 1 1 1 1 1 1 1 1 1 1 1 1 1 1 1 1 1 1 1 1 1 1 1 1 1 1 1 1 1 1 1 1 1 1 1 1 1 1 1 1 1 1 1 1 1 1 1 1 1 1 1 1 1 1 1 1 1 1 1 1 1 1 1 1 1 1 1 1 1 1 1 1 1 1 1 1 1 1 1 1 1 1 1 1 1 1 1 1 1 1 1 1 1 1 1 1 1 1 1 1 1 1 1 1 1 1 1 1 1 1 1 1 1 1 1 1 1 1 1 1 1 1 1 1 1 1 1 1 1 1 1 1 1 1 1 1 1 1 1 1 1 1 1 1 1 1 1 1 1 1 1 1 1 1 1 1 1 1 1 1 1 1 1 1 1 1 1 1 1 1 1 1 1 1 1 1 1 1 1 1 1 1 1 1 1 1 1 1 1 1 1 1 1 1 1 1 1 1 1 1 1 1 1 1 1 1 1 1 1 1 1 1 1 1 1 1 1 1 1 1 1 1 1 1 1 1 1 1 1 1 1 1 1 1 1 1 1 1 1 1 1 1 1 1 1 1 1 1 1 1 1 1 1 1 1 1 1 1 1 1 1 1 1 1 1 1 1 1 1 1 1 1 1 1 1 1 1 1 1 1 1 1 1 1 1 1 1 1 1 1 1 1 1 1 1 1 1 1 1 1 1 1 1 1 1 1 1 1 1 1 1 1 1 1 1 1 1 1 1 1 1 1 1 1 1 1 1 1 1 1 1 1 1 1 1 1 1 1 1 1 1 1 1 1 1 1 1 1 1 1 1 1 1 1 1 1 1 1 1 1 1 1 1 1 1 1 1 1 1 1 1 1 1 1 1 1 1 1 1 1 1 1 1 1 1 1 1 1 1 1 1 1 1 1 1 1 1 1 1 1 1 1 1 1 1 1 1 1 1 1 1 1 1 1 1 1 1 1 1 1 1 1 1 1 1 1 1 1 1 1 1 1 1 1 1 1 1 1 1 1 1 1 1 1 1 1 1 1 1 1 1 1 1 1 1 1 1 1 1 1 1 1 1 1 1 1 1 1 1 1 1 1 1 1 1 1 1 1 1 1 1 1 1 1 1 1 1 1 1 1 1 1 1 1 1 1 1 1 1 1 1 1 1 1 1 1 1 1 1 1 1 1 1 1 1 1 1 1 1 1 1 1 1 1 1 1 1 1 1 1 1 1 1 1 1 1 1 1 1 1 1 1 1 1 1 1 1 1 1 1 1 1 1 1 1 1 1 1 1 1 1 1 1 1 1 1 1 1 1 1 1 1 1 1 1 1 1 1 1 1 1 1 1 1 1 1 1 1 1 1 1 1 1 1 1 1 1 1 1 1 1 1 1 1 1 1 1 1 1 1 1 1 1 1 1 1 1 1 1 1 1 1 1 1 1 1 1 1 1 1 1 1 1 1 1 1 1 1 1 1 1 1 1 1 1 1 1 1 1 1 1 1 1 1 1 1 1 1 1 1 1 1 1 1 1 1 1 1 1 1 1 1 1 1 1 1 1 1 1 1 1 1 1 1 1 1 1 1 1 1 1 1 1 1 1 1 1 1 1 1 1 1 1 1 1 1 1 1 1 1 1 1 1 1 1 1 1 1 1 1 1 1 1 1 1 1 1 1 1 1 1 1 1 1 1 1 1 1 1 1 1 1 1 1 1 1 1 1 1 1 1 1 1 1 1 1 1 1 1 1 1 1 1 1 1 1 1 1 1 1 1 1 1 1 1 1 1 1 1 1 1 1 1 1 1 1 1 1 1 1 1 1 1 1 1 1 1 1 1 1 1 1 1 1 1 1 1 1 1 1 1 1 1 1 1 1 1 1 1 1 1 1 1 1 1 1 1 1 1 1 1 1 1 1 1 1 1 1 1 1 1 1 1 1 1 1 1 1 1 1 1 1 1 1 1 1 1 1 1 1 1 1 1 1 1 1 1 1 1 1 1 1 1 1 1 1 1 1 1 1 1 1 1 1 1 1 1 1 1 1 1 1 1 1 1 1 1 1 1 1 1 1 1 1 1 1 1 1 1 1 1 1 1 1 1 1 1 1 1 1 1 1 1 1 1 1 1 1 1 1 1 1 1 1 1 1 1 1 1 1 1 1 1 1 1 1 1 1 1 1 1 1 1 1 1 1 1 1 1 1 1 1 1 1 1 1 1 1 1 1 1 1 1 1 1 1 1 1 1 1 1 1 1 1 1 1 1 1 1 1 1 1 1 1 1 1 1 1 1 1 1 1 1 1 1 1 1 1 1 1 1 1 1 1 1 1 1 1 1 1 1 1 1 1 1 1 1 1 1 1 1 1 1 1 1 1 1 1 1 1 1 1 1 1 1 1 1 1 1 1 1 1 1 1 1 1 1 1 1 1 1 1 1 1 1 1 1 1 1 1 1 1 1 1 1 1 1 1 1 1 1 1 1 1 1 1 1 1 1 1 1 1 1 1 1 1 1 1 1 1 1 1 1 1 1 1 1 1 1 1 1 1 1 1 1 1 1 1 1 1 1 1 1 1 1 1 1 1 1 1 1 1 1 1 1 1 1 1 1 1 1 1 1 1 1 1 1 1 1 1 1 1 1 1 1 1 1 1 1 1 1 1 1 1 1 1 1 1 1 1 1 1 1 1 1 1 1 1 1 1 1 1 1 1 1 1 1 1 1 1 1 1 1 1 1 1 1 1 1 1 1 1 1 1 1 1 1 1 1 1 1 1 1 1 1 1 1 1 1 1 1 1 1 1 1 1 1 1 1 1 1 1 1 1 1 1 1 1 1 1 1 1 1 1 1 1 1 1 1 1 1 1 1 1 1 1 1 1 1 1 1 1 1 1 1 1 1 1 1 1 1 1 1 1 1 1 1 1 1 1 1 1 1 1 1 1 1 1 1 1 1 1 1 1 1 1 1 1 1 1 1 1 1 1 1 1 1 1 1 1 1 1 1 1 1 1 1 1 1 1 1 1 1 1 1 1 1 1 1 1 1 1 1 1 1 1 1 1 1 1 1 1 1 1 1 1 1 1 1 1 1 1 1 1 1 1 1 1 1 1 1 1 1 1 1 1 1 1 1 1 1 1 1 1 1 1 1 1 1 1 1 1 1 1 1 1 1 1 1 1 1 1 1 1 1 1 1 1 1 1 1 1 1 1 1 1 1 1 1 1 1 1 1 1 1 1 1 1 1 1 1 1 1 1 1 1 1 1 1 1 1 1 1 1 1 1 1 1 1 1 1 1 1 1 1 1 1 1 1 1 1 1 1 1 1 1 1 1 1 1 1 1 1 1 1 1 1 1 1 1 1 1 1 1 1 1 1 1 1 1 1 1 1 1 1 1 1 1 1 1 1 1 1 1 1 1 1 1 1 1 1 1 1 1 1 1 1 1 1 1 1 1 1 1 1 1 1 1 1 1 1 1 1 1 1 1 1 1 1 1 1 1 1 1 1 1 1 1 1 1 1 1 1 1 1 1 1 1 1 1 1 1 1 1 1 1 1 1 1 1 1 1 1 1 1 1 1 1 1 1 1 1 1 1 1 1 1 1 1 1 1 1 1 1 1 1 1 1 1 1 1 1 1 1 1 1 1 1 1 1 1 1 1 1 1 1 1 1 1 1 1 1 1 1 1 1 1 1 1 1 1 1 1 1 1 1 1 1 1 1 1 1 1 1 1 1 1 1 1 1 1 1 1 1 1 1 1 1 1 1 1 1 1 1 1 1 1 1 1 1 1 1 1 1 1 1 1 1 1 1 1 1 1 1 1 1 1 1 1 1 1 1 1 1 1 1 1 1 1 1 1 1 1 1 1 1 1 1 1 1 1 1 1 1 1 1 1 1 1 1 1 1 1 1 1 1 1 1 1 1 1 1 1 1 1 1 1 1 1 1 1 1 1 1 1 1 1 1 1 1 1 1 1 1 1 1 1 1 1 1 1 1 1 1 1 1 1 1 1 1 1 1 1 1 1 1 1 1 1 1 1 1 1 1 1 1 1 1 1 1 1 1 1 1 1 1 1 1 1 1 1 1 1 1 1 1 1 1 1 1 1 1 1 1 1 1 1 1 1 1 1 1 1 1 1 1 1 1 1 1 1 1 1 1 1 1 1 1 1 1 1 1 1 1 1 1 1 1 1 1 1 1 1 1 1 1 1 1 1 1 1 1 1 1 1 1 1 1 1 1 1 1 1 1 1 1 1 1 1 1 1 1 1 1 1 1 1 1 1 1 1 1 1 1 1 1 1 1 1 1 1 1 1 1 1 1 1 1 1 1 1 1 1 1 1 1 1 1 1 1 1 1 1 1 1 1 1 1 1 1 1 1 1 1 1 1 1 1 1 1 1 1 1 1 1 1 1 1 1 1 1 1 1 1 1 1 1 1 1 1 1 1 1 1 1 1 1 1 1 1 1 1 1 1 1 1 1 1 1 1 1 1 1 1 1 1 1 1 1 1 1 1 1 1 1 1 1 1 1 1 1 1 1 1 1 1 1 1 1 1 1 1 1 1 1 1 1 1 1 1 1 1 1 1 1 1 1 1 1 1 1 1 1 1 1 1 1 1 1 1 1 1 1 1 1 1 1 1 1 1 1 1 1 1 1 1 1 1 1 1 1 1 1 1 1 1 1 1 1 1 1 1 1 1 1 1 1 1 1 1 1 1 1 1 1 1 1 1 1 1 1 1 1 1 1 1 1 1 1 1 1 1 1 1 1 1 1 1 1 1 1 1 1 1 1 1 1 1 1 1 1 1 1 1 1 1 1 1 1 1 1 1 1 1 1 1 1 1 1 1 1 1 1 1 1 1 1 1 1 1 1 1 1 1 1 1 1 1 1 1 1 1 1 1 1 1 1 1 1 1 1 1 1 1 1 1 1 1 1 1 1 1 1 1 1 1 1 1 1 1 1 1 1 1 1 1 1 1 1 1 1 1 1 1 1 1 1 1 1 1 1 1 1 1 1 1 1 1 1 1 1 1 1 1 1 1 1 1 1 1 1 1 1 1 1 1 1 1 1 1 1 1 1 1 1 1 1 1 1 1 1 1 1 1 1 1 1 1 1 1 1 1 1 1 1 1 1 1 1 1 1 1 1 1 1 1 1 1 1 1 1 1 1 1 1 1 1 1 1 1 1 1 1 1 1 1 1 1 1 1 1 1 1 1 1 1 1 1 1 1 1 1 1 1 1 1 1 1 1 1 1 1 1 1 1 1 1 1 1 1 1 1 1 1 1 1 1 1 1 1 1 1 1 1 1 1 1 1 1 1 1 1 1 1 1 1 1 1 1 1 1 1 1 1 1 1 1 1 1 1 1 1 1 1 1 1 1 1 1 1 1 1 1 1 1 1 1 1 1 1 1 1 1 1 1 1 1 1 1 1 1 1 1 1 1 1 1 1 1 1 1 1 1 1 1 1 1 1 1 1 1 1 1 1 1 1 1 1 1 1 1 1 1 1 1 1 1 1 1 1 1 1 1 1 1 1 1 1 1 1 1 1 1 1 1 1 1 1 1 1 1 1 1 1 1 1 1 1 1 1 1 1 1 1 1 1 1 1 1 1 1 1 1 1 1 1 1 1 1 1 1 1 1 1 1 1 1 1 1 1 1 1 1 1 1 1 1 1 1 1 1 1 1 1 1 1 1 1 1 1 1 1 1 1 1 1 1 1 1 1 1 1 1 1 1 1 1 1 1 1 1 1 1 1 1 1 1 1 1 1 1 1 1 1 1 1 1 1 1 1 1 1 1 1 1 1 1 1 1 1 1 1 1 1 1 1 1 1 1 1 1 1 1 1 1 1 1 1 1 1 1 1 1 1 1 1 1 1 1 1 1 1 1 1 1 1 1 1 1 1 1 1 1 1 1 1 1 1 1 1 1 1 1 1 1 1 1 1 1 1 1 1 1 1 1 1 1 1 1 1 1 1 1 1 1 1 1 1 1 1 1 1 1 1 1 1 1 1 1 1 1 1 1 1 1 1 1 1 1 1 1 1 1 1 1 1 1 1 1 1 1 1 1 1 1 1 1 1 1 1 1 1 1 1 1 1 1 1 1 1 1 1 1 1 1 1 1 1 1 1 1 1 1 1 1 1 1 1 1 1 1 1 1 1 1 1 1 1 1 1 1 1 1 1 1 1 1 1 1 1 1 1 1 1 1 1 1 1 1 1 1 1 1 1 1 1 1 1 1 1 1 1 1 1 1 1 1 1 1 1 1 1 1 1 1 1 1 1 1 1 1 1 1 1 1 1 1 1 1 1 1 1 1 1 1 1 1 1 1 1 1 1 1 1 1 1 1 1 1 1 1 1 1 1 1 1 1 1 1 1 1 1 1 1 1 1 1 1 1 1 1 1 1 1 1 1 1 1 1 1 1 1 1 1 1 1 1 1 1 1 1 1 1 1 1 1 1 1 1 1 1 1 1 1 1 1 1 1 1 1 1 1 1 1 1 1 1 1 1 1 1 1 1 1 1 1 1 1 1 1 1 1 1 1 1 1 1 1 1 1 1 1 1 1 1 1 1 1 1 1 1 1 1 1 1 1 1 1 1 1 1 1 1 1 1 1 1 1 1 1 1 1 1 1 1 1 1 1 1 1 1 1 1 1 1 1 1 1 1 1 1 1 1 1 1 1 1 1 1 1 1 1 1 1 1 1 1 1 1 1 1 1 1 1 1 1 1 1 1 1 1 1 1 1 1 1 1 1 1 1 1 1 1 1 1 1 1 1 1 1 1 1 1 1 1 1 1 1 1 1 1 1 1 1 1 1 1 1 1 1 1 1 1 1 1 1 1 1 1 1 1 1 1 1 1 1 1 1 1 1 1 1 1 1 1 1 1 1 1 1 1 1 1 1 1 1 1 1 1 1 1 1 1 1 1 1 1 1 1 1 1 1 1 1 1 1 1 1 1 1 1 1 1 1 1 1 1 1 1 1 1 1 1 1 1 1 1 1 1 1 1 1 1 1 1 1 1 1 1 1 1 1 1 1 1 1 1 1 1 1 1 1 1 1 1 1 1 1 1 1 1 1 1 1 1 1 1 1 1 1 1 1 1 1 1 1 1 1 1 1 1 1 1 1 1 1 1 1 1 1 1 1 1 1 1 1 1 1 1 1 1 1 1 1 1 1 1 1 1 1 1 1 1 1 1 1 1 1 1 1 1 1 1 1 1 1 1 1 1 1 1 1 1 1 1 1 1 1 1 1 1 1 1 1 1 1 1 1 1 1 1 1 1 1 1 1 1 1 1 1 1 1 1 1 1 1 1 1 1 1 1 1 1 1 1 1 1 1 1 1 1 1 1 1 1 1 1 1 1 1 1 1 1 1 1 1 1 1 1 1 1 1 1 1 1 1 1 1 1 1 1 1 1 1 1 1 1 1 1 1 1 1 1 1 1 1 1 1 1 1 1 1 1 1 1 1 1 1 1 1 1 1 1 1 1 1 1 1 1 1 1 1 1 1 1 1 1 1 1 1 1 1 1 1 1 1 1 1 1 1 1 1 1 1 1 1 1 1 1 1 1 1 1 1 1 1 1 1 1 1 1 1 1 1 1 1 1 1 1 1 1 1 1 1 1 1 1 1 1 1 1 1 1 1 1 1 1 1 1 1 1 1 1 1 1 1 1 1 1 1 1 1 1 1 1 1 1 1 1 1 1 1 1 1 1 1 1 1 1 1 1 1 1 1 1 1 1 1 1 1 1 1 1 1 1 1 1 1 1 1 1 1 1 1 1 1 1 1 1 1 1 1 1 1 1 1 1 1 1 1 1 1 1 1 1 1 1 1 1 1 1 1 1 1 1 1 1 1 1 1 1 1 1 1 1 1 1 1 1 1 1 1 1 1 1 1 1 1 1 1 1 1 1 1 1 1 1 1 1 1 1 1 1 1 1 1 1 1 1 1 1 1 1 1 1 1 1 1 1 1 1 1 1 1 1 1 1 1 1 1 1 1 1 1 1 1 1 1 1 1 1 1 1 1 1 1 1 1 1 1 1 1 1 1 1 1 1 1 1 1 1 1 1 1 1 1 1 1 1 1 1 1 1 1 1 1 1 1 1 1 1 1 1 1 1 1 1 1 1 1 1 1 1 1 1 1 1 1 1 1 1 1 1 1 1 1 1 1 1 1 1 1 1 1 1 1 1 1 1 1 1 1 1 1 1 1 1 1 1 1 1 1 1 1 1 1 1 1 1 1 1 1 1 1 1 1 1 1 1 1 1 1 1 1 1 1 1 1 1 1 1 1 1 1 1 1 1 1 1 1 1 1 1 1 1 1 1 1 1 1 1 1 1 1 1 1 1 1 1 1 1 1 1 1 1 1 1 1 1 1 1 1 1 1 1 1 1 1 1 1 1 1 1 1 1 1 1 1 1 1 1 1 1 1 1 1 1 1 1 1 1 1 1 1 1 1 1 1 1 1 1 1 1 1 1 1 1 1 1 1 1 1 1 1 1 1 1 1 1 1 1 1 1 1 1 1 1 1 1 1 1 1 1 1 1 1 1 1 1 1 1 1 1 1 1 1 1 1 1 1 1 1 1 1 1 1 1 1 1 1 1 1 1 1 1 1 1 1 1 1 1 1 1 1 1 1 1 1 1 1 1 1 1 1 1 1 1 1 1 1 1 1 1 1 1 1 1 1 1 1 1 1 1 1 1 1 1 1 1 1 1 1 1 1 1 1 1 1 1 1 1 1 1 1 1 1 1 1 1 1 1 1 1 1 1 1 1 1 1 1 1 1 1 1 1 1 1 1 1 1 1 1 1 1 1 1 1 1 1 1 1 1 1 1 1 1 1 1 1 1 1 1 1 1 1 1 1 1 1 1 1 1 1 1 1 1 1 1 1 1 1 1 1 1 1 1 1 1 1 1 1 1 1 1 1 1 1 1 1 1 1 1 1 1 1 1 1 1 1 1 1 1 1 1 1 1 1 1 1 1 1 1 1 1 1 1 1 1 1 1 1 1 1 1 1 1 1 1 1 1 1 1 1 1 1 1 1 1 1 1 1 1 1 1 1 1 1 1 1 1 1 1 1 1 1 1 1 1 1 1 1 1 1 1 1 1 1 1 1 1 1 1 1 1 1 1 1 1 1 1 1 1 1 1 1 1 1 1 1 1 1 1 1 1 1 1 1 1 1 1 1 1 1 1 1 1 1 1 1 1 1 1 1 1 1 1 1 1 1 1 1 1 1 1 1 1 1 1 1 1 1 1 1 1 1 1 1 1 1 1 1 1 1 1 1 1 1 1 1 1 1 1 1 1 1 1 1 1 1 1 1 1 1 1 1 1 1 1 1 1 1 1 1 1 1 1 1 1 1 1 1 1 1 1 1 1 1 1 1 1 1 1 1 1 1 1 1 1 1 1 1 1 1 1 1 1 1 1 1 1 1 1 1 1 1 1 1 1 1 1 1 1 1 1 1 1 1 1 1 1 1 1 1 1 1 1 1 1 1 1 1 1 1 1 1 1 1 1 1 1 1 1 1 1 1 1 1 1 1 1 1 1 1 1 1 1 1 1 1 1 1 1 1 1 1 1 1 1 1 1 1 1 1 1 1 1 1 1 1 1 1 1 1 1 1 1 1 1 1 1 1 1 1 1 1 1 1 1 1 1 1 1 1 1 1 1 1 1 1 1 1 1 1 1 1 1 1 1 1 1 1 1 1 1 1 1 1 1 1 1 1 1 1 1 1 1 1 1 1 1 1 1 1 1 1 1 1 1 1 1 1 1 1 1 1 1 1 1 1 1 1 1 1 1 1 1 1 1 1 1 1 1 1 1 1 1 1 1 1 1 1 1 1 1 1 1 1 1 1 1 1 1 1 1 1 1 1 1 1 1 1 1 1 1 1 1 1 1 1 1 1 1 1 1 1 1 1 1 1 1 1 1 1 1 1 1 1 1 1 1 1 1 1 1 1 1 1 1 1 1 1 1 1 1 1 1 1 1 1 1 1 1 1 1 1 1 1 1 1 1 1 1 1 1 1 1 1 1 1 1 1 1 1 1 1 1 1 1 1 1 1 1 1 1 1 1 1 1 1 1 1 1 1 1 1 1 1 1 1 1 1 1 1 1 1 1 1 1 1 1 1 1 1 1 1 1 1 1 1 1 1 1 1 1 1 1 1 1 1 1 1 1 1 1 1 1 1 1 1 1 1 1 1 1 1 1 1 1 1 1 1 1 1 1 1 1 1 1 1 1 1 1 1 1 1 1 1 1 1 1 1 1 1 1 1 1 1 1 1 1 1 1 1 1 1 1 1 1 1 1 1 1 1 1 1 1 1 1 1 1 1 1 1 1 1 1 1 1 1 1 1 1 1 1 1 1 1 1 1 1 1 1 1 1 1 1 1 1 1 1 1 1 1 1 1 1 1 1 1 1 1 1 1 1 1 1 1 1 1 1 1 1 1 1 1 1 1 1 1 1 1 1 1 1 1 1 1 1 1 1 1 1 1 1 1 1 1 1 1 1 1 1 1 1 1 1 1 1 1 1 1 1 1 1 1 1 1 1 1 1 1 1 1 1 1 1 1 1 1 1 1 1 1 1 1 1 1 1 1 1 1 1 1 1 1 1 1 1 1 1 1 1 1 1 1 1 1 1 1 1 1 1 1 1 1 1 1 1 1 1 1 1 1 1 1 1 1 1 1 1 1 1 1 1 1 1 1 1 1 1 1 1 1 1 1 1 1 1 1 1 1 1 1 1 1 1 1 1 1 1 1 1 1 1 1 1 1 1 1 1 1 1 1 1 1 1 1 1 1 1 1 1 1 1 1 1 1 1 1 1 1 1 1 1 1 1 1 1 1 1 1 1 1 1 1 1 1 1 1 1 1 1 1 1 1 1 1 1 1 1 1 1 1 1 1 1 1 1 1 1 1 1 1 1 1 1 1 1 1 1 1 1 1 1 1 1 1 1 1 1 1 1 1 1 1 1 1 1 1 1 1 1 1 1 1 1 1 1 1 1 1 1 1 1 1 1 1 1 1 1 1 1 1 1 1 1 1 1 1 1 1 1 1 1 1 1 1 1 1 1 1 1 1 1 1 1 1 1 1 1 1 1 1 1 1 1 1 1 1 1 1 1 1 1 1 1 1 1 1 1 1 1 1 1 1 1 1 1 1 1 1 1 1 1 1 1 1 1 1 1 1 1 1 1 1 1 1 1 1 1 1 1 1 1 1 1 1 1 1 1 1 1 1 1 1 1 1 1 1 1 1 1 1 1 1 1 1 1 1 1 1 1 1 1 1 1 1 1 1 1 1 1 1 1 1 1 1 1 1 1 1 1 1 1 1 1 1 1 1 1 1 1 1 1 1 1 1 1 1 1 1 1 1 1 1 1 1 1 1 1 1 1 1 1 1 1 1 1 1 1 1 1 1 1 1 1 1 1 1 1 1 1 1 1 1 1 1 1 1 1 1 1 1 1 1 1 1 1 1 1 1 1 1 1 1 1 1 1 1 1 1 1 1 1 1 1 1 1 1 1 1 1 1 1 1 1 1 1 1 1 1 1 1 1 1 1 1 1 1 1 1 1 1 1 1 1 1 1 1 1 1 1 1 1 1 1 1 1 1 1 1 1 1 1 1 1 1 1 1 1 1 1 1 1 1 1 1 1 1 1 1 1 1 1 1 1 1 1 1 1 1 1 1 1 1 1 1 1 1 1 1 1 1 1 1 1 1 1 1 1 1 1 1 1 1 1 1 1 1 1 1 1 1 1 1 1 1 1 1 1 1 1 1 1 1 1 1 1 1 1 1 1 1 1 1 1 1 1 1 1 1 1 1 1 1 1 1 1 1 1 1 1 1 1 1 1 1 1 1 1 1 1 1 1 1 1 1 1 1 1 1 1 1 1 1 1 1 1 1 1 1 1 1 1 1 1 1 1 1 1 1 1 1 1 1 1 1 1 1 1 1 1 1 1 1 1 1 1 1 1 1 1 1 1 1 1 1 1 1 1 1 1 1 1 1 1 1 1 1 1 1 1 1 1 1 1 1 1 1 1 1 1 1 1 1 1 1 1 1 1 1 1 1 1 1 1 1 1 1 1 1 1 1 1 1 1 1 1 1 1 1 1 1 1 1 1 1 1 1 1 1 1 1 1 1 1 1 1 1 1 1 1 1 1 1 1 1 1 1 1 1 1 1 1 1 1 1 1 1 1 1 1 1 1 1 1 1 1 1 1 1 1 1 1 1 1 1 1 1 1 1 1 1 1 1 1 1 1 1 1 1 1 1 1 1 1 1 1 1 1 1 1 1 1 1 1 1 1 1 1 1 1 1 1 1 1 1 1 1 1 1 1 1 1 1 1 1 1 1 1 1 1 1 1 1 1 1 1 1 1 1 1 1 1 1 1 1 1 1 1 1 1 1 1 1 1 1 1 1 1 1 1 1 1 1 1 1 1 1 1 1 1 1 1 1 1 1 1 1 1 1 1 1 1 1 1 1 1 1 1 1 1 1 1 1 1 1 1 1 1 1 1 1 1 1 1 1 1 1 1 1 1 1 1 1 1 1 1 1 1 1 1 1 1 1 1 1 1 1 1 1 1 1 1 1 1 1 1 1 1 1 1 1 1 1 1 1 1 1 1 1 1 1 1 1 1 1 1 1 1 1 1 1 1 1 1 1 1 1 1 1 1 1 1 1 1 1 1 1 1 1 1 1 1 1 1 1 1 1 1 1 1 1 1 1 1 1 1 1 1 1 1 1 1 1 1 1 1 1 1 1 1 1 1 1 1 1 1 1 1 1 1 1 1 1 1 1 1 1 1 1 1 1 1 1 1 1 1 1 1 1 1 1 1 1 1 1 1 1 1 1 1 1 1 1 1 1 1 1 1 1 1 1 1 1 1 1 1 1 1 1 1 1 1 1 1 1 1 1 1 1 1 1 1 1 1 1 1 1 1 1 1 1 1 1 1 1 1 1 1 1 1 1 1 1 1 1 1 1 1 1 1 1 1 1 1 1 1 1 1 1 1 1 1 1 1 1 1 1 1 1 1 1 1 1 1 1 1 1 1 1 1 1 1 1 1 1 1 1 1 1 1 1 1 1 1 1 1 1 1 1 1 1 1 1 1 1 1 1 1 1 1 1 1 1 1 1 1 1 1 1 1 1 1 1 1 1 1 1 1 1 1 1 1 1 1 1 1 1 1 1 1 1 1 1 1 1 1 1 1 1 1 1 1 1 1 1 1 1 1 1 1 1 1 1 1 1 1 1 1 1 1 1 1 1 1 1 1 1 1 1 1 1 1 1 1 1 1 1 1 1 1 1 1 1 1 1 1 1 1 1 1 1 1 1 1 1 1 1 1 1 1 1 1 1 1 1 1 1 1 1 1 1 1 1 1 1 1 1 1 1 1 1 1 1 1 1 1 1 1 1 1 1 1 1 1 1 1 1 1 1 1 1 1 1 1 1 1 1 1 1 1 1 1 1 1 1 1 1 1 1 1 1 1 1 1 1 1 1 1 1 1 1 1 1 1 1 1 1 1 1 1 1 1 1 1 1 1 1 1 1 1 1 1 1 1 1 1 1 1 1 1 1 1 1 1 1 1 1 1 1 1 1 1 1 1 1 1 1 1 1 1 1 1 1 1 1 1 1 1 1 1 1 1 1 1 1 1 1 1 1 1 1 1 1 1 1 1 1 1 1 1 1 1 1 1 1 1 1 1 1 1 1 1 1 1 1 1 1 1 1 1 1 1 1 1 1 1 1 1 1 1 1 1 1 1 1 1 1 1 1 1 1 1 1 1 1 1 1 1 1 1 1 1 1 1 1 1 1 1 1 1 1 1 1 1 1 1 1 1 1 1 1 1 1 1 1 1 1 1 1 1 1 1 1 1 1 1 1 1 1 1 1 1 1 1 1 1 1 1 1 1 1 1 1 1 1 1 1 1 1 1 1 1 1 1 1 1 1 1 1 1 1 1 1 1 1 1 1 1 1 1 1 1 1 1 1 1 1 1 1 1 1 1 1 1 1 1 1 1 1 1 1 1 1 1 1 1 1 1 1 1 1 1 1 1 1 1 1 1 1 1 1 1 1 1 1 1 1 1 1 1 1 1 1 1 1 1 1 1 1 1 1 1 1 1 1 1 1 1 1 1 1 1 1 1 1 1 1 1 1 1 1 1 1 1 1 1 1 1 1 1 1 1 1 1 1 1 1 1 1 1 1 1 1 1 1 1 1 1 1 1 1 1 1 1 1 1 1 1 1 1 1 1 1 1</float_array>
          <technique_common>
            <accessor source="#Sphere_010-mesh-colors-Col-array" count="2880" stride="4">
              <param name="R" type="float"/>
              <param name="G" type="float"/>
              <param name="B" type="float"/>
              <param name="A" type="float"/>
            </accessor>
          </technique_common>
        </source>
        <vertices id="Sphere_010-mesh-vertices">
          <input semantic="POSITION" source="#Sphere_010-mesh-positions"/>
        </vertices>
        <triangles material="egg01-material" count="960">
          <input semantic="VERTEX" source="#Sphere_010-mesh-vertices" offset="0"/>
          <input semantic="NORMAL" source="#Sphere_010-mesh-normals" offset="1"/>
          <input semantic="TEXCOORD" source="#Sphere_010-mesh-map-0" offset="2" set="0"/>
          <input semantic="COLOR" source="#Sphere_010-mesh-colors-Col" offset="3" set="0"/>
          <p>4 0 0 0 15 1 1 1 5 2 2 2 9 3 3 3 23 4 4 4 479 5 5 5 5 2 6 6 16 6 7 7 6 7 8 8 479 5 9 9 24 8 10 10 480 9 11 11 476 10 12 12 16 6 13 13 17 11 14 14 0 12 15 15 325 13 16 16 10 14 17 17 481 15 18 18 480 9 19 19 24 8 20 20 476 10 21 21 18 16 22 22 477 17 23 23 0 12 24 24 11 18 25 25 1 19 26 26 477 17 27 27 19 20 28 28 478 21 29 29 1 19 30 30 12 22 31 31 2 23 32 32 478 21 33 33 20 24 34 34 7 25 35 35 2 23 36 36 13 26 37 37 3 27 38 38 7 25 39 39 21 28 40 40 8 29 41 41 3 27 42 42 14 30 43 43 4 0 44 44 9 3 45 45 21 28 46 46 22 31 47 47 20 24 48 48 36 32 49 49 21 28 50 50 13 26 51 51 29 33 52 52 14 30 53 53 21 28 54 54 37 34 55 55 22 31 56 56 14 30 57 57 30 35 58 58 15 1 59 59 23 4 60 60 37 34 61 61 38 36 62 62 16 6 63 63 30 35 64 64 31 37 65 65 23 4 66 66 39 38 67 67 24 8 68 68 17 11 69 69 31 37 70 70 32 39 71 71 10 14 72 72 325 13 73 73 25 40 74 74 481 15 75 75 24 8 76 76 39 38 77 77 18 16 78 78 32 39 79 79 33 41 80 80 10 14 81 81 26 42 82 82 11 18 83 83 19 20 84 84 33 41 85 85 34 43 86 86 11 18 87 87 27 44 88 88 12 22 89 89 20 24 90 90 34 43 91 91 35 45 92 92 12 22 93 93 28 46 94 94 13 26 95 95 481 15 96 96 39 38 97 97 54 47 98 98 32 39 99 99 48 48 100 100 33 41 101 101 26 42 102 102 40 49 103 103 41 50 104 104 33 41 105 105 49 51 106 106 34 43 107 107 26 42 108 108 42 52 109 109 27 44 110 110 35 45 111 111 49 51 112 112 50 53 113 113 28 46 114 114 42 52 115 115 43 54 116 116 35 45 117 117 51 55 118 118 36 32 119 119 28 46 120 120 44 56 121 121 29 33 122 122 36 32 123 123 52 57 124 124 37 34 125 125 29 33 126 126 45 58 127 127 30 35 128 128 38 36 129 129 52 57 130 130 53 59 131 131 30 35 132 132 46 60 133 133 31 37 134 134 84 61 135 135 83 62 136 136 99 63 137 137 32 39 138 138 46 60 139 139 47 64 140 140 25 40 141 141 325 13 142 142 40 49 143 143 52 57 144 144 66 65 145 145 67 66 146 146 44 56 147 147 60 67 148 148 45 58 149 149 52 57 150 150 68 68 151 151 53 59 152 152 45 58 153 153 61 69 154 154 46 60 155 155 54 47 156 156 68 68 157 157 69 70 158 158 46 60 159 159 62 71 160 160 47 64 161 161 40 49 162 162 325 13 163 163 55 72 164 164 481 15 165 165 54 47 166 166 69 70 167 167 47 64 168 168 63 73 169 169 48 48 170 170 40 49 171 171 56 74 172 172 41 50 173 173 49 51 174 174 63 73 175 175 64 75 176 176 41 50 177 177 57 76 178 178 42 52 179 179 50 53 180 180 64 75 181 181 65 77 182 182 42 52 183 183 58 78 184 184 43 54 185 185 50 53 186 186 66 65 187 187 51 55 188 188 43 54 189 189 59 79 190 190 44 56 191 191 55 72 192 192 71 80 193 193 56 74 194 194 64 75 195 195 78 81 196 196 79 82 197 197 56 74 198 198 72 83 199 199 57 76 200 200 64 75 201 201 80 84 202 202 65 77 203 203 57 76 204 204 73 85 205 205 58 78 206 206 65 77 207 207 81 86 208 208 66 65 209 209 59 79 210 210 73 85 211 211 74 87 212 212 67 66 213 213 81 86 214 214 82 88 215 215 60 67 216 216 74 87 217 217 75 89 218 218 68 68 219 219 82 88 220 220 83 62 221 221 60 67 222 222 76 90 223 223 61 69 224 224 68 68 225 225 84 61 226 226 69 70 227 227 62 71 228 228 76 90 229 229 77 91 230 230 55 72 231 231 325 13 232 232 70 92 233 233 481 15 234 234 69 70 235 235 84 61 236 236 62 71 237 237 78 81 238 238 63 73 239 239 74 87 240 240 90 93 241 241 75 89 242 242 82 88 243 243 98 94 244 244 83 62 245 245 75 89 246 246 91 95 247 247 76 90 248 248 98 94 249 249 113 96 250 250 99 63 251 251 76 90 252 252 92 97 253 253 77 91 254 254 70 92 255 255 325 13 256 256 85 98 257 257 481 15 258 258 84 61 259 259 99 63 260 260 77 91 261 261 93 99 262 262 78 81 263 263 70 92 264 264 86 100 265 265 71 80 266 266 79 82 267 267 93 99 268 268 94 101 269 269 71 80 270 270 87 102 271 271 72 83 272 272 79 82 273 273 95 103 274 274 80 84 275 275 72 83 276 276 88 104 277 277 73 85 278 278 80 84 279 279 96 105 280 280 81 86 281 281 73 85 282 282 89 106 283 283 74 87 284 284 82 88 285 285 96 105 286 286 97 107 287 287 94 101 288 288 108 108 289 289 109 109 290 290 86 100 291 291 102 110 292 292 87 102 293 293 94 101 294 294 110 111 295 295 95 103 296 296 87 102 297 297 103 112 298 298 88 104 299 299 95 103 300 300 111 113 301 301 96 105 302 302 88 104 303 303 104 114 304 304 89 106 305 305 97 107 306 306 111 113 307 307 112 115 308 308 89 106 309 309 105 116 310 310 90 93 311 311 98 94 312 312 112 115 313 313 113 96 314 314 91 95 315 315 105 116 316 316 106 117 317 317 92 97 318 318 106 117 319 319 107 118 320 320 85 98 321 321 325 13 322 322 100 119 323 323 481 15 324 324 99 63 325 325 114 120 326 326 92 97 327 327 108 108 328 328 93 99 329 329 86 100 330 330 100 119 331 331 101 121 332 332 112 115 333 333 128 122 334 334 113 96 335 335 106 117 336 336 120 123 337 337 121 124 338 338 113 96 339 339 129 125 340 340 114 120 341 341 106 117 342 342 122 126 343 343 107 118 344 344 100 119 345 345 325 13 346 346 115 127 347 347 481 15 348 348 114 120 349 349 129 125 350 350 107 118 351 351 123 128 352 352 108 108 353 353 101 121 354 354 115 127 355 355 116 129 356 356 108 108 357 357 124 130 358 358 109 109 359 359 102 110 360 360 116 129 361 361 117 131 362 362 109 109 363 363 125 132 364 364 110 111 365 365 102 110 366 366 118 133 367 367 103 112 368 368 110 111 369 369 126 134 370 370 111 113 371 371 104 114 372 372 118 133 373 373 119 135 374 374 112 115 375 375 126 134 376 376 127 136 377 377 104 114 378 378 120 123 379 379 105 116 380 380 116 129 381 381 132 137 382 382 117 131 383 383 124 130 384 384 140 138 385 385 125 132 386 386 117 131 387 387 133 139 388 388 118 133 389 389 125 132 390 390 141 140 391 391 126 134 392 392 119 135 393 393 133 139 394 394 134 141 395 395 127 136 396 396 141 140 397 397 142 142 398 398 119 135 399 399 135 143 400 400 120 123 401 401 127 136 402 402 143 144 403 403 128 122 404 404 120 123 405 405 136 145 406 406 121 124 407 407 128 122 408 408 144 146 409 409 129 125 410 410 121 124 411 411 137 147 412 412 122 126 413 413 115 127 414 414 325 13 415 415 130 148 416 416 481 15 417 417 129 125 418 418 144 146 419 419 122 126 420 420 138 149 421 421 123 128 422 422 116 129 423 423 130 148 424 424 131 150 425 425 123 128 426 426 139 151 427 427 124 130 428 428 135 143 429 429 151 152 430 430 136 145 431 431 143 144 432 432 159 153 433 433 144 146 434 434 137 147 435 435 151 152 436 436 152 154 437 437 130 148 438 438 325 13 439 439 145 155 440 440 481 15 441 441 144 146 442 442 159 153 443 443 137 147 444 444 153 156 445 445 138 149 446 446 131 150 447 447 145 155 448 448 146 157 449 449 139 151 450 450 153 156 451 451 154 158 452 452 131 150 453 453 147 159 454 454 132 137 455 455 139 151 456 456 155 160 457 457 140 138 458 458 132 137 459 459 148 161 460 460 133 139 461 461 140 138 462 462 156 162 463 463 141 140 464 464 133 139 465 465 149 163 466 466 134 141 467 467 142 142 468 468 156 162 469 469 157 164 470 470 134 141 471 471 150 165 472 472 135 143 473 473 142 142 474 474 158 166 475 475 143 144 476 476 154 158 477 477 170 167 478 478 155 160 479 479 147 159 480 480 163 168 481 481 148 161 482 482 155 160 483 483 171 169 484 484 156 162 485 485 149 163 486 486 163 168 487 487 164 170 488 488 157 164 489 489 171 169 490 490 172 171 491 491 149 163 492 492 165 172 493 493 150 165 494 494 157 164 495 495 173 173 496 496 158 166 497 497 151 152 498 498 165 172 499 499 166 174 500 500 159 153 501 501 173 173 502 502 174 175 503 503 152 154 504 504 166 174 505 505 167 176 506 506 145 155 507 507 325 13 508 508 160 177 509 509 481 15 510 510 159 153 511 511 174 175 512 512 152 154 513 513 168 178 514 514 153 156 515 515 145 155 516 516 161 179 517 517 146 157 518 518 154 158 519 519 168 178 520 520 169 180 521 521 146 157 522 522 162 181 523 523 147 159 524 524 173 173 525 525 189 182 526 526 174 175 527 527 167 176 528 528 181 183 529 529 182 184 530 530 160 177 531 531 325 13 532 532 175 185 533 533 481 15 534 534 174 175 535 535 189 182 536 536 167 176 537 537 183 186 538 538 168 178 539 539 169 180 540 540 183 186 541 541 184 187 542 542 161 179 543 543 177 188 544 544 162 181 545 545 169 180 546 546 185 189 547 547 170 167 548 548 163 168 549 549 177 188 550 550 178 190 551 551 170 167 552 552 186 191 553 553 171 169 554 554 163 168 555 555 179 192 556 556 164 170 557 557 172 171 558 558 186 191 559 559 187 193 560 560 164 170 561 561 180 194 562 562 165 172 563 563 173 173 564 564 187 193 565 565 188 195 566 566 165 172 567 567 181 183 568 568 166 174 569 569 185 189 570 570 201 196 571 571 186 191 572 572 179 192 573 573 193 197 574 574 194 198 575 575 186 191 576 576 202 199 577 577 187 193 578 578 179 192 579 579 195 200 580 580 180 194 581 581 187 193 582 582 203 201 583 583 188 195 584 584 180 194 585 585 196 202 586 586 181 183 587 587 188 195 588 588 204 203 589 589 189 182 590 590 182 184 591 591 196 202 592 592 197 204 593 593 175 185 594 594 325 13 595 595 190 205 596 596 481 15 597 597 189 182 598 598 204 203 599 599 182 184 600 600 198 206 601 601 183 186 602 602 175 185 603 603 191 207 604 604 176 208 605 605 183 186 606 606 199 209 607 607 184 187 608 608 176 208 609 609 192 210 610 610 177 188 611 611 184 187 612 612 200 211 613 613 185 189 614 614 177 188 615 615 193 197 616 616 178 190 617 617 190 205 618 618 325 13 619 619 205 212 620 620 481 15 621 621 204 203 622 622 219 213 623 623 197 204 624 624 213 214 625 625 198 206 626 626 190 205 627 627 206 215 628 628 191 207 629 629 198 206 630 630 214 216 631 631 199 209 632 632 191 207 633 633 207 217 634 634 192 210 635 635 199 209 636 636 215 218 637 637 200 211 638 638 192 210 639 639 208 219 640 640 193 197 641 641 200 211 642 642 216 220 643 643 201 196 644 644 193 197 645 645 209 221 646 646 194 198 647 647 202 199 648 648 216 220 649 649 217 222 650 650 194 198 651 651 210 223 652 652 195 200 653 653 202 199 654 654 218 224 655 655 203 201 656 656 196 202 657 657 210 223 658 658 211 225 659 659 399 226 660 660 414 227 661 661 400 228 662 662 197 204 663 663 211 225 664 664 212 229 665 665 209 221 666 666 223 230 667 667 224 231 668 668 217 222 669 669 231 232 670 670 232 233 671 671 209 221 672 672 225 234 673 673 210 223 674 674 217 222 675 675 233 235 676 676 218 224 677 677 211 225 678 678 225 234 679 679 226 236 680 680 219 213 681 681 233 235 682 682 234 237 683 683 212 229 684 684 226 236 685 685 227 238 686 686 205 212 687 687 325 13 688 688 220 239 689 689 481 15 690 690 219 213 691 691 234 237 692 692 212 229 693 693 228 240 694 694 213 214 695 695 205 212 696 696 221 241 697 697 206 215 698 698 214 216 699 699 228 240 700 700 229 242 701 701 206 215 702 702 222 243 703 703 207 217 704 704 214 216 705 705 230 244 706 706 215 218 707 707 207 217 708 708 223 230 709 709 208 219 710 710 215 218 711 711 231 232 712 712 216 220 713 713 227 238 714 714 243 245 715 715 228 240 716 716 221 241 717 717 235 246 718 718 236 247 719 719 229 242 720 720 243 245 721 721 244 248 722 722 221 241 723 723 237 249 724 724 222 243 725 725 229 242 726 726 245 250 727 727 230 244 728 728 222 243 729 729 238 251 730 730 223 230 731 731 230 244 732 732 246 252 733 733 231 232 734 734 224 231 735 735 238 251 736 736 239 253 737 737 232 233 738 738 246 252 739 739 247 254 740 740 224 231 741 741 240 255 742 742 225 234 743 743 232 233 744 744 248 256 745 745 233 235 746 746 225 234 747 747 241 257 748 748 226 236 749 749 234 237 750 750 248 256 751 751 249 258 752 752 227 238 753 753 241 257 754 754 242 259 755 755 220 239 756 756 325 13 757 757 235 246 758 758 481 15 759 759 234 237 760 760 249 258 761 761 247 254 762 762 261 260 763 763 262 261 764 764 239 253 765 765 255 262 766 766 240 255 767 767 247 254 768 768 263 263 769 769 248 256 770 770 241 257 771 771 255 262 772 772 256 264 773 773 248 256 774 774 264 265 775 775 249 258 776 776 242 259 777 777 256 264 778 778 257 266 779 779 235 246 780 780 325 13 781 781 250 267 782 782 481 15 783 783 249 258 784 784 264 265 785 785 242 259 786 786 258 268 787 787 243 245 788 788 235 246 789 789 251 269 790 790 236 247 791 791 244 248 792 792 258 268 793 793 259 270 794 794 236 247 795 795 252 271 796 796 237 249 797 797 244 248 798 798 260 272 799 799 245 250 800 800 237 249 801 801 253 273 802 802 238 251 803 803 245 250 804 804 261 260 805 805 246 252 806 806 238 251 807 807 254 274 808 808 239 253 809 809 250 267 810 810 266 275 811 811 251 269 812 812 258 268 813 813 274 276 814 814 259 270 815 815 251 269 816 816 267 277 817 817 252 271 818 818 259 270 819 819 275 278 820 820 260 272 821 821 252 271 822 822 268 279 823 823 253 273 824 824 260 272 825 825 276 280 826 826 261 260 827 827 253 273 828 828 269 281 829 829 254 274 830 830 262 261 831 831 276 280 832 832 277 282 833 833 254 274 834 834 270 283 835 835 255 262 836 836 262 261 837 837 278 284 838 838 263 263 839 839 256 264 840 840 270 283 841 841 271 285 842 842 263 263 843 843 279 286 844 844 264 265 845 845 257 266 846 846 271 285 847 847 272 287 848 848 250 267 849 849 325 13 850 850 265 288 851 851 481 15 852 852 264 265 853 853 279 286 854 854 257 266 855 855 273 289 856 856 258 268 857 857 269 281 858 858 285 290 859 859 270 283 860 860 277 282 861 861 293 291 862 862 278 284 863 863 271 285 864 864 285 290 865 865 286 292 866 866 279 286 867 867 293 291 868 868 294 293 869 869 272 287 870 870 286 292 871 871 287 294 872 872 265 288 873 873 325 13 874 874 280 295 875 875 481 15 876 876 279 286 877 877 294 293 878 878 272 287 879 879 288 296 880 880 273 289 881 881 265 288 882 882 281 297 883 883 266 275 884 884 273 289 885 885 289 298 886 886 274 276 887 887 266 275 888 888 282 299 889 889 267 277 890 890 274 276 891 891 290 300 892 892 275 278 893 893 267 277 894 894 283 301 895 895 268 279 896 896 275 278 897 897 291 302 898 898 276 280 899 899 268 279 900 900 284 303 901 901 269 281 902 902 277 282 903 903 291 302 904 904 292 304 905 905 289 298 906 906 303 305 907 907 304 306 908 908 281 297 909 909 297 307 910 910 282 299 911 911 289 298 912 912 305 308 913 913 290 300 914 914 282 299 915 915 298 309 916 916 283 301 917 917 290 300 918 918 306 310 919 919 291 302 920 920 284 303 921 921 298 309 922 922 299 311 923 923 292 304 924 924 306 310 925 925 307 312 926 926 285 290 927 927 299 311 928 928 300 313 929 929 292 304 930 930 308 314 931 931 293 291 932 932 286 292 933 933 300 313 934 934 301 315 935 935 293 291 936 936 309 316 937 937 294 293 938 938 287 294 939 939 301 315 940 940 302 317 941 941 280 295 942 942 325 13 943 943 295 318 944 944 481 15 945 945 294 293 946 946 309 316 947 947 287 294 948 948 303 305 949 949 288 296 950 950 281 297 951 951 295 318 952 952 296 319 953 953 307 312 954 954 323 320 955 955 308 314 956 956 300 313 957 957 316 321 958 958 301 315 959 959 308 314 960 960 324 322 961 961 309 316 962 962 302 317 963 963 316 321 964 964 317 323 965 965 295 318 966 966 325 13 967 967 310 324 968 968 481 15 969 969 309 316 970 970 324 322 971 971 302 317 972 972 318 325 973 973 303 305 974 974 295 318 975 975 311 326 976 976 296 319 977 977 304 306 978 978 318 325 979 979 319 327 980 980 297 307 981 981 311 326 982 982 312 328 983 983 304 306 984 984 320 329 985 985 305 308 986 986 297 307 987 987 313 330 988 988 298 309 989 989 305 308 990 990 321 331 991 991 306 310 992 992 299 311 993 993 313 330 994 994 314 332 995 995 307 312 996 996 321 331 997 997 322 333 998 998 300 313 999 999 314 332 1000 1000 315 334 1001 1001 319 327 1002 1002 336 335 1003 1003 320 329 1004 1004 312 328 1005 1005 329 336 1006 1006 313 330 1007 1007 320 329 1008 1008 337 337 1009 1009 321 331 1010 1010 313 330 1011 1011 330 338 1012 1012 314 332 1013 1013 322 333 1014 1014 337 337 1015 1015 338 339 1016 1016 314 332 1017 1017 331 340 1018 1018 315 334 1019 1019 322 333 1020 1020 339 341 1021 1021 323 320 1022 1022 315 334 1023 1023 332 342 1024 1024 316 321 1025 1025 323 320 1026 1026 340 343 1027 1027 324 322 1028 1028 317 323 1029 1029 332 342 1030 1030 333 344 1031 1031 310 324 1032 1032 325 13 1033 1033 326 345 1034 1034 481 15 1035 1035 324 322 1036 1036 340 343 1037 1037 317 323 1038 1038 334 346 1039 1039 318 325 1040 1040 310 324 1041 1041 327 347 1042 1042 311 326 1043 1043 319 327 1044 1044 334 346 1045 1045 335 348 1046 1046 311 326 1047 1047 328 349 1048 1048 312 328 1049 1049 340 343 1050 1050 354 350 1051 1051 355 351 1052 1052 333 344 1053 1053 347 352 1054 1054 348 353 1055 1055 326 345 1056 1056 325 13 1057 1057 341 354 1058 1058 481 15 1059 1059 340 343 1060 1060 355 351 1061 1061 333 344 1062 1062 349 355 1063 1063 334 346 1064 1064 326 345 1065 1065 342 356 1066 1066 327 347 1067 1067 335 348 1068 1068 349 355 1069 1069 350 357 1070 1070 327 347 1071 1071 343 358 1072 1072 328 349 1073 1073 335 348 1074 1074 351 359 1075 1075 336 335 1076 1076 328 349 1077 1077 344 360 1078 1078 329 336 1079 1079 337 337 1080 1080 351 359 1081 1081 352 361 1082 1082 330 338 1083 1083 344 360 1084 1084 345 362 1085 1085 338 339 1086 1086 352 361 1087 1087 353 363 1088 1088 331 340 1089 1089 345 362 1090 1090 346 364 1091 1091 338 339 1092 1092 354 350 1093 1093 339 341 1094 1094 332 342 1095 1095 346 364 1096 1096 347 352 1097 1097 343 358 1098 1098 359 365 1099 1099 344 360 1100 1100 351 359 1101 1101 367 366 1102 1102 352 361 1103 1103 344 360 1104 1104 360 367 1105 1105 345 362 1106 1106 353 363 1107 1107 367 366 1108 1108 368 368 1109 1109 346 364 1110 1110 360 367 1111 1111 361 369 1112 1112 353 363 1113 1113 369 370 1114 1114 354 350 1115 1115 346 364 1116 1116 362 371 1117 1117 347 352 1118 1118 355 351 1119 1119 369 370 1120 1120 370 372 1121 1121 348 353 1122 1122 362 371 1123 1123 363 373 1124 1124 341 354 1125 1125 325 13 1126 1126 356 374 1127 1127 481 15 1128 1128 355 351 1129 1129 370 372 1130 1130 348 353 1131 1131 364 375 1132 1132 349 355 1133 1133 175 185 1134 1134 161 179 1135 1135 160 177 1136 1136 350 357 1137 1137 364 375 1138 1138 365 376 1139 1139 342 356 1140 1140 358 377 1141 1141 343 358 1142 1142 350 357 1143 1143 366 378 1144 1144 351 359 1145 1145 363 373 1146 1146 377 379 1147 1147 378 380 1148 1148 356 374 1149 1149 325 13 1150 1150 371 381 1151 1151 481 15 1152 1152 370 372 1153 1153 385 382 1154 1154 363 373 1155 1155 379 383 1156 1156 364 375 1157 1157 356 374 1158 1158 372 384 1159 1159 357 385 1160 1160 365 376 1161 1161 379 383 1162 1162 380 386 1163 1163 357 385 1164 1164 373 387 1165 1165 358 377 1166 1166 365 376 1167 1167 381 388 1168 1168 366 378 1169 1169 358 377 1170 1170 374 389 1171 1171 359 365 1172 1172 366 378 1173 1173 382 390 1174 1174 367 366 1175 1175 359 365 1176 1176 375 391 1177 1177 360 367 1178 1178 368 368 1179 1179 382 390 1180 1180 383 392 1181 1181 360 367 1182 1182 376 393 1183 1183 361 369 1184 1184 368 368 1185 1185 384 394 1186 1186 369 370 1187 1187 361 369 1188 1188 377 379 1189 1189 362 371 1190 1190 370 372 1191 1191 384 394 1192 1192 385 382 1193 1193 381 388 1194 1194 397 395 1195 1195 382 390 1196 1196 375 391 1197 1197 389 396 1198 1198 390 397 1199 1199 383 392 1200 1200 397 395 1201 1201 398 398 1202 1202 376 393 1203 1203 390 397 1204 1204 391 399 1205 1205 383 392 1206 1206 399 226 1207 1207 384 394 1208 1208 376 393 1209 1209 392 400 1210 1210 377 379 1211 1211 384 394 1212 1212 400 228 1213 1213 385 382 1214 1214 378 380 1215 1215 392 400 1216 1216 393 401 1217 1217 371 381 1218 1218 325 13 1219 1219 386 402 1220 1220 481 15 1221 1221 385 382 1222 1222 400 228 1223 1223 378 380 1224 1224 394 403 1225 1225 379 383 1226 1226 371 381 1227 1227 387 404 1228 1228 372 384 1229 1229 380 386 1230 1230 394 403 1231 1231 395 405 1232 1232 372 384 1233 1233 388 406 1234 1234 373 387 1235 1235 380 386 1236 1236 396 407 1237 1237 381 388 1238 1238 373 387 1239 1239 389 396 1240 1240 374 389 1241 1241 386 402 1242 1242 325 13 1243 1243 401 408 1244 1244 481 15 1245 1245 400 228 1246 1246 415 409 1247 1247 393 401 1248 1248 409 410 1249 1249 394 403 1250 1250 386 402 1251 1251 402 411 1252 1252 387 404 1253 1253 395 405 1254 1254 409 410 1255 1255 410 412 1256 1256 387 404 1257 1257 403 413 1258 1258 388 406 1259 1259 395 405 1260 1260 411 414 1261 1261 396 407 1262 1262 388 406 1263 1263 404 415 1264 1264 389 396 1265 1265 396 407 1266 1266 412 416 1267 1267 397 395 1268 1268 390 397 1269 1269 404 415 1270 1270 405 417 1271 1271 397 395 1272 1272 413 418 1273 1273 398 398 1274 1274 390 397 1275 1275 406 419 1276 1276 391 399 1277 1277 398 398 1278 1278 414 227 1279 1279 399 226 1280 1280 391 399 1281 1281 407 420 1282 1282 392 400 1283 1283 459 421 1284 1284 474 422 1285 1285 460 423 1286 1286 393 401 1287 1287 407 420 1288 1288 408 424 1289 1289 404 415 1290 1290 420 425 1291 1291 405 417 1292 1292 413 418 1293 1293 427 426 1294 1294 428 427 1295 1295 405 417 1296 1296 421 428 1297 1297 406 419 1298 1298 414 227 1299 1299 428 427 1300 1300 429 429 1301 1301 407 420 1302 1302 421 428 1303 1303 422 430 1304 1304 415 409 1305 1305 429 429 1306 1306 430 431 1307 1307 408 424 1308 1308 422 430 1309 1309 423 432 1310 1310 401 408 1311 1311 325 13 1312 1312 416 433 1313 1313 481 15 1314 1314 415 409 1315 1315 430 431 1316 1316 408 424 1317 1317 424 434 1318 1318 409 410 1319 1319 401 408 1320 1320 417 435 1321 1321 402 411 1322 1322 409 410 1323 1323 425 436 1324 1324 410 412 1325 1325 402 411 1326 1326 418 437 1327 1327 403 413 1328 1328 410 412 1329 1329 426 438 1330 1330 411 414 1331 1331 403 413 1332 1332 419 439 1333 1333 404 415 1334 1334 411 414 1335 1335 427 426 1336 1336 412 416 1337 1337 423 432 1338 1338 439 440 1339 1339 424 434 1340 1340 417 435 1341 1341 431 441 1342 1342 432 442 1343 1343 424 434 1344 1344 440 443 1345 1345 425 436 1346 1346 417 435 1347 1347 433 444 1348 1348 418 437 1349 1349 425 436 1350 1350 441 445 1351 1351 426 438 1352 1352 418 437 1353 1353 434 446 1354 1354 419 439 1355 1355 426 438 1356 1356 442 447 1357 1357 427 426 1358 1358 419 439 1359 1359 435 448 1360 1360 420 425 1361 1361 428 427 1362 1362 442 447 1363 1363 443 449 1364 1364 421 428 1365 1365 435 448 1366 1366 436 450 1367 1367 428 427 1368 1368 444 451 1369 1369 429 429 1370 1370 422 430 1371 1371 436 450 1372 1372 437 452 1373 1373 430 431 1374 1374 444 451 1375 1375 445 453 1376 1376 423 432 1377 1377 437 452 1378 1378 438 454 1379 1379 416 433 1380 1380 325 13 1381 1381 431 441 1382 1382 481 15 1383 1383 430 431 1384 1384 445 453 1385 1385 443 449 1386 1386 457 455 1387 1387 458 456 1388 1388 435 448 1389 1389 451 457 1390 1390 436 450 1391 1391 443 449 1392 1392 459 421 1393 1393 444 451 1394 1394 436 450 1395 1395 452 458 1396 1396 437 452 1397 1397 444 451 1398 1398 460 423 1399 1399 445 453 1400 1400 438 454 1401 1401 452 458 1402 1402 453 459 1403 1403 431 441 1404 1404 325 13 1405 1405 446 460 1406 1406 481 15 1407 1407 445 453 1408 1408 460 423 1409 1409 438 454 1410 1410 454 461 1411 1411 439 440 1412 1412 432 442 1413 1413 446 460 1414 1414 447 462 1415 1415 439 440 1416 1416 455 463 1417 1417 440 443 1418 1418 432 442 1419 1419 448 464 1420 1420 433 444 1421 1421 440 443 1422 1422 456 465 1423 1423 441 445 1424 1424 433 444 1425 1425 449 466 1426 1426 434 446 1427 1427 442 447 1428 1428 456 465 1429 1429 457 455 1430 1430 434 446 1431 1431 450 467 1432 1432 435 448 1433 1433 454 461 1434 1434 470 468 1435 1435 455 463 1436 1436 447 462 1437 1437 463 469 1438 1438 448 464 1439 1439 455 463 1440 1440 471 470 1441 1441 456 465 1442 1442 449 466 1443 1443 463 469 1444 1444 464 471 1445 1445 456 465 1446 1446 472 472 1447 1447 457 455 1448 1448 450 467 1449 1449 464 471 1450 1450 465 473 1451 1451 458 456 1452 1452 472 472 1453 1453 473 474 1454 1454 450 467 1455 1455 466 475 1456 1456 451 457 1457 1457 458 456 1458 1458 474 422 1459 1459 459 421 1460 1460 452 458 1461 1461 466 475 1462 1462 467 476 1463 1463 38 36 1464 1464 53 59 1465 1465 39 38 1466 1466 453 459 1467 1467 467 476 1468 1468 468 477 1469 1469 446 460 1470 1470 325 13 1471 1471 461 478 1472 1472 481 15 1473 1473 460 423 1474 1474 475 479 1475 1475 453 459 1476 1476 469 480 1477 1477 454 461 1478 1478 447 462 1479 1479 461 478 1480 1480 462 481 1481 1481 473 474 1482 1482 479 5 1483 1483 474 422 1484 1484 467 476 1485 1485 5 2 1486 1486 6 7 1487 1487 474 422 1488 1488 480 9 1489 1489 475 479 1490 1490 468 477 1491 1491 6 7 1492 1492 476 10 1493 1493 461 478 1494 1494 325 13 1495 1495 0 12 1496 1496 481 15 1497 1497 475 479 1498 1498 480 9 1499 1499 468 477 1500 1500 477 17 1501 1501 469 480 1502 1502 462 481 1503 1503 0 12 1504 1504 1 19 1505 1505 469 480 1506 1506 478 21 1507 1507 470 468 1508 1508 463 469 1509 1509 1 19 1510 1510 2 23 1511 1511 470 468 1512 1512 7 25 1513 1513 471 470 1514 1514 464 471 1515 1515 2 23 1516 1516 3 27 1517 1517 471 470 1518 1518 8 29 1519 1519 472 472 1520 1520 465 473 1521 1521 3 27 1522 1522 4 0 1523 1523 472 472 1524 1524 9 3 1525 1525 473 474 1526 1526 466 475 1527 1527 4 0 1528 1528 5 2 1529 1529 4 0 1530 1530 14 30 1531 1531 15 1 1532 1532 9 3 1533 1533 22 31 1534 1534 23 4 1535 1535 5 2 1536 1536 15 1 1537 1537 16 6 1538 1538 479 5 1539 1539 23 4 1540 1540 24 8 1541 1541 476 10 1542 1542 6 7 1543 1543 16 6 1544 1544 476 10 1545 1545 17 11 1546 1546 18 16 1547 1547 0 12 1548 1548 10 14 1549 1549 11 18 1550 1550 477 17 1551 1551 18 16 1552 1552 19 20 1553 1553 1 19 1554 1554 11 18 1555 1555 12 22 1556 1556 478 21 1557 1557 19 20 1558 1558 20 24 1559 1559 2 23 1560 1560 12 22 1561 1561 13 26 1562 1562 7 25 1563 1563 20 24 1564 1564 21 28 1565 1565 3 27 1566 1566 13 26 1567 1567 14 30 1568 1568 9 3 1569 1569 8 29 1570 1570 21 28 1571 1571 20 24 1572 1572 35 45 1573 1573 36 32 1574 1574 13 26 1575 1575 28 46 1576 1576 29 33 1577 1577 21 28 1578 1578 36 32 1579 1579 37 34 1580 1580 14 30 1581 1581 29 33 1582 1582 30 35 1583 1583 23 4 1584 1584 22 31 1585 1585 37 34 1586 1586 16 6 1587 1587 15 1 1588 1588 30 35 1589 1589 23 4 1590 1590 38 36 1591 1591 39 38 1592 1592 17 11 1593 1593 16 6 1594 1594 31 37 1595 1595 18 16 1596 1596 17 11 1597 1597 32 39 1598 1598 10 14 1599 1599 25 40 1600 1600 26 42 1601 1601 19 20 1602 1602 18 16 1603 1603 33 41 1604 1604 11 18 1605 1605 26 42 1606 1606 27 44 1607 1607 20 24 1608 1608 19 20 1609 1609 34 43 1610 1610 12 22 1611 1611 27 44 1612 1612 28 46 1613 1613 32 39 1614 1614 47 64 1615 1615 48 48 1616 1616 26 42 1617 1617 25 40 1618 1618 40 49 1619 1619 33 41 1620 1620 48 48 1621 1621 49 51 1622 1622 26 42 1623 1623 41 50 1624 1624 42 52 1625 1625 35 45 1626 1626 34 43 1627 1627 49 51 1628 1628 28 46 1629 1629 27 44 1630 1630 42 52 1631 1631 35 45 1632 1632 50 53 1633 1633 51 55 1634 1634 28 46 1635 1635 43 54 1636 1636 44 56 1637 1637 36 32 1638 1638 51 55 1639 1639 52 57 1640 1640 29 33 1641 1641 44 56 1642 1642 45 58 1643 1643 38 36 1644 1644 37 34 1645 1645 52 57 1646 1646 30 35 1647 1647 45 58 1648 1648 46 60 1649 1649 39 38 1650 1650 53 59 1651 1651 54 47 1652 1652 32 39 1653 1653 31 37 1654 1654 46 60 1655 1655 52 57 1656 1656 51 55 1657 1657 66 65 1658 1658 44 56 1659 1659 59 79 1660 1660 60 67 1661 1661 52 57 1662 1662 67 66 1663 1663 68 68 1664 1664 45 58 1665 1665 60 67 1666 1666 61 69 1667 1667 54 47 1668 1668 53 59 1669 1669 68 68 1670 1670 46 60 1671 1671 61 69 1672 1672 62 71 1673 1673 47 64 1674 1674 62 71 1675 1675 63 73 1676 1676 40 49 1677 1677 55 72 1678 1678 56 74 1679 1679 49 51 1680 1680 48 48 1681 1681 63 73 1682 1682 41 50 1683 1683 56 74 1684 1684 57 76 1685 1685 50 53 1686 1686 49 51 1687 1687 64 75 1688 1688 42 52 1689 1689 57 76 1690 1690 58 78 1691 1691 50 53 1692 1692 65 77 1693 1693 66 65 1694 1694 43 54 1695 1695 58 78 1696 1696 59 79 1697 1697 55 72 1698 1698 70 92 1699 1699 71 80 1700 1700 64 75 1701 1701 63 73 1702 1702 78 81 1703 1703 56 74 1704 1704 71 80 1705 1705 72 83 1706 1706 64 75 1707 1707 79 82 1708 1708 80 84 1709 1709 57 76 1710 1710 72 83 1711 1711 73 85 1712 1712 65 77 1713 1713 80 84 1714 1714 81 86 1715 1715 59 79 1716 1716 58 78 1717 1717 73 85 1718 1718 67 66 1719 1719 66 65 1720 1720 81 86 1721 1721 60 67 1722 1722 59 79 1723 1723 74 87 1724 1724 68 68 1725 1725 67 66 1726 1726 82 88 1727 1727 60 67 1728 1728 75 89 1729 1729 76 90 1730 1730 68 68 1731 1731 83 62 1732 1732 84 61 1733 1733 62 71 1734 1734 61 69 1735 1735 76 90 1736 1736 62 71 1737 1737 77 91 1738 1738 78 81 1739 1739 74 87 1740 1740 89 106 1741 1741 90 93 1742 1742 82 88 1743 1743 97 107 1744 1744 98 94 1745 1745 75 89 1746 1746 90 93 1747 1747 91 95 1748 1748 99 63 1749 1749 83 62 1750 1750 98 94 1751 1751 76 90 1752 1752 91 95 1753 1753 92 97 1754 1754 77 91 1755 1755 92 97 1756 1756 93 99 1757 1757 70 92 1758 1758 85 98 1759 1759 86 100 1760 1760 79 82 1761 1761 78 81 1762 1762 93 99 1763 1763 71 80 1764 1764 86 100 1765 1765 87 102 1766 1766 79 82 1767 1767 94 101 1768 1768 95 103 1769 1769 72 83 1770 1770 87 102 1771 1771 88 104 1772 1772 80 84 1773 1773 95 103 1774 1774 96 105 1775 1775 73 85 1776 1776 88 104 1777 1777 89 106 1778 1778 82 88 1779 1779 81 86 1780 1780 96 105 1781 1781 94 101 1782 1782 93 99 1783 1783 108 108 1784 1784 86 100 1785 1785 101 121 1786 1786 102 110 1787 1787 94 101 1788 1788 109 109 1789 1789 110 111 1790 1790 87 102 1791 1791 102 110 1792 1792 103 112 1793 1793 95 103 1794 1794 110 111 1795 1795 111 113 1796 1796 88 104 1797 1797 103 112 1798 1798 104 114 1799 1799 97 107 1800 1800 96 105 1801 1801 111 113 1802 1802 89 106 1803 1803 104 114 1804 1804 105 116 1805 1805 98 94 1806 1806 97 107 1807 1807 112 115 1808 1808 91 95 1809 1809 90 93 1810 1810 105 116 1811 1811 99 63 1812 1812 113 96 1813 1813 114 120 1814 1814 92 97 1815 1815 91 95 1816 1816 106 117 1817 1817 92 97 1818 1818 107 118 1819 1819 108 108 1820 1820 86 100 1821 1821 85 98 1822 1822 100 119 1823 1823 112 115 1824 1824 127 136 1825 1825 128 122 1826 1826 106 117 1827 1827 105 116 1828 1828 120 123 1829 1829 113 96 1830 1830 128 122 1831 1831 129 125 1832 1832 106 117 1833 1833 121 124 1834 1834 122 126 1835 1835 107 118 1836 1836 122 126 1837 1837 123 128 1838 1838 101 121 1839 1839 100 119 1840 1840 115 127 1841 1841 108 108 1842 1842 123 128 1843 1843 124 130 1844 1844 102 110 1845 1845 101 121 1846 1846 116 129 1847 1847 109 109 1848 1848 124 130 1849 1849 125 132 1850 1850 102 110 1851 1851 117 131 1852 1852 118 133 1853 1853 110 111 1854 1854 125 132 1855 1855 126 134 1856 1856 104 114 1857 1857 103 112 1858 1858 118 133 1859 1859 112 115 1860 1860 111 113 1861 1861 126 134 1862 1862 104 114 1863 1863 119 135 1864 1864 120 123 1865 1865 116 129 1866 1866 131 150 1867 1867 132 137 1868 1868 124 130 1869 1869 139 151 1870 1870 140 138 1871 1871 117 131 1872 1872 132 137 1873 1873 133 139 1874 1874 125 132 1875 1875 140 138 1876 1876 141 140 1877 1877 119 135 1878 1878 118 133 1879 1879 133 139 1880 1880 127 136 1881 1881 126 134 1882 1882 141 140 1883 1883 119 135 1884 1884 134 141 1885 1885 135 143 1886 1886 127 136 1887 1887 142 142 1888 1888 143 144 1889 1889 120 123 1890 1890 135 143 1891 1891 136 145 1892 1892 128 122 1893 1893 143 144 1894 1894 144 146 1895 1895 121 124 1896 1896 136 145 1897 1897 137 147 1898 1898 122 126 1899 1899 137 147 1900 1900 138 149 1901 1901 116 129 1902 1902 115 127 1903 1903 130 148 1904 1904 123 128 1905 1905 138 149 1906 1906 139 151 1907 1907 135 143 1908 1908 150 165 1909 1909 151 152 1910 1910 143 144 1911 1911 158 166 1912 1912 159 153 1913 1913 137 147 1914 1914 136 145 1915 1915 151 152 1916 1916 137 147 1917 1917 152 154 1918 1918 153 156 1919 1919 131 150 1920 1920 130 148 1921 1921 145 155 1922 1922 139 151 1923 1923 138 149 1924 1924 153 156 1925 1925 131 150 1926 1926 146 157 1927 1927 147 159 1928 1928 139 151 1929 1929 154 158 1930 1930 155 160 1931 1931 132 137 1932 1932 147 159 1933 1933 148 161 1934 1934 140 138 1935 1935 155 160 1936 1936 156 162 1937 1937 133 139 1938 1938 148 161 1939 1939 149 163 1940 1940 142 142 1941 1941 141 140 1942 1942 156 162 1943 1943 134 141 1944 1944 149 163 1945 1945 150 165 1946 1946 142 142 1947 1947 157 164 1948 1948 158 166 1949 1949 154 158 1950 1950 169 180 1951 1951 170 167 1952 1952 147 159 1953 1953 162 181 1954 1954 163 168 1955 1955 155 160 1956 1956 170 167 1957 1957 171 169 1958 1958 149 163 1959 1959 148 161 1960 1960 163 168 1961 1961 157 164 1962 1962 156 162 1963 1963 171 169 1964 1964 149 163 1965 1965 164 170 1966 1966 165 172 1967 1967 157 164 1968 1968 172 171 1969 1969 173 173 1970 1970 151 152 1971 1971 150 165 1972 1972 165 172 1973 1973 159 153 1974 1974 158 166 1975 1975 173 173 1976 1976 152 154 1977 1977 151 152 1978 1978 166 174 1979 1979 152 154 1980 1980 167 176 1981 1981 168 178 1982 1982 145 155 1983 1983 160 177 1984 1984 161 179 1985 1985 154 158 1986 1986 153 156 1987 1987 168 178 1988 1988 146 157 1989 1989 161 179 1990 1990 162 181 1991 1991 173 173 1992 1992 188 195 1993 1993 189 182 1994 1994 167 176 1995 1995 166 174 1996 1996 181 183 1997 1997 167 176 1998 1998 182 184 1999 1999 183 186 2000 2000 169 180 2001 2001 168 178 2002 2002 183 186 2003 2003 161 179 2004 2004 176 208 2005 2005 177 188 2006 2006 169 180 2007 2007 184 187 2008 2008 185 189 2009 2009 163 168 2010 2010 162 181 2011 2011 177 188 2012 2012 170 167 2013 2013 185 189 2014 2014 186 191 2015 2015 163 168 2016 2016 178 190 2017 2017 179 192 2018 2018 172 171 2019 2019 171 169 2020 2020 186 191 2021 2021 164 170 2022 2022 179 192 2023 2023 180 194 2024 2024 173 173 2025 2025 172 171 2026 2026 187 193 2027 2027 165 172 2028 2028 180 194 2029 2029 181 183 2030 2030 185 189 2031 2031 200 211 2032 2032 201 196 2033 2033 179 192 2034 2034 178 190 2035 2035 193 197 2036 2036 186 191 2037 2037 201 196 2038 2038 202 199 2039 2039 179 192 2040 2040 194 198 2041 2041 195 200 2042 2042 187 193 2043 2043 202 199 2044 2044 203 201 2045 2045 180 194 2046 2046 195 200 2047 2047 196 202 2048 2048 188 195 2049 2049 203 201 2050 2050 204 203 2051 2051 182 184 2052 2052 181 183 2053 2053 196 202 2054 2054 182 184 2055 2055 197 204 2056 2056 198 206 2057 2057 175 185 2058 2058 190 205 2059 2059 191 207 2060 2060 183 186 2061 2061 198 206 2062 2062 199 209 2063 2063 176 208 2064 2064 191 207 2065 2065 192 210 2066 2066 184 187 2067 2067 199 209 2068 2068 200 211 2069 2069 177 188 2070 2070 192 210 2071 2071 193 197 2072 2072 197 204 2073 2073 212 229 2074 2074 213 214 2075 2075 190 205 2076 2076 205 212 2077 2077 206 215 2078 2078 198 206 2079 2079 213 214 2080 2080 214 216 2081 2081 191 207 2082 2082 206 215 2083 2083 207 217 2084 2084 199 209 2085 2085 214 216 2086 2086 215 218 2087 2087 192 210 2088 2088 207 217 2089 2089 208 219 2090 2090 200 211 2091 2091 215 218 2092 2092 216 220 2093 2093 193 197 2094 2094 208 219 2095 2095 209 221 2096 2096 202 199 2097 2097 201 196 2098 2098 216 220 2099 2099 194 198 2100 2100 209 221 2101 2101 210 223 2102 2102 202 199 2103 2103 217 222 2104 2104 218 224 2105 2105 196 202 2106 2106 195 200 2107 2107 210 223 2108 2108 219 213 2109 2109 203 201 2110 2110 218 224 2111 2111 197 204 2112 2112 196 202 2113 2113 211 225 2114 2114 209 221 2115 2115 208 219 2116 2116 223 230 2117 2117 217 222 2118 2118 216 220 2119 2119 231 232 2120 2120 209 221 2121 2121 224 231 2122 2122 225 234 2123 2123 217 222 2124 2124 232 233 2125 2125 233 235 2126 2126 211 225 2127 2127 210 223 2128 2128 225 234 2129 2129 219 213 2130 2130 218 224 2131 2131 233 235 2132 2132 212 229 2133 2133 211 225 2134 2134 226 236 2135 2135 212 229 2136 2136 227 238 2137 2137 228 240 2138 2138 205 212 2139 2139 220 239 2140 2140 221 241 2141 2141 214 216 2142 2142 213 214 2143 2143 228 240 2144 2144 206 215 2145 2145 221 241 2146 2146 222 243 2147 2147 214 216 2148 2148 229 242 2149 2149 230 244 2150 2150 207 217 2151 2151 222 243 2152 2152 223 230 2153 2153 215 218 2154 2154 230 244 2155 2155 231 232 2156 2156 227 238 2157 2157 242 259 2158 2158 243 245 2159 2159 221 241 2160 2160 220 239 2161 2161 235 246 2162 2162 229 242 2163 2163 228 240 2164 2164 243 245 2165 2165 221 241 2166 2166 236 247 2167 2167 237 249 2168 2168 229 242 2169 2169 244 248 2170 2170 245 250 2171 2171 222 243 2172 2172 237 249 2173 2173 238 251 2174 2174 230 244 2175 2175 245 250 2176 2176 246 252 2177 2177 224 231 2178 2178 223 230 2179 2179 238 251 2180 2180 232 233 2181 2181 231 232 2182 2182 246 252 2183 2183 224 231 2184 2184 239 253 2185 2185 240 255 2186 2186 232 233 2187 2187 247 254 2188 2188 248 256 2189 2189 225 234 2190 2190 240 255 2191 2191 241 257 2192 2192 234 237 2193 2193 233 235 2194 2194 248 256 2195 2195 227 238 2196 2196 226 236 2197 2197 241 257 2198 2198 247 254 2199 2199 246 252 2200 2200 261 260 2201 2201 239 253 2202 2202 254 274 2203 2203 255 262 2204 2204 247 254 2205 2205 262 261 2206 2206 263 263 2207 2207 241 257 2208 2208 240 255 2209 2209 255 262 2210 2210 248 256 2211 2211 263 263 2212 2212 264 265 2213 2213 242 259 2214 2214 241 257 2215 2215 256 264 2216 2216 242 259 2217 2217 257 266 2218 2218 258 268 2219 2219 235 246 2220 2220 250 267 2221 2221 251 269 2222 2222 244 248 2223 2223 243 245 2224 2224 258 268 2225 2225 236 247 2226 2226 251 269 2227 2227 252 271 2228 2228 244 248 2229 2229 259 270 2230 2230 260 272 2231 2231 237 249 2232 2232 252 271 2233 2233 253 273 2234 2234 245 250 2235 2235 260 272 2236 2236 261 260 2237 2237 238 251 2238 2238 253 273 2239 2239 254 274 2240 2240 250 267 2241 2241 265 288 2242 2242 266 275 2243 2243 258 268 2244 2244 273 289 2245 2245 274 276 2246 2246 251 269 2247 2247 266 275 2248 2248 267 277 2249 2249 259 270 2250 2250 274 276 2251 2251 275 278 2252 2252 252 271 2253 2253 267 277 2254 2254 268 279 2255 2255 260 272 2256 2256 275 278 2257 2257 276 280 2258 2258 253 273 2259 2259 268 279 2260 2260 269 281 2261 2261 262 261 2262 2262 261 260 2263 2263 276 280 2264 2264 254 274 2265 2265 269 281 2266 2266 270 283 2267 2267 262 261 2268 2268 277 282 2269 2269 278 284 2270 2270 256 264 2271 2271 255 262 2272 2272 270 283 2273 2273 263 263 2274 2274 278 284 2275 2275 279 286 2276 2276 257 266 2277 2277 256 264 2278 2278 271 285 2279 2279 257 266 2280 2280 272 287 2281 2281 273 289 2282 2282 269 281 2283 2283 284 303 2284 2284 285 290 2285 2285 277 282 2286 2286 292 304 2287 2287 293 291 2288 2288 271 285 2289 2289 270 283 2290 2290 285 290 2291 2291 279 286 2292 2292 278 284 2293 2293 293 291 2294 2294 272 287 2295 2295 271 285 2296 2296 286 292 2297 2297 272 287 2298 2298 287 294 2299 2299 288 296 2300 2300 265 288 2301 2301 280 295 2302 2302 281 297 2303 2303 273 289 2304 2304 288 296 2305 2305 289 298 2306 2306 266 275 2307 2307 281 297 2308 2308 282 299 2309 2309 274 276 2310 2310 289 298 2311 2311 290 300 2312 2312 267 277 2313 2313 282 299 2314 2314 283 301 2315 2315 275 278 2316 2316 290 300 2317 2317 291 302 2318 2318 268 279 2319 2319 283 301 2320 2320 284 303 2321 2321 277 282 2322 2322 276 280 2323 2323 291 302 2324 2324 289 298 2325 2325 288 296 2326 2326 303 305 2327 2327 281 297 2328 2328 296 319 2329 2329 297 307 2330 2330 289 298 2331 2331 304 306 2332 2332 305 308 2333 2333 282 299 2334 2334 297 307 2335 2335 298 309 2336 2336 290 300 2337 2337 305 308 2338 2338 306 310 2339 2339 284 303 2340 2340 283 301 2341 2341 298 309 2342 2342 292 304 2343 2343 291 302 2344 2344 306 310 2345 2345 285 290 2346 2346 284 303 2347 2347 299 311 2348 2348 292 304 2349 2349 307 312 2350 2350 308 314 2351 2351 286 292 2352 2352 285 290 2353 2353 300 313 2354 2354 293 291 2355 2355 308 314 2356 2356 309 316 2357 2357 287 294 2358 2358 286 292 2359 2359 301 315 2360 2360 287 294 2361 2361 302 317 2362 2362 303 305 2363 2363 281 297 2364 2364 280 295 2365 2365 295 318 2366 2366 307 312 2367 2367 322 333 2368 2368 323 320 2369 2369 300 313 2370 2370 315 334 2371 2371 316 321 2372 2372 308 314 2373 2373 323 320 2374 2374 324 322 2375 2375 302 317 2376 2376 301 315 2377 2377 316 321 2378 2378 302 317 2379 2379 317 323 2380 2380 318 325 2381 2381 295 318 2382 2382 310 324 2383 2383 311 326 2384 2384 304 306 2385 2385 303 305 2386 2386 318 325 2387 2387 297 307 2388 2388 296 319 2389 2389 311 326 2390 2390 304 306 2391 2391 319 327 2392 2392 320 329 2393 2393 297 307 2394 2394 312 328 2395 2395 313 330 2396 2396 305 308 2397 2397 320 329 2398 2398 321 331 2399 2399 299 311 2400 2400 298 309 2401 2401 313 330 2402 2402 307 312 2403 2403 306 310 2404 2404 321 331 2405 2405 300 313 2406 2406 299 311 2407 2407 314 332 2408 2408 319 327 2409 2409 335 348 2410 2410 336 335 2411 2411 312 328 2412 2412 328 349 2413 2413 329 336 2414 2414 320 329 2415 2415 336 335 2416 2416 337 337 2417 2417 313 330 2418 2418 329 336 2419 2419 330 338 2420 2420 322 333 2421 2421 321 331 2422 2422 337 337 2423 2423 314 332 2424 2424 330 338 2425 2425 331 340 2426 2426 322 333 2427 2427 338 339 2428 2428 339 341 2429 2429 315 334 2430 2430 331 340 2431 2431 332 342 2432 2432 323 320 2433 2433 339 341 2434 2434 340 343 2435 2435 317 323 2436 2436 316 321 2437 2437 332 342 2438 2438 317 323 2439 2439 333 344 2440 2440 334 346 2441 2441 310 324 2442 2442 326 345 2443 2443 327 347 2444 2444 319 327 2445 2445 318 325 2446 2446 334 346 2447 2447 311 326 2448 2448 327 347 2449 2449 328 349 2450 2450 340 343 2451 2451 339 341 2452 2452 354 350 2453 2453 333 344 2454 2454 332 342 2455 2455 347 352 2456 2456 333 344 2457 2457 348 353 2458 2458 349 355 2459 2459 326 345 2460 2460 341 354 2461 2461 342 356 2462 2462 335 348 2463 2463 334 346 2464 2464 349 355 2465 2465 327 347 2466 2466 342 356 2467 2467 343 358 2468 2468 335 348 2469 2469 350 357 2470 2470 351 359 2471 2471 328 349 2472 2472 343 358 2473 2473 344 360 2474 2474 337 337 2475 2475 336 335 2476 2476 351 359 2477 2477 330 338 2478 2478 329 336 2479 2479 344 360 2480 2480 338 339 2481 2481 337 337 2482 2482 352 361 2483 2483 331 340 2484 2484 330 338 2485 2485 345 362 2486 2486 338 339 2487 2487 353 363 2488 2488 354 350 2489 2489 332 342 2490 2490 331 340 2491 2491 346 364 2492 2492 343 358 2493 2493 358 377 2494 2494 359 365 2495 2495 351 359 2496 2496 366 378 2497 2497 367 366 2498 2498 344 360 2499 2499 359 365 2500 2500 360 367 2501 2501 353 363 2502 2502 352 361 2503 2503 367 366 2504 2504 346 364 2505 2505 345 362 2506 2506 360 367 2507 2507 353 363 2508 2508 368 368 2509 2509 369 370 2510 2510 346 364 2511 2511 361 369 2512 2512 362 371 2513 2513 355 351 2514 2514 354 350 2515 2515 369 370 2516 2516 348 353 2517 2517 347 352 2518 2518 362 371 2519 2519 348 353 2520 2520 363 373 2521 2521 364 375 2522 2522 342 356 2523 2523 356 374 2524 2524 357 385 2525 2525 350 357 2526 2526 349 355 2527 2527 364 375 2528 2528 342 356 2529 2529 357 385 2530 2530 358 377 2531 2531 350 357 2532 2532 365 376 2533 2533 366 378 2534 2534 363 373 2535 2535 362 371 2536 2536 377 379 2537 2537 363 373 2538 2538 378 380 2539 2539 379 383 2540 2540 356 374 2541 2541 371 381 2542 2542 372 384 2543 2543 365 376 2544 2544 364 375 2545 2545 379 383 2546 2546 357 385 2547 2547 372 384 2548 2548 373 387 2549 2549 365 376 2550 2550 380 386 2551 2551 381 388 2552 2552 358 377 2553 2553 373 387 2554 2554 374 389 2555 2555 366 378 2556 2556 381 388 2557 2557 382 390 2558 2558 359 365 2559 2559 374 389 2560 2560 375 391 2561 2561 368 368 2562 2562 367 366 2563 2563 382 390 2564 2564 360 367 2565 2565 375 391 2566 2566 376 393 2567 2567 368 368 2568 2568 383 392 2569 2569 384 394 2570 2570 361 369 2571 2571 376 393 2572 2572 377 379 2573 2573 370 372 2574 2574 369 370 2575 2575 384 394 2576 2576 381 388 2577 2577 396 407 2578 2578 397 395 2579 2579 375 391 2580 2580 374 389 2581 2581 389 396 2582 2582 383 392 2583 2583 382 390 2584 2584 397 395 2585 2585 376 393 2586 2586 375 391 2587 2587 390 397 2588 2588 383 392 2589 2589 398 398 2590 2590 399 226 2591 2591 376 393 2592 2592 391 399 2593 2593 392 400 2594 2594 384 394 2595 2595 399 226 2596 2596 400 228 2597 2597 378 380 2598 2598 377 379 2599 2599 392 400 2600 2600 378 380 2601 2601 393 401 2602 2602 394 403 2603 2603 371 381 2604 2604 386 402 2605 2605 387 404 2606 2606 380 386 2607 2607 379 383 2608 2608 394 403 2609 2609 372 384 2610 2610 387 404 2611 2611 388 406 2612 2612 380 386 2613 2613 395 405 2614 2614 396 407 2615 2615 373 387 2616 2616 388 406 2617 2617 389 396 2618 2618 393 401 2619 2619 408 424 2620 2620 409 410 2621 2621 386 402 2622 2622 401 408 2623 2623 402 411 2624 2624 395 405 2625 2625 394 403 2626 2626 409 410 2627 2627 387 404 2628 2628 402 411 2629 2629 403 413 2630 2630 395 405 2631 2631 410 412 2632 2632 411 414 2633 2633 388 406 2634 2634 403 413 2635 2635 404 415 2636 2636 396 407 2637 2637 411 414 2638 2638 412 416 2639 2639 390 397 2640 2640 389 396 2641 2641 404 415 2642 2642 397 395 2643 2643 412 416 2644 2644 413 418 2645 2645 390 397 2646 2646 405 417 2647 2647 406 419 2648 2648 398 398 2649 2649 413 418 2650 2650 414 227 2651 2651 391 399 2652 2652 406 419 2653 2653 407 420 2654 2654 400 228 2655 2655 414 227 2656 2656 415 409 2657 2657 393 401 2658 2658 392 400 2659 2659 407 420 2660 2660 404 415 2661 2661 419 439 2662 2662 420 425 2663 2663 413 418 2664 2664 412 416 2665 2665 427 426 2666 2666 405 417 2667 2667 420 425 2668 2668 421 428 2669 2669 414 227 2670 2670 413 418 2671 2671 428 427 2672 2672 407 420 2673 2673 406 419 2674 2674 421 428 2675 2675 415 409 2676 2676 414 227 2677 2677 429 429 2678 2678 408 424 2679 2679 407 420 2680 2680 422 430 2681 2681 408 424 2682 2682 423 432 2683 2683 424 434 2684 2684 401 408 2685 2685 416 433 2686 2686 417 435 2687 2687 409 410 2688 2688 424 434 2689 2689 425 436 2690 2690 402 411 2691 2691 417 435 2692 2692 418 437 2693 2693 410 412 2694 2694 425 436 2695 2695 426 438 2696 2696 403 413 2697 2697 418 437 2698 2698 419 439 2699 2699 411 414 2700 2700 426 438 2701 2701 427 426 2702 2702 423 432 2703 2703 438 454 2704 2704 439 440 2705 2705 417 435 2706 2706 416 433 2707 2707 431 441 2708 2708 424 434 2709 2709 439 440 2710 2710 440 443 2711 2711 417 435 2712 2712 432 442 2713 2713 433 444 2714 2714 425 436 2715 2715 440 443 2716 2716 441 445 2717 2717 418 437 2718 2718 433 444 2719 2719 434 446 2720 2720 426 438 2721 2721 441 445 2722 2722 442 447 2723 2723 419 439 2724 2724 434 446 2725 2725 435 448 2726 2726 428 427 2727 2727 427 426 2728 2728 442 447 2729 2729 421 428 2730 2730 420 425 2731 2731 435 448 2732 2732 428 427 2733 2733 443 449 2734 2734 444 451 2735 2735 422 430 2736 2736 421 428 2737 2737 436 450 2738 2738 430 431 2739 2739 429 429 2740 2740 444 451 2741 2741 423 432 2742 2742 422 430 2743 2743 437 452 2744 2744 443 449 2745 2745 442 447 2746 2746 457 455 2747 2747 435 448 2748 2748 450 467 2749 2749 451 457 2750 2750 443 449 2751 2751 458 456 2752 2752 459 421 2753 2753 436 450 2754 2754 451 457 2755 2755 452 458 2756 2756 444 451 2757 2757 459 421 2758 2758 460 423 2759 2759 438 454 2760 2760 437 452 2761 2761 452 458 2762 2762 438 454 2763 2763 453 459 2764 2764 454 461 2765 2765 432 442 2766 2766 431 441 2767 2767 446 460 2768 2768 439 440 2769 2769 454 461 2770 2770 455 463 2771 2771 432 442 2772 2772 447 462 2773 2773 448 464 2774 2774 440 443 2775 2775 455 463 2776 2776 456 465 2777 2777 433 444 2778 2778 448 464 2779 2779 449 466 2780 2780 442 447 2781 2781 441 445 2782 2782 456 465 2783 2783 434 446 2784 2784 449 466 2785 2785 450 467 2786 2786 454 461 2787 2787 469 480 2788 2788 470 468 2789 2789 447 462 2790 2790 462 481 2791 2791 463 469 2792 2792 455 463 2793 2793 470 468 2794 2794 471 470 2795 2795 449 466 2796 2796 448 464 2797 2797 463 469 2798 2798 456 465 2799 2799 471 470 2800 2800 472 472 2801 2801 450 467 2802 2802 449 466 2803 2803 464 471 2804 2804 458 456 2805 2805 457 455 2806 2806 472 472 2807 2807 450 467 2808 2808 465 473 2809 2809 466 475 2810 2810 458 456 2811 2811 473 474 2812 2812 474 422 2813 2813 452 458 2814 2814 451 457 2815 2815 466 475 2816 2816 460 423 2817 2817 474 422 2818 2818 475 479 2819 2819 453 459 2820 2820 452 458 2821 2821 467 476 2822 2822 453 459 2823 2823 468 477 2824 2824 469 480 2825 2825 447 462 2826 2826 446 460 2827 2827 461 478 2828 2828 473 474 2829 2829 9 3 2830 2830 479 5 2831 2831 467 476 2832 2832 466 475 2833 2833 5 2 2834 2834 474 422 2835 2835 479 5 2836 2836 480 9 2837 2837 468 477 2838 2838 467 476 2839 2839 6 7 2840 2840 468 477 2841 2841 476 10 2842 2842 477 17 2843 2843 462 481 2844 2844 461 478 2845 2845 0 12 2846 2846 469 480 2847 2847 477 17 2848 2848 478 21 2849 2849 463 469 2850 2850 462 481 2851 2851 1 19 2852 2852 470 468 2853 2853 478 21 2854 2854 7 25 2855 2855 464 471 2856 2856 463 469 2857 2857 2 23 2858 2858 471 470 2859 2859 7 25 2860 2860 8 29 2861 2861 465 473 2862 2862 464 471 2863 2863 3 27 2864 2864 472 472 2865 2865 8 29 2866 2866 9 3 2867 2867 466 475 2868 2868 465 473 2869 2869 4 0 2870 2870 341 354 2871 2871 356 374 2872 2872 342 356 2873 2873 204 203 2874 2874 203 201 2875 2875 219 213 2876 2876 175 185 2877 2877 176 208 2878 2878 161 179 2879 2879</p>
        </triangles>
      </mesh>
    </geometry>
  </library_geometries>
  <library_visual_scenes>
    <visual_scene id="Scene" name="Scene">
      <node id="base00" name="base00" type="NODE">
        <matrix sid="transform">1 0 0 0 0 1 0 0 0 0 1 0 0 0 0 1</matrix>
        <node id="start01" name="start01" type="NODE">
          <matrix sid="transform">1 0 0 0 0 1 0 0 0 0 1 0 0 0 0 1</matrix>
          <node id="Egg01" name="Egg01" type="NODE">
            <matrix sid="transform">1 0 0 0 0 1 1.62921e-7 0 0 -1.62921e-7 1 0 0 0 0 1</matrix>
            <instance_geometry url="#Sphere_010-mesh" name="Egg01">
              <bind_material>
                <technique_common>
                  <instance_material symbol="egg01-material" target="#egg01-material">
                    <bind_vertex_input semantic="UVMap" input_semantic="TEXCOORD" input_set="0"/>
                  </instance_material>
                  <instance_material symbol="egg02-material" target="#egg02-material">
                    <bind_vertex_input semantic="UVMap" input_semantic="TEXCOORD" input_set="0"/>
                  </instance_material>
                  <instance_material symbol="egg03-material" target="#egg03-material">
                    <bind_vertex_input semantic="UVMap" input_semantic="TEXCOORD" input_set="0"/>
                  </instance_material>
                  <instance_material symbol="egg04-material" target="#egg04-material">
                    <bind_vertex_input semantic="UVMap" input_semantic="TEXCOORD" input_set="0"/>
                  </instance_material>
                  <instance_material symbol="egg05-material" target="#egg05-material">
                    <bind_vertex_input semantic="UVMap" input_semantic="TEXCOORD" input_set="0"/>
                  </instance_material>
                  <instance_material symbol="egg06-material" target="#egg06-material">
                    <bind_vertex_input semantic="UVMap" input_semantic="TEXCOORD" input_set="0"/>
                  </instance_material>
                  <instance_material symbol="egg07-material" target="#egg07-material">
                    <bind_vertex_input semantic="UVMap" input_semantic="TEXCOORD" input_set="0"/>
                  </instance_material>
                  <instance_material symbol="egg08-material" target="#egg08-material">
                    <bind_vertex_input semantic="UVMap" input_semantic="TEXCOORD" input_set="0"/>
                  </instance_material>
                  <instance_material symbol="egg09-material" target="#egg09-material">
                    <bind_vertex_input semantic="UVMap" input_semantic="TEXCOORD" input_set="0"/>
                  </instance_material>
                  <instance_material symbol="egg10-material" target="#egg10-material">
                    <bind_vertex_input semantic="UVMap" input_semantic="TEXCOORD" input_set="0"/>
                  </instance_material>
                </technique_common>
              </bind_material>
            </instance_geometry>
          </node>
          <node id="Colmesh-1" name="Colmesh-1" type="NODE">
            <matrix sid="transform">1 0 0 0 0 1 1.62921e-7 0 0 -1.62921e-7 1 0 0 0 0 1</matrix>
            <instance_geometry url="#Sphere_002-mesh" name="Colmesh-1">
              <bind_material>
                <technique_common>
                  <instance_material symbol="Mat01_002-material" target="#Mat01_002-material">
                    <bind_vertex_input semantic="UVMap" input_semantic="TEXCOORD" input_set="0"/>
                  </instance_material>
                  <instance_material symbol="Mat02_002-material" target="#Mat02_002-material">
                    <bind_vertex_input semantic="UVMap" input_semantic="TEXCOORD" input_set="0"/>
                  </instance_material>
                  <instance_material symbol="Mat03_002-material" target="#Mat03_002-material">
                    <bind_vertex_input semantic="UVMap" input_semantic="TEXCOORD" input_set="0"/>
                  </instance_material>
                  <instance_material symbol="Mat04_002-material" target="#Mat04_002-material">
                    <bind_vertex_input semantic="UVMap" input_semantic="TEXCOORD" input_set="0"/>
                  </instance_material>
                  <instance_material symbol="Mat05_002-material" target="#Mat05_002-material">
                    <bind_vertex_input semantic="UVMap" input_semantic="TEXCOORD" input_set="0"/>
                  </instance_material>
                  <instance_material symbol="Mat06_002-material" target="#Mat06_002-material">
                    <bind_vertex_input semantic="UVMap" input_semantic="TEXCOORD" input_set="0"/>
                  </instance_material>
                  <instance_material symbol="Mat07_002-material" target="#Mat07_002-material">
                    <bind_vertex_input semantic="UVMap" input_semantic="TEXCOORD" input_set="0"/>
                  </instance_material>
                  <instance_material symbol="Mat08_002-material" target="#Mat08_002-material">
                    <bind_vertex_input semantic="UVMap" input_semantic="TEXCOORD" input_set="0"/>
                  </instance_material>
                  <instance_material symbol="Mat09_002-material" target="#Mat09_002-material">
                    <bind_vertex_input semantic="UVMap" input_semantic="TEXCOORD" input_set="0"/>
                  </instance_material>
                  <instance_material symbol="Mat10_002-material" target="#Mat10_002-material">
                    <bind_vertex_input semantic="UVMap" input_semantic="TEXCOORD" input_set="0"/>
                  </instance_material>
                </technique_common>
              </bind_material>
            </instance_geometry>
          </node>
        </node>
      </node>
    </visual_scene>
  </library_visual_scenes>
  <scene>
    <instance_visual_scene url="#Scene"/>
  </scene>
</COLLADA>